[2026-08-18 04:25:24Z INFO HostContext] No proxy settings were found based on environmental variables (http_proxy/https_proxy/HTTP_PROXY/HTTPS_PROXY)
[2026-08-18 04:25:25Z INFO HostContext] Well known directory 'Bin': 'E:\devops\Complete Terraform\terraform\terraform 15AUG\terraform15Aug\actions-runner\bin'
[2026-08-18 04:25:25Z INFO HostContext] Well known directory 'Root': 'E:\devops\Complete Terraform\terraform\terraform 15AUG\terraform15Aug\actions-runner'
[2026-08-18 04:25:25Z INFO HostContext] Well known config file 'Credentials': 'E:\devops\Complete Terraform\terraform\terraform 15AUG\terraform15Aug\actions-runner\.credentials'
[2026-08-18 04:25:25Z INFO HostContext] Well known directory 'Bin': 'E:\devops\Complete Terraform\terraform\terraform 15AUG\terraform15Aug\actions-runner\bin'
[2026-08-18 04:25:25Z INFO HostContext] Well known directory 'Root': 'E:\devops\Complete Terraform\terraform\terraform 15AUG\terraform15Aug\actions-runner'
[2026-08-18 04:25:25Z INFO HostContext] Well known config file 'Runner': 'E:\devops\Complete Terraform\terraform\terraform 15AUG\terraform15Aug\actions-runner\.runner'
[2026-08-18 04:25:25Z INFO Worker] Version: 2.336.0
[2026-08-18 04:25:25Z INFO Worker] Commit: 98aabcd429c4e8402406c56ce2d26387fed3b9ce
[2026-08-18 04:25:25Z INFO Worker] Culture: en-IN
[2026-08-18 04:25:25Z INFO Worker] UI Culture: en-US
[2026-08-18 04:25:25Z INFO Worker] Waiting to receive the job message from the channel.
[2026-08-18 04:25:25Z INFO ProcessChannel] Receiving message of length 46905, with hash 'bac020231b5ed3eabd567c52441b830725ab22ea7bb61408ec4dfd23076fa718'
[2026-08-18 04:25:25Z INFO Worker] Message received.
[2026-08-18 04:25:25Z INFO Worker] Job message:
 {
  "environmentVariables": [
    {
      "type": 2,
      "file": 1,
      "line": 17,
      "col": 3,
      "map": [
        {
          "key": {
            "type": 0,
            "file": 1,
            "line": 17,
            "col": 3,
            "lit": "TF_WORKING_DIR"
          },
          "value": {
            "type": 0,
            "file": 1,
            "line": 17,
            "col": 19,
            "lit": "./prod_parent_module"
          }
        },
        {
          "key": {
            "type": 0,
            "file": 1,
            "line": 18,
            "col": 3,
            "lit": "ARM_USE_OIDC"
          },
          "value": {
            "type": 0,
            "file": 1,
            "line": 18,
            "col": 17,
            "lit": "true"
          }
        }
      ]
    }
  ],
  "fileTable": [
    ".github/workflows/CI.yml"
  ],
  "mask": [
    {
      "type": "regex",
      "value": "***"
    },
    {
      "type": "regex",
      "value": "***"
    },
    {
      "type": "regex",
      "value": "***"
    },
    {
      "type": "regex",
      "value": "***"
    },
    {
      "type": "regex",
      "value": "***"
    },
    {
      "type": "regex",
      "value": "***"
    },
    {
      "type": "regex",
      "value": "***"
    },
    {
      "type": "regex",
      "value": "***"
    },
    {
      "type": "regex",
      "value": "***"
    },
    {
      "type": "regex",
      "value": "***"
    },
    {
      "type": "regex",
      "value": "***"
    },
    {
      "type": "regex",
      "value": "***"
    },
    {
      "type": "regex",
      "value": "***"
    },
    {
      "type": "regex",
      "value": "***"
    },
    {
      "type": "regex",
      "value": "***"
    },
    {
      "type": "regex",
      "value": "***"
    },
    {
      "type": "regex",
      "value": "***"
    },
    {
      "type": "regex",
      "value": "***"
    },
    {
      "type": "regex",
      "value": "***"
    },
    {
      "type": "regex",
      "value": "***"
    },
    {
      "type": "regex",
      "value": "***"
    },
    {
      "type": "regex",
      "value": "***"
    },
    {
      "type": "regex",
      "value": "***"
    }
  ],
  "steps": [
    {
      "type": "action",
      "reference": {
        "type": "repository",
        "name": "actions/checkout",
        "ref": "v4",
        "repositoryType": "GitHub"
      },
      "displayNameToken": {
        "type": 0,
        "file": 1,
        "line": 31,
        "col": 15,
        "lit": "Checkout Code"
      },
      "contextName": "__actions_checkout",
      "inputs": {
        "type": 2,
        "file": 1,
        "line": 34,
        "col": 11,
        "map": [
          {
            "key": {
              "type": 0,
              "file": 1,
              "line": 34,
              "col": 11,
              "lit": "fetch-depth"
            },
            "value": {
              "type": 0,
              "file": 1,
              "line": 34,
              "col": 24,
              "lit": "0"
            }
          }
        ]
      },
      "condition": "success()",
      "id": "9c00adc5-8997-4e03-a333-c7a9d71a56d4",
      "name": "__actions_checkout"
    },
    {
      "type": "action",
      "reference": {
        "type": "repository",
        "name": "hashicorp/setup-terraform",
        "ref": "v3",
        "repositoryType": "GitHub"
      },
      "displayNameToken": {
        "type": 0,
        "file": 1,
        "line": 36,
        "col": 15,
        "lit": "Setup Terraform"
      },
      "contextName": "__hashicorp_setup-terraform",
      "condition": "success()",
      "id": "35e15a2d-a3bc-4a0d-9887-b9b07110e35e",
      "name": "__hashicorp_setup-terraform"
    },
    {
      "type": "action",
      "reference": {
        "type": "script"
      },
      "displayNameToken": {
        "type": 0,
        "file": 1,
        "line": 39,
        "col": 15,
        "lit": "Terraform Format Check"
      },
      "contextName": "__run",
      "inputs": {
        "type": 2,
        "map": [
          {
            "key": "script",
            "value": {
              "type": 0,
              "file": 1,
              "line": 41,
              "col": 14,
              "lit": "terraform fmt -check -recursive"
            }
          },
          {
            "key": "workingDirectory",
            "value": {
              "type": 3,
              "file": 1,
              "line": 40,
              "col": 28,
              "expr": "env.TF_WORKING_DIR"
            }
          }
        ]
      },
      "condition": "success()",
      "id": "7ab87e4f-211d-4922-86dd-72b3209dc6d7",
      "name": "__run"
    },
    {
      "type": "action",
      "reference": {
        "type": "script"
      },
      "displayNameToken": {
        "type": 0,
        "file": 1,
        "line": 43,
        "col": 15,
        "lit": "Terraform Init"
      },
      "contextName": "__run_2",
      "inputs": {
        "type": 2,
        "map": [
          {
            "key": "script",
            "value": {
              "type": 0,
              "file": 1,
              "line": 45,
              "col": 14,
              "lit": "terraform init -backend=false"
            }
          },
          {
            "key": "workingDirectory",
            "value": {
              "type": 3,
              "file": 1,
              "line": 44,
              "col": 28,
              "expr": "env.TF_WORKING_DIR"
            }
          }
        ]
      },
      "condition": "success()",
      "id": "ba4bdfef-944f-44a8-bdd8-865a17fcd04b",
      "name": "__run_2"
    },
    {
      "type": "action",
      "reference": {
        "type": "script"
      },
      "displayNameToken": {
        "type": 0,
        "file": 1,
        "line": 47,
        "col": 15,
        "lit": "Terraform Validate"
      },
      "contextName": "__run_3",
      "inputs": {
        "type": 2,
        "map": [
          {
            "key": "script",
            "value": {
              "type": 0,
              "file": 1,
              "line": 49,
              "col": 14,
              "lit": "terraform validate"
            }
          },
          {
            "key": "workingDirectory",
            "value": {
              "type": 3,
              "file": 1,
              "line": 48,
              "col": 28,
              "expr": "env.TF_WORKING_DIR"
            }
          }
        ]
      },
      "condition": "success()",
      "id": "cc8a3a7f-ef20-4e77-afb8-938930fc332a",
      "name": "__run_3"
    },
    {
      "type": "action",
      "reference": {
        "type": "script"
      },
      "displayNameToken": {
        "type": 0,
        "file": 1,
        "line": 54,
        "col": 15,
        "lit": "Install Gitleaks"
      },
      "contextName": "__run_4",
      "inputs": {
        "type": 2,
        "map": [
          {
            "key": "script",
            "value": {
              "type": 0,
              "file": 1,
              "line": 55,
              "col": 14,
              "lit": "sudo apt-get update\nsudo apt-get install -y gitleaks\n"
            }
          }
        ]
      },
      "condition": "success()",
      "id": "62842c90-e9c1-4231-ad04-47c98d3c97dc",
      "name": "__run_4"
    },
    {
      "type": "action",
      "reference": {
        "type": "script"
      },
      "displayNameToken": {
        "type": 0,
        "file": 1,
        "line": 59,
        "col": 15,
        "lit": "Gitleaks Scan"
      },
      "contextName": "__run_5",
      "inputs": {
        "type": 2,
        "map": [
          {
            "key": "script",
            "value": {
              "type": 0,
              "file": 1,
              "line": 60,
              "col": 14,
              "lit": "gitleaks detect \\\n  --source . \\\n  --no-banner \\\n  --redact\n"
            }
          }
        ]
      },
      "condition": "success()",
      "id": "01e565cf-4498-47af-852f-4affdc30e3bb",
      "name": "__run_5"
    }
  ],
  "variables": {
    "Actions.EnableHttpRedirects": {
      "value": "true"
    },
    "DistributedTask.AddWarningToNode12Action": {
      "value": "true"
    },
    "DistributedTask.AddWarningToNode16Action": {
      "value": "true"
    },
    "DistributedTask.AllowRunnerContainerHooks": {
      "value": "true"
    },
    "DistributedTask.DeprecateStepOutputCommands": {
      "value": "true"
    },
    "DistributedTask.DetailUntarFailure": {
      "value": "true"
    },
    "DistributedTask.EnableCompositeActions": {
      "value": "true"
    },
    "DistributedTask.EnableJobServerQueueTelemetry": {
      "value": "true"
    },
    "DistributedTask.EnhancedAnnotations": {
      "value": "true"
    },
    "DistributedTask.ForceGithubJavascriptActionsToNode16": {
      "value": "true"
    },
    "DistributedTask.ForceGithubJavascriptActionsToNode20": {
      "value": "true"
    },
    "DistributedTask.LogTemplateErrorsAsDebugMessages": {
      "value": "true"
    },
    "DistributedTask.MarkJobAsFailedOnWorkerCrash": {
      "value": "true"
    },
    "DistributedTask.NewActionMetadata": {
      "value": "true"
    },
    "DistributedTask.UploadStepSummary": {
      "value": "true"
    },
    "DistributedTask.UseActionArchiveCache": {
      "value": "true"
    },
    "DistributedTask.UseWhich2": {
      "value": "true"
    },
    "RunService.FixEmbeddedIssues": {
      "value": "true"
    },
    "actions.runner.requirenode24": {
      "value": "false"
    },
    "actions.runner.usenode24bydefault": {
      "value": "true"
    },
    "actions.runner.warnonnode20": {
      "value": "true"
    },
    "actions_add_check_run_id_to_job_context": {
      "value": "true"
    },
    "actions_batch_action_resolution": {
      "value": "false"
    },
    "actions_container_action_runner_temp": {
      "value": "true"
    },
    "actions_display_helpful_actions_download_errors": {
      "value": "true"
    },
    "actions_runner_allow_artifacts_file": {
      "value": "false"
    },
    "actions_runner_compare_workflow_parser": {
      "value": "false"
    },
    "actions_runner_deprecate_linux_arm32": {
      "value": "true"
    },
    "actions_runner_emit_composite_markers": {
      "value": "true"
    },
    "actions_runner_kill_linux_arm32": {
      "value": "false"
    },
    "actions_runner_node20_removal_date": {
      "value": ""
    },
    "actions_runner_node24_default_date": {
      "value": "June 16th, 2026"
    },
    "actions_self_repository": {
      "value": "true"
    },
    "actions_service_container_command": {
      "value": "true"
    },
    "actions_set_orchestration_id_env_for_actions": {
      "value": "true"
    },
    "actions_skip_retry_complete_job_upon_known_errors": {
      "value": "true"
    },
    "actions_snapshot_preflight_hosted_runner_check": {
      "value": "false"
    },
    "actions_snapshot_preflight_image_gen_pool_check": {
      "value": "false"
    },
    "actions_use_bearer_token_for_codeload": {
      "value": "false"
    },
    "actions_uses_cache_service_v2": {
      "value": "true"
    },
    "github_token": {
      "value": "***",
      "isSecret": true
    },
    "system.from_run_service": {
      "value": "true"
    },
    "system.github.job": {
      "value": "scan"
    },
    "system.github.launch_endpoint": {
      "value": "https://launch.actions.githubusercontent.com"
    },
    "system.github.results_endpoint": {
      "value": "https://results-receiver.actions.githubusercontent.com/"
    },
    "system.github.results_upload_with_sdk": {
      "value": "true"
    },
    "system.github.token": {
      "value": "***",
      "isSecret": true
    },
    "system.github.token.permissions": {
      "value": "{\"Contents\":\"read\",\"Metadata\":\"read\"}"
    },
    "system.orchestrationId": {
      "value": "56da58bb-64cc-4515-a67d-0eab7def44e5.scan.__default"
    },
    "system.phaseDisplayName": {
      "value": "Terraform Security Scan"
    },
    "system.runner.lowdiskspacethreshold": {
      "value": "100"
    },
    "system.runnerEnvironment": {
      "value": "self-hosted"
    },
    "system.runnerGroupName": {
      "value": "Default"
    }
  },
  "messageType": "RunnerJobRequest",
  "plan": {
    "scopeIdentifier": "00000000-0000-0000-0000-000000000000",
    "planType": "actions",
    "version": 0,
    "planId": "56da58bb-64cc-4515-a67d-0eab7def44e5",
    "planGroup": null,
    "artifactUri": null,
    "artifactLocation": null,
    "definition": null,
    "owner": null
  },
  "timeline": {
    "id": "56da58bb-64cc-4515-a67d-0eab7def44e5",
    "changeId": 0,
    "location": null
  },
  "jobId": "5e94a014-23f1-54d7-b059-6b7bcaf122c8",
  "jobDisplayName": "Terraform Security Scan",
  "jobName": "__default",
  "requestId": 0,
  "lockedUntil": "0001-01-01T00:00:00",
  "resources": {
    "endpoints": [
      {
        "data": {
          "ServerId": "",
          "ServerName": "",
          "CacheServerUrl": "https://artifactcache.actions.githubusercontent.com/y8lifPeM7LoSev5b8ZD7afup9AuljtieLTtckKzCN1Ij2ZZudF/",
          "FeedStreamUrl": "wss://results-receiver.actions.githubusercontent.com/_ws/ingest.sock",
          "ResultsServiceUrl": "https://results-receiver.actions.githubusercontent.com/",
          "PipelinesServiceUrl": "https://pipelinesghubeus14.actions.githubusercontent.com/y8lifPeM7LoSev5b8ZD7afup9AuljtieLTtckKzCN1Ij2ZZudF/",
          "GenerateIdTokenUrl": "https://run-actions-2-azure-eastus.actions.githubusercontent.com/197//idtoken/56da58bb-64cc-4515-a67d-0eab7def44e5/5e94a014-23f1-54d7-b059-6b7bcaf122c8?api-version=2.0",
          "ConnectivityChecks": "[\"https://broker.actions.githubusercontent.com/health\",\"https://token.actions.githubusercontent.com/ready\",\"https://run.actions.githubusercontent.com/health\"]",
          "ConnectivityAndDNSChecks": ""
        },
        "name": "SystemVssConnection",
        "url": "https://run-actions-2-azure-eastus.actions.githubusercontent.com/197/",
        "authorization": {
          "parameters": {
            "AccessToken": "***"
          },
          "scheme": "OAuth"
        },
        "isShared": false,
        "isReady": true
      }
    ]
  },
  "contextData": {
    "github": {
      "t": 2,
      "d": [
        {
          "k": "ref",
          "v": "refs/pull/1/merge"
        },
        {
          "k": "sha",
          "v": "cb974dfca360c9a33903d5d39bd356842ffe750a"
        },
        {
          "k": "repository",
          "v": "rahulsharma582/terraform15Aug"
        },
        {
          "k": "repository_owner",
          "v": "rahulsharma582"
        },
        {
          "k": "repository_owner_id",
          "v": "287917171"
        },
        {
          "k": "repositoryUrl",
          "v": "git://github.com/rahulsharma582/terraform15Aug.git"
        },
        {
          "k": "run_id",
          "v": "32065869888"
        },
        {
          "k": "run_number",
          "v": "9"
        },
        {
          "k": "retention_days",
          "v": "90"
        },
        {
          "k": "run_attempt",
          "v": "2"
        },
        {
          "k": "artifact_cache_size_limit",
          "v": "10"
        },
        {
          "k": "repository_visibility",
          "v": "public"
        },
        {
          "k": "actor_id",
          "v": "287917171"
        },
        {
          "k": "actor",
          "v": "rahulsharma582"
        },
        {
          "k": "workflow",
          "v": "Terraform CI-CD"
        },
        {
          "k": "head_ref",
          "v": "features/CIpipeline"
        },
        {
          "k": "base_ref",
          "v": "main"
        },
        {
          "k": "event_name",
          "v": "pull_request"
        },
        {
          "k": "server_url",
          "v": "https://github.com"
        },
        {
          "k": "api_url",
          "v": "https://api.github.com"
        },
        {
          "k": "graphql_url",
          "v": "https://api.github.com/graphql"
        },
        {
          "k": "ref_name",
          "v": "1/merge"
        },
        {
          "k": "ref_protected",
          "v": false
        },
        {
          "k": "ref_type",
          "v": "branch"
        },
        {
          "k": "secret_source",
          "v": "Actions"
        },
        {
          "k": "event",
          "v": {
            "t": 2,
            "d": [
              {
                "k": "action",
                "v": "synchronize"
              },
              {
                "k": "after",
                "v": "90ce94e61e8e6d5b45ba00f4a7d1157a54dd323a"
              },
              {
                "k": "before",
                "v": "8c12ddce886d1b1bf7502e8de0729e1fbaad01e9"
              },
              {
                "k": "number",
                "v": 1.0
              },
              {
                "k": "pull_request",
                "v": {
                  "t": 2,
                  "d": [
                    {
                      "k": "_links",
                      "v": {
                        "t": 2,
                        "d": [
                          {
                            "k": "comments",
                            "v": {
                              "t": 2,
                              "d": [
                                {
                                  "k": "href",
                                  "v": "https://api.github.com/repos/rahulsharma582/terraform15Aug/issues/1/comments"
                                }
                              ]
                            }
                          },
                          {
                            "k": "commits",
                            "v": {
                              "t": 2,
                              "d": [
                                {
                                  "k": "href",
                                  "v": "https://api.github.com/repos/rahulsharma582/terraform15Aug/pulls/1/commits"
                                }
                              ]
                            }
                          },
                          {
                            "k": "html",
                            "v": {
                              "t": 2,
                              "d": [
                                {
                                  "k": "href",
                                  "v": "https://github.com/rahulsharma582/terraform15Aug/pull/1"
                                }
                              ]
                            }
                          },
                          {
                            "k": "issue",
                            "v": {
                              "t": 2,
                              "d": [
                                {
                                  "k": "href",
                                  "v": "https://api.github.com/repos/rahulsharma582/terraform15Aug/issues/1"
                                }
                              ]
                            }
                          },
                          {
                            "k": "review_comment",
                            "v": {
                              "t": 2,
                              "d": [
                                {
                                  "k": "href",
                                  "v": "https://api.github.com/repos/rahulsharma582/terraform15Aug/pulls/comments{/number}"
                                }
                              ]
                            }
                          },
                          {
                            "k": "review_comments",
                            "v": {
                              "t": 2,
                              "d": [
                                {
                                  "k": "href",
                                  "v": "https://api.github.com/repos/rahulsharma582/terraform15Aug/pulls/1/comments"
                                }
                              ]
                            }
                          },
                          {
                            "k": "self",
                            "v": {
                              "t": 2,
                              "d": [
                                {
                                  "k": "href",
                                  "v": "https://api.github.com/repos/rahulsharma582/terraform15Aug/pulls/1"
                                }
                              ]
                            }
                          },
                          {
                            "k": "statuses",
                            "v": {
                              "t": 2,
                              "d": [
                                {
                                  "k": "href",
                                  "v": "https://api.github.com/repos/rahulsharma582/terraform15Aug/statuses/90ce94e61e8e6d5b45ba00f4a7d1157a54dd323a"
                                }
                              ]
                            }
                          }
                        ]
                      }
                    },
                    {
                      "k": "active_lock_reason",
                      "v": null
                    },
                    {
                      "k": "additions",
                      "v": 25494.0
                    },
                    {
                      "k": "assignee",
                      "v": null
                    },
                    {
                      "k": "assignees",
                      "v": {
                        "t": 1
                      }
                    },
                    {
                      "k": "author_association",
                      "v": "OWNER"
                    },
                    {
                      "k": "auto_merge",
                      "v": null
                    },
                    {
                      "k": "base",
                      "v": {
                        "t": 2,
                        "d": [
                          {
                            "k": "label",
                            "v": "rahulsharma582:main"
                          },
                          {
                            "k": "ref",
                            "v": "main"
                          },
                          {
                            "k": "repo",
                            "v": {
                              "t": 2,
                              "d": [
                                {
                                  "k": "allow_auto_merge",
                                  "v": false
                                },
                                {
                                  "k": "allow_forking",
                                  "v": true
                                },
                                {
                                  "k": "allow_merge_commit",
                                  "v": true
                                },
                                {
                                  "k": "allow_rebase_merge",
                                  "v": true
                                },
                                {
                                  "k": "allow_squash_merge",
                                  "v": true
                                },
                                {
                                  "k": "allow_update_branch",
                                  "v": false
                                },
                                {
                                  "k": "archive_url",
                                  "v": "https://api.github.com/repos/rahulsharma582/terraform15Aug/{archive_format}{/ref}"
                                },
                                {
                                  "k": "archived",
                                  "v": false
                                },
                                {
                                  "k": "assignees_url",
                                  "v": "https://api.github.com/repos/rahulsharma582/terraform15Aug/assignees{/user}"
                                },
                                {
                                  "k": "blobs_url",
                                  "v": "https://api.github.com/repos/rahulsharma582/terraform15Aug/git/blobs{/sha}"
                                },
                                {
                                  "k": "branches_url",
                                  "v": "https://api.github.com/repos/rahulsharma582/terraform15Aug/branches{/branch}"
                                },
                                {
                                  "k": "clone_url",
                                  "v": "https://github.com/rahulsharma582/terraform15Aug.git"
                                },
                                {
                                  "k": "collaborators_url",
                                  "v": "https://api.github.com/repos/rahulsharma582/terraform15Aug/collaborators{/collaborator}"
                                },
                                {
                                  "k": "comments_url",
                                  "v": "https://api.github.com/repos/rahulsharma582/terraform15Aug/comments{/number}"
                                },
                                {
                                  "k": "commits_url",
                                  "v": "https://api.github.com/repos/rahulsharma582/terraform15Aug/commits{/sha}"
                                },
                                {
                                  "k": "compare_url",
                                  "v": "https://api.github.com/repos/rahulsharma582/terraform15Aug/compare/{base}...{head}"
                                },
                                {
                                  "k": "contents_url",
                                  "v": "https://api.github.com/repos/rahulsharma582/terraform15Aug/contents/{+path}"
                                },
                                {
                                  "k": "contributors_url",
                                  "v": "https://api.github.com/repos/rahulsharma582/terraform15Aug/contributors"
                                },
                                {
                                  "k": "created_at",
                                  "v": "2026-08-15T20:44:24Z"
                                },
                                {
                                  "k": "default_branch",
                                  "v": "main"
                                },
                                {
                                  "k": "delete_branch_on_merge",
                                  "v": false
                                },
                                {
                                  "k": "deployments_url",
                                  "v": "https://api.github.com/repos/rahulsharma582/terraform15Aug/deployments"
                                },
                                {
                                  "k": "description",
                                  "v": null
                                },
                                {
                                  "k": "disabled",
                                  "v": false
                                },
                                {
                                  "k": "downloads_url",
                                  "v": "https://api.github.com/repos/rahulsharma582/terraform15Aug/downloads"
                                },
                                {
                                  "k": "events_url",
                                  "v": "https://api.github.com/repos/rahulsharma582/terraform15Aug/events"
                                },
                                {
                                  "k": "fork",
                                  "v": false
                                },
                                {
                                  "k": "forks",
                                  "v": 0.0
                                },
                                {
                                  "k": "forks_count",
                                  "v": 0.0
                                },
                                {
                                  "k": "forks_url",
                                  "v": "https://api.github.com/repos/rahulsharma582/terraform15Aug/forks"
                                },
                                {
                                  "k": "full_name",
                                  "v": "rahulsharma582/terraform15Aug"
                                },
                                {
                                  "k": "git_commits_url",
                                  "v": "https://api.github.com/repos/rahulsharma582/terraform15Aug/git/commits{/sha}"
                                },
                                {
                                  "k": "git_refs_url",
                                  "v": "https://api.github.com/repos/rahulsharma582/terraform15Aug/git/refs{/sha}"
                                },
                                {
                                  "k": "git_tags_url",
                                  "v": "https://api.github.com/repos/rahulsharma582/terraform15Aug/git/tags{/sha}"
                                },
                                {
                                  "k": "git_url",
                                  "v": "git://github.com/rahulsharma582/terraform15Aug.git"
                                },
                                {
                                  "k": "has_discussions",
                                  "v": false
                                },
                                {
                                  "k": "has_downloads",
                                  "v": false
                                },
                                {
                                  "k": "has_issues",
                                  "v": true
                                },
                                {
                                  "k": "has_pages",
                                  "v": false
                                },
                                {
                                  "k": "has_projects",
                                  "v": true
                                },
                                {
                                  "k": "has_pull_requests",
                                  "v": true
                                },
                                {
                                  "k": "has_wiki",
                                  "v": true
                                },
                                {
                                  "k": "homepage",
                                  "v": null
                                },
                                {
                                  "k": "hooks_url",
                                  "v": "https://api.github.com/repos/rahulsharma582/terraform15Aug/hooks"
                                },
                                {
                                  "k": "html_url",
                                  "v": "https://github.com/rahulsharma582/terraform15Aug"
                                },
                                {
                                  "k": "id",
                                  "v": 1335397659.0
                                },
                                {
                                  "k": "is_template",
                                  "v": false
                                },
                                {
                                  "k": "issue_comment_url",
                                  "v": "https://api.github.com/repos/rahulsharma582/terraform15Aug/issues/comments{/number}"
                                },
                                {
                                  "k": "issue_events_url",
                                  "v": "https://api.github.com/repos/rahulsharma582/terraform15Aug/issues/events{/number}"
                                },
                                {
                                  "k": "issues_url",
                                  "v": "https://api.github.com/repos/rahulsharma582/terraform15Aug/issues{/number}"
                                },
                                {
                                  "k": "keys_url",
                                  "v": "https://api.github.com/repos/rahulsharma582/terraform15Aug/keys{/key_id}"
                                },
                                {
                                  "k": "labels_url",
                                  "v": "https://api.github.com/repos/rahulsharma582/terraform15Aug/labels{/name}"
                                },
                                {
                                  "k": "language",
                                  "v": "HCL"
                                },
                                {
                                  "k": "languages_url",
                                  "v": "https://api.github.com/repos/rahulsharma582/terraform15Aug/languages"
                                },
                                {
                                  "k": "license",
                                  "v": {
                                    "t": 2,
                                    "d": [
                                      {
                                        "k": "key",
                                        "v": "gpl-3.0"
                                      },
                                      {
                                        "k": "name",
                                        "v": "GNU General Public License v3.0"
                                      },
                                      {
                                        "k": "node_id",
                                        "v": "MDc6TGljZW5zZTk="
                                      },
                                      {
                                        "k": "spdx_id",
                                        "v": "GPL-3.0"
                                      },
                                      {
                                        "k": "url",
                                        "v": "https://api.github.com/licenses/gpl-3.0"
                                      }
                                    ]
                                  }
                                },
                                {
                                  "k": "merge_commit_message",
                                  "v": "PR_TITLE"
                                },
                                {
                                  "k": "merge_commit_title",
                                  "v": "MERGE_MESSAGE"
                                },
                                {
                                  "k": "merges_url",
                                  "v": "https://api.github.com/repos/rahulsharma582/terraform15Aug/merges"
                                },
                                {
                                  "k": "milestones_url",
                                  "v": "https://api.github.com/repos/rahulsharma582/terraform15Aug/milestones{/number}"
                                },
                                {
                                  "k": "mirror_url",
                                  "v": null
                                },
                                {
                                  "k": "name",
                                  "v": "terraform15Aug"
                                },
                                {
                                  "k": "node_id",
                                  "v": "R_kgDOT5iNGw"
                                },
                                {
                                  "k": "notifications_url",
                                  "v": "https://api.github.com/repos/rahulsharma582/terraform15Aug/notifications{?since,all,participating}"
                                },
                                {
                                  "k": "open_issues",
                                  "v": 1.0
                                },
                                {
                                  "k": "open_issues_count",
                                  "v": 1.0
                                },
                                {
                                  "k": "owner",
                                  "v": {
                                    "t": 2,
                                    "d": [
                                      {
                                        "k": "avatar_url",
                                        "v": "https://avatars.githubusercontent.com/u/287917171?v=4"
                                      },
                                      {
                                        "k": "events_url",
                                        "v": "https://api.github.com/users/rahulsharma582/events{/privacy}"
                                      },
                                      {
                                        "k": "followers_url",
                                        "v": "https://api.github.com/users/rahulsharma582/followers"
                                      },
                                      {
                                        "k": "following_url",
                                        "v": "https://api.github.com/users/rahulsharma582/following{/other_user}"
                                      },
                                      {
                                        "k": "gists_url",
                                        "v": "https://api.github.com/users/rahulsharma582/gists{/gist_id}"
                                      },
                                      {
                                        "k": "gravatar_id",
                                        "v": ""
                                      },
                                      {
                                        "k": "html_url",
                                        "v": "https://github.com/rahulsharma582"
                                      },
                                      {
                                        "k": "id",
                                        "v": 287917171.0
                                      },
                                      {
                                        "k": "login",
                                        "v": "rahulsharma582"
                                      },
                                      {
                                        "k": "node_id",
                                        "v": "U_kgDOESlEcw"
                                      },
                                      {
                                        "k": "organizations_url",
                                        "v": "https://api.github.com/users/rahulsharma582/orgs"
                                      },
                                      {
                                        "k": "received_events_url",
                                        "v": "https://api.github.com/users/rahulsharma582/received_events"
                                      },
                                      {
                                        "k": "repos_url",
                                        "v": "https://api.github.com/users/rahulsharma582/repos"
                                      },
                                      {
                                        "k": "site_admin",
                                        "v": false
                                      },
                                      {
                                        "k": "starred_url",
                                        "v": "https://api.github.com/users/rahulsharma582/starred{/owner}{/repo}"
                                      },
                                      {
                                        "k": "subscriptions_url",
                                        "v": "https://api.github.com/users/rahulsharma582/subscriptions"
                                      },
                                      {
                                        "k": "type",
                                        "v": "User"
                                      },
                                      {
                                        "k": "url",
                                        "v": "https://api.github.com/users/rahulsharma582"
                                      },
                                      {
                                        "k": "user_view_type",
                                        "v": "public"
                                      }
                                    ]
                                  }
                                },
                                {
                                  "k": "private",
                                  "v": false
                                },
                                {
                                  "k": "pull_request_creation_policy",
                                  "v": "all"
                                },
                                {
                                  "k": "pulls_url",
                                  "v": "https://api.github.com/repos/rahulsharma582/terraform15Aug/pulls{/number}"
                                },
                                {
                                  "k": "pushed_at",
                                  "v": "2026-08-17T20:27:07Z"
                                },
                                {
                                  "k": "releases_url",
                                  "v": "https://api.github.com/repos/rahulsharma582/terraform15Aug/releases{/id}"
                                },
                                {
                                  "k": "size",
                                  "v": 21.0
                                },
                                {
                                  "k": "squash_merge_commit_message",
                                  "v": "COMMIT_MESSAGES"
                                },
                                {
                                  "k": "squash_merge_commit_title",
                                  "v": "COMMIT_OR_PR_TITLE"
                                },
                                {
                                  "k": "ssh_url",
                                  "v": "git@github.com:rahulsharma582/terraform15Aug.git"
                                },
                                {
                                  "k": "stargazers_count",
                                  "v": 0.0
                                },
                                {
                                  "k": "stargazers_url",
                                  "v": "https://api.github.com/repos/rahulsharma582/terraform15Aug/stargazers"
                                },
                                {
                                  "k": "statuses_url",
                                  "v": "https://api.github.com/repos/rahulsharma582/terraform15Aug/statuses/{sha}"
                                },
                                {
                                  "k": "subscribers_url",
                                  "v": "https://api.github.com/repos/rahulsharma582/terraform15Aug/subscribers"
                                },
                                {
                                  "k": "subscription_url",
                                  "v": "https://api.github.com/repos/rahulsharma582/terraform15Aug/subscription"
                                },
                                {
                                  "k": "svn_url",
                                  "v": "https://github.com/rahulsharma582/terraform15Aug"
                                },
                                {
                                  "k": "tags_url",
                                  "v": "https://api.github.com/repos/rahulsharma582/terraform15Aug/tags"
                                },
                                {
                                  "k": "teams_url",
                                  "v": "https://api.github.com/repos/rahulsharma582/terraform15Aug/teams"
                                },
                                {
                                  "k": "topics",
                                  "v": {
                                    "t": 1
                                  }
                                },
                                {
                                  "k": "trees_url",
                                  "v": "https://api.github.com/repos/rahulsharma582/terraform15Aug/git/trees{/sha}"
                                },
                                {
                                  "k": "updated_at",
                                  "v": "2026-08-16T00:15:06Z"
                                },
                                {
                                  "k": "url",
                                  "v": "https://api.github.com/repos/rahulsharma582/terraform15Aug"
                                },
                                {
                                  "k": "use_squash_pr_title_as_default",
                                  "v": false
                                },
                                {
                                  "k": "visibility",
                                  "v": "public"
                                },
                                {
                                  "k": "watchers",
                                  "v": 0.0
                                },
                                {
                                  "k": "watchers_count",
                                  "v": 0.0
                                },
                                {
                                  "k": "web_commit_signoff_required",
                                  "v": false
                                }
                              ]
                            }
                          },
                          {
                            "k": "sha",
                            "v": "6d9d659f94aeb8222dd06c8fff206b61a0a07a54"
                          },
                          {
                            "k": "user",
                            "v": {
                              "t": 2,
                              "d": [
                                {
                                  "k": "avatar_url",
                                  "v": "https://avatars.githubusercontent.com/u/287917171?v=4"
                                },
                                {
                                  "k": "events_url",
                                  "v": "https://api.github.com/users/rahulsharma582/events{/privacy}"
                                },
                                {
                                  "k": "followers_url",
                                  "v": "https://api.github.com/users/rahulsharma582/followers"
                                },
                                {
                                  "k": "following_url",
                                  "v": "https://api.github.com/users/rahulsharma582/following{/other_user}"
                                },
                                {
                                  "k": "gists_url",
                                  "v": "https://api.github.com/users/rahulsharma582/gists{/gist_id}"
                                },
                                {
                                  "k": "gravatar_id",
                                  "v": ""
                                },
                                {
                                  "k": "html_url",
                                  "v": "https://github.com/rahulsharma582"
                                },
                                {
                                  "k": "id",
                                  "v": 287917171.0
                                },
                                {
                                  "k": "login",
                                  "v": "rahulsharma582"
                                },
                                {
                                  "k": "node_id",
                                  "v": "U_kgDOESlEcw"
                                },
                                {
                                  "k": "organizations_url",
                                  "v": "https://api.github.com/users/rahulsharma582/orgs"
                                },
                                {
                                  "k": "received_events_url",
                                  "v": "https://api.github.com/users/rahulsharma582/received_events"
                                },
                                {
                                  "k": "repos_url",
                                  "v": "https://api.github.com/users/rahulsharma582/repos"
                                },
                                {
                                  "k": "site_admin",
                                  "v": false
                                },
                                {
                                  "k": "starred_url",
                                  "v": "https://api.github.com/users/rahulsharma582/starred{/owner}{/repo}"
                                },
                                {
                                  "k": "subscriptions_url",
                                  "v": "https://api.github.com/users/rahulsharma582/subscriptions"
                                },
                                {
                                  "k": "type",
                                  "v": "User"
                                },
                                {
                                  "k": "url",
                                  "v": "https://api.github.com/users/rahulsharma582"
                                },
                                {
                                  "k": "user_view_type",
                                  "v": "public"
                                }
                              ]
                            }
                          }
                        ]
                      }
                    },
                    {
                      "k": "body",
                      "v": null
                    },
                    {
                      "k": "changed_files",
                      "v": 278.0
                    },
                    {
                      "k": "closed_at",
                      "v": null
                    },
                    {
                      "k": "comments",
                      "v": 0.0
                    },
                    {
                      "k": "comments_url",
                      "v": "https://api.github.com/repos/rahulsharma582/terraform15Aug/issues/1/comments"
                    },
                    {
                      "k": "commits",
                      "v": 8.0
                    },
                    {
                      "k": "commits_url",
                      "v": "https://api.github.com/repos/rahulsharma582/terraform15Aug/pulls/1/commits"
                    },
                    {
                      "k": "created_at",
                      "v": "2026-08-16T21:55:52Z"
                    },
                    {
                      "k": "deletions",
                      "v": 26.0
                    },
                    {
                      "k": "diff_url",
                      "v": "https://github.com/rahulsharma582/terraform15Aug/pull/1.diff"
                    },
                    {
                      "k": "draft",
                      "v": false
                    },
                    {
                      "k": "head",
                      "v": {
                        "t": 2,
                        "d": [
                          {
                            "k": "label",
                            "v": "rahulsharma582:features/CIpipeline"
                          },
                          {
                            "k": "ref",
                            "v": "features/CIpipeline"
                          },
                          {
                            "k": "repo",
                            "v": {
                              "t": 2,
                              "d": [
                                {
                                  "k": "allow_auto_merge",
                                  "v": false
                                },
                                {
                                  "k": "allow_forking",
                                  "v": true
                                },
                                {
                                  "k": "allow_merge_commit",
                                  "v": true
                                },
                                {
                                  "k": "allow_rebase_merge",
                                  "v": true
                                },
                                {
                                  "k": "allow_squash_merge",
                                  "v": true
                                },
                                {
                                  "k": "allow_update_branch",
                                  "v": false
                                },
                                {
                                  "k": "archive_url",
                                  "v": "https://api.github.com/repos/rahulsharma582/terraform15Aug/{archive_format}{/ref}"
                                },
                                {
                                  "k": "archived",
                                  "v": false
                                },
                                {
                                  "k": "assignees_url",
                                  "v": "https://api.github.com/repos/rahulsharma582/terraform15Aug/assignees{/user}"
                                },
                                {
                                  "k": "blobs_url",
                                  "v": "https://api.github.com/repos/rahulsharma582/terraform15Aug/git/blobs{/sha}"
                                },
                                {
                                  "k": "branches_url",
                                  "v": "https://api.github.com/repos/rahulsharma582/terraform15Aug/branches{/branch}"
                                },
                                {
                                  "k": "clone_url",
                                  "v": "https://github.com/rahulsharma582/terraform15Aug.git"
                                },
                                {
                                  "k": "collaborators_url",
                                  "v": "https://api.github.com/repos/rahulsharma582/terraform15Aug/collaborators{/collaborator}"
                                },
                                {
                                  "k": "comments_url",
                                  "v": "https://api.github.com/repos/rahulsharma582/terraform15Aug/comments{/number}"
                                },
                                {
                                  "k": "commits_url",
                                  "v": "https://api.github.com/repos/rahulsharma582/terraform15Aug/commits{/sha}"
                                },
                                {
                                  "k": "compare_url",
                                  "v": "https://api.github.com/repos/rahulsharma582/terraform15Aug/compare/{base}...{head}"
                                },
                                {
                                  "k": "contents_url",
                                  "v": "https://api.github.com/repos/rahulsharma582/terraform15Aug/contents/{+path}"
                                },
                                {
                                  "k": "contributors_url",
                                  "v": "https://api.github.com/repos/rahulsharma582/terraform15Aug/contributors"
                                },
                                {
                                  "k": "created_at",
                                  "v": "2026-08-15T20:44:24Z"
                                },
                                {
                                  "k": "default_branch",
                                  "v": "main"
                                },
                                {
                                  "k": "delete_branch_on_merge",
                                  "v": false
                                },
                                {
                                  "k": "deployments_url",
                                  "v": "https://api.github.com/repos/rahulsharma582/terraform15Aug/deployments"
                                },
                                {
                                  "k": "description",
                                  "v": null
                                },
                                {
                                  "k": "disabled",
                                  "v": false
                                },
                                {
                                  "k": "downloads_url",
                                  "v": "https://api.github.com/repos/rahulsharma582/terraform15Aug/downloads"
                                },
                                {
                                  "k": "events_url",
                                  "v": "https://api.github.com/repos/rahulsharma582/terraform15Aug/events"
                                },
                                {
                                  "k": "fork",
                                  "v": false
                                },
                                {
                                  "k": "forks",
                                  "v": 0.0
                                },
                                {
                                  "k": "forks_count",
                                  "v": 0.0
                                },
                                {
                                  "k": "forks_url",
                                  "v": "https://api.github.com/repos/rahulsharma582/terraform15Aug/forks"
                                },
                                {
                                  "k": "full_name",
                                  "v": "rahulsharma582/terraform15Aug"
                                },
                                {
                                  "k": "git_commits_url",
                                  "v": "https://api.github.com/repos/rahulsharma582/terraform15Aug/git/commits{/sha}"
                                },
                                {
                                  "k": "git_refs_url",
                                  "v": "https://api.github.com/repos/rahulsharma582/terraform15Aug/git/refs{/sha}"
                                },
                                {
                                  "k": "git_tags_url",
                                  "v": "https://api.github.com/repos/rahulsharma582/terraform15Aug/git/tags{/sha}"
                                },
                                {
                                  "k": "git_url",
                                  "v": "git://github.com/rahulsharma582/terraform15Aug.git"
                                },
                                {
                                  "k": "has_discussions",
                                  "v": false
                                },
                                {
                                  "k": "has_downloads",
                                  "v": false
                                },
                                {
                                  "k": "has_issues",
                                  "v": true
                                },
                                {
                                  "k": "has_pages",
                                  "v": false
                                },
                                {
                                  "k": "has_projects",
                                  "v": true
                                },
                                {
                                  "k": "has_pull_requests",
                                  "v": true
                                },
                                {
                                  "k": "has_wiki",
                                  "v": true
                                },
                                {
                                  "k": "homepage",
                                  "v": null
                                },
                                {
                                  "k": "hooks_url",
                                  "v": "https://api.github.com/repos/rahulsharma582/terraform15Aug/hooks"
                                },
                                {
                                  "k": "html_url",
                                  "v": "https://github.com/rahulsharma582/terraform15Aug"
                                },
                                {
                                  "k": "id",
                                  "v": 1335397659.0
                                },
                                {
                                  "k": "is_template",
                                  "v": false
                                },
                                {
                                  "k": "issue_comment_url",
                                  "v": "https://api.github.com/repos/rahulsharma582/terraform15Aug/issues/comments{/number}"
                                },
                                {
                                  "k": "issue_events_url",
                                  "v": "https://api.github.com/repos/rahulsharma582/terraform15Aug/issues/events{/number}"
                                },
                                {
                                  "k": "issues_url",
                                  "v": "https://api.github.com/repos/rahulsharma582/terraform15Aug/issues{/number}"
                                },
                                {
                                  "k": "keys_url",
                                  "v": "https://api.github.com/repos/rahulsharma582/terraform15Aug/keys{/key_id}"
                                },
                                {
                                  "k": "labels_url",
                                  "v": "https://api.github.com/repos/rahulsharma582/terraform15Aug/labels{/name}"
                                },
                                {
                                  "k": "language",
                                  "v": "HCL"
                                },
                                {
                                  "k": "languages_url",
                                  "v": "https://api.github.com/repos/rahulsharma582/terraform15Aug/languages"
                                },
                                {
                                  "k": "license",
                                  "v": {
                                    "t": 2,
                                    "d": [
                                      {
                                        "k": "key",
                                        "v": "gpl-3.0"
                                      },
                                      {
                                        "k": "name",
                                        "v": "GNU General Public License v3.0"
                                      },
                                      {
                                        "k": "node_id",
                                        "v": "MDc6TGljZW5zZTk="
                                      },
                                      {
                                        "k": "spdx_id",
                                        "v": "GPL-3.0"
                                      },
                                      {
                                        "k": "url",
                                        "v": "https://api.github.com/licenses/gpl-3.0"
                                      }
                                    ]
                                  }
                                },
                                {
                                  "k": "merge_commit_message",
                                  "v": "PR_TITLE"
                                },
                                {
                                  "k": "merge_commit_title",
                                  "v": "MERGE_MESSAGE"
                                },
                                {
                                  "k": "merges_url",
                                  "v": "https://api.github.com/repos/rahulsharma582/terraform15Aug/merges"
                                },
                                {
                                  "k": "milestones_url",
                                  "v": "https://api.github.com/repos/rahulsharma582/terraform15Aug/milestones{/number}"
                                },
                                {
                                  "k": "mirror_url",
                                  "v": null
                                },
                                {
                                  "k": "name",
                                  "v": "terraform15Aug"
                                },
                                {
                                  "k": "node_id",
                                  "v": "R_kgDOT5iNGw"
                                },
                                {
                                  "k": "notifications_url",
                                  "v": "https://api.github.com/repos/rahulsharma582/terraform15Aug/notifications{?since,all,participating}"
                                },
                                {
                                  "k": "open_issues",
                                  "v": 1.0
                                },
                                {
                                  "k": "open_issues_count",
                                  "v": 1.0
                                },
                                {
                                  "k": "owner",
                                  "v": {
                                    "t": 2,
                                    "d": [
                                      {
                                        "k": "avatar_url",
                                        "v": "https://avatars.githubusercontent.com/u/287917171?v=4"
                                      },
                                      {
                                        "k": "events_url",
                                        "v": "https://api.github.com/users/rahulsharma582/events{/privacy}"
                                      },
                                      {
                                        "k": "followers_url",
                                        "v": "https://api.github.com/users/rahulsharma582/followers"
                                      },
                                      {
                                        "k": "following_url",
                                        "v": "https://api.github.com/users/rahulsharma582/following{/other_user}"
                                      },
                                      {
                                        "k": "gists_url",
                                        "v": "https://api.github.com/users/rahulsharma582/gists{/gist_id}"
                                      },
                                      {
                                        "k": "gravatar_id",
                                        "v": ""
                                      },
                                      {
                                        "k": "html_url",
                                        "v": "https://github.com/rahulsharma582"
                                      },
                                      {
                                        "k": "id",
                                        "v": 287917171.0
                                      },
                                      {
                                        "k": "login",
                                        "v": "rahulsharma582"
                                      },
                                      {
                                        "k": "node_id",
                                        "v": "U_kgDOESlEcw"
                                      },
                                      {
                                        "k": "organizations_url",
                                        "v": "https://api.github.com/users/rahulsharma582/orgs"
                                      },
                                      {
                                        "k": "received_events_url",
                                        "v": "https://api.github.com/users/rahulsharma582/received_events"
                                      },
                                      {
                                        "k": "repos_url",
                                        "v": "https://api.github.com/users/rahulsharma582/repos"
                                      },
                                      {
                                        "k": "site_admin",
                                        "v": false
                                      },
                                      {
                                        "k": "starred_url",
                                        "v": "https://api.github.com/users/rahulsharma582/starred{/owner}{/repo}"
                                      },
                                      {
                                        "k": "subscriptions_url",
                                        "v": "https://api.github.com/users/rahulsharma582/subscriptions"
                                      },
                                      {
                                        "k": "type",
                                        "v": "User"
                                      },
                                      {
                                        "k": "url",
                                        "v": "https://api.github.com/users/rahulsharma582"
                                      },
                                      {
                                        "k": "user_view_type",
                                        "v": "public"
                                      }
                                    ]
                                  }
                                },
                                {
                                  "k": "private",
                                  "v": false
                                },
                                {
                                  "k": "pull_request_creation_policy",
                                  "v": "all"
                                },
                                {
                                  "k": "pulls_url",
                                  "v": "https://api.github.com/repos/rahulsharma582/terraform15Aug/pulls{/number}"
                                },
                                {
                                  "k": "pushed_at",
                                  "v": "2026-08-17T20:27:07Z"
                                },
                                {
                                  "k": "releases_url",
                                  "v": "https://api.github.com/repos/rahulsharma582/terraform15Aug/releases{/id}"
                                },
                                {
                                  "k": "size",
                                  "v": 21.0
                                },
                                {
                                  "k": "squash_merge_commit_message",
                                  "v": "COMMIT_MESSAGES"
                                },
                                {
                                  "k": "squash_merge_commit_title",
                                  "v": "COMMIT_OR_PR_TITLE"
                                },
                                {
                                  "k": "ssh_url",
                                  "v": "git@github.com:rahulsharma582/terraform15Aug.git"
                                },
                                {
                                  "k": "stargazers_count",
                                  "v": 0.0
                                },
                                {
                                  "k": "stargazers_url",
                                  "v": "https://api.github.com/repos/rahulsharma582/terraform15Aug/stargazers"
                                },
                                {
                                  "k": "statuses_url",
                                  "v": "https://api.github.com/repos/rahulsharma582/terraform15Aug/statuses/{sha}"
                                },
                                {
                                  "k": "subscribers_url",
                                  "v": "https://api.github.com/repos/rahulsharma582/terraform15Aug/subscribers"
                                },
                                {
                                  "k": "subscription_url",
                                  "v": "https://api.github.com/repos/rahulsharma582/terraform15Aug/subscription"
                                },
                                {
                                  "k": "svn_url",
                                  "v": "https://github.com/rahulsharma582/terraform15Aug"
                                },
                                {
                                  "k": "tags_url",
                                  "v": "https://api.github.com/repos/rahulsharma582/terraform15Aug/tags"
                                },
                                {
                                  "k": "teams_url",
                                  "v": "https://api.github.com/repos/rahulsharma582/terraform15Aug/teams"
                                },
                                {
                                  "k": "topics",
                                  "v": {
                                    "t": 1
                                  }
                                },
                                {
                                  "k": "trees_url",
                                  "v": "https://api.github.com/repos/rahulsharma582/terraform15Aug/git/trees{/sha}"
                                },
                                {
                                  "k": "updated_at",
                                  "v": "2026-08-16T00:15:06Z"
                                },
                                {
                                  "k": "url",
                                  "v": "https://api.github.com/repos/rahulsharma582/terraform15Aug"
                                },
                                {
                                  "k": "use_squash_pr_title_as_default",
                                  "v": false
                                },
                                {
                                  "k": "visibility",
                                  "v": "public"
                                },
                                {
                                  "k": "watchers",
                                  "v": 0.0
                                },
                                {
                                  "k": "watchers_count",
                                  "v": 0.0
                                },
                                {
                                  "k": "web_commit_signoff_required",
                                  "v": false
                                }
                              ]
                            }
                          },
                          {
                            "k": "sha",
                            "v": "90ce94e61e8e6d5b45ba00f4a7d1157a54dd323a"
                          },
                          {
                            "k": "user",
                            "v": {
                              "t": 2,
                              "d": [
                                {
                                  "k": "avatar_url",
                                  "v": "https://avatars.githubusercontent.com/u/287917171?v=4"
                                },
                                {
                                  "k": "events_url",
                                  "v": "https://api.github.com/users/rahulsharma582/events{/privacy}"
                                },
                                {
                                  "k": "followers_url",
                                  "v": "https://api.github.com/users/rahulsharma582/followers"
                                },
                                {
                                  "k": "following_url",
                                  "v": "https://api.github.com/users/rahulsharma582/following{/other_user}"
                                },
                                {
                                  "k": "gists_url",
                                  "v": "https://api.github.com/users/rahulsharma582/gists{/gist_id}"
                                },
                                {
                                  "k": "gravatar_id",
                                  "v": ""
                                },
                                {
                                  "k": "html_url",
                                  "v": "https://github.com/rahulsharma582"
                                },
                                {
                                  "k": "id",
                                  "v": 287917171.0
                                },
                                {
                                  "k": "login",
                                  "v": "rahulsharma582"
                                },
                                {
                                  "k": "node_id",
                                  "v": "U_kgDOESlEcw"
                                },
                                {
                                  "k": "organizations_url",
                                  "v": "https://api.github.com/users/rahulsharma582/orgs"
                                },
                                {
                                  "k": "received_events_url",
                                  "v": "https://api.github.com/users/rahulsharma582/received_events"
                                },
                                {
                                  "k": "repos_url",
                                  "v": "https://api.github.com/users/rahulsharma582/repos"
                                },
                                {
                                  "k": "site_admin",
                                  "v": false
                                },
                                {
                                  "k": "starred_url",
                                  "v": "https://api.github.com/users/rahulsharma582/starred{/owner}{/repo}"
                                },
                                {
                                  "k": "subscriptions_url",
                                  "v": "https://api.github.com/users/rahulsharma582/subscriptions"
                                },
                                {
                                  "k": "type",
                                  "v": "User"
                                },
                                {
                                  "k": "url",
                                  "v": "https://api.github.com/users/rahulsharma582"
                                },
                                {
                                  "k": "user_view_type",
                                  "v": "public"
                                }
                              ]
                            }
                          }
                        ]
                      }
                    },
                    {
                      "k": "html_url",
                      "v": "https://github.com/rahulsharma582/terraform15Aug/pull/1"
                    },
                    {
                      "k": "id",
                      "v": 4291841609.0
                    },
                    {
                      "k": "issue_url",
                      "v": "https://api.github.com/repos/rahulsharma582/terraform15Aug/issues/1"
                    },
                    {
                      "k": "labels",
                      "v": {
                        "t": 1
                      }
                    },
                    {
                      "k": "locked",
                      "v": false
                    },
                    {
                      "k": "maintainer_can_modify",
                      "v": false
                    },
                    {
                      "k": "merge_commit_sha",
                      "v": "f1e9aef43001c64abbe1a5d01fc6040be19f0b87"
                    },
                    {
                      "k": "mergeable",
                      "v": null
                    },
                    {
                      "k": "mergeable_state",
                      "v": "unknown"
                    },
                    {
                      "k": "merged",
                      "v": false
                    },
                    {
                      "k": "merged_at",
                      "v": null
                    },
                    {
                      "k": "merged_by",
                      "v": null
                    },
                    {
                      "k": "milestone",
                      "v": null
                    },
                    {
                      "k": "node_id",
                      "v": "PR_kwDOT5iNG87_0E5J"
                    },
                    {
                      "k": "number",
                      "v": 1.0
                    },
                    {
                      "k": "patch_url",
                      "v": "https://github.com/rahulsharma582/terraform15Aug/pull/1.patch"
                    },
                    {
                      "k": "rebaseable",
                      "v": null
                    },
                    {
                      "k": "requested_reviewers",
                      "v": {
                        "t": 1
                      }
                    },
                    {
                      "k": "requested_teams",
                      "v": {
                        "t": 1
                      }
                    },
                    {
                      "k": "review_comment_url",
                      "v": "https://api.github.com/repos/rahulsharma582/terraform15Aug/pulls/comments{/number}"
                    },
                    {
                      "k": "review_comments",
                      "v": 0.0
                    },
                    {
                      "k": "review_comments_url",
                      "v": "https://api.github.com/repos/rahulsharma582/terraform15Aug/pulls/1/comments"
                    },
                    {
                      "k": "state",
                      "v": "open"
                    },
                    {
                      "k": "statuses_url",
                      "v": "https://api.github.com/repos/rahulsharma582/terraform15Aug/statuses/90ce94e61e8e6d5b45ba00f4a7d1157a54dd323a"
                    },
                    {
                      "k": "title",
                      "v": "add cred"
                    },
                    {
                      "k": "updated_at",
                      "v": "2026-08-17T20:27:08Z"
                    },
                    {
                      "k": "url",
                      "v": "https://api.github.com/repos/rahulsharma582/terraform15Aug/pulls/1"
                    },
                    {
                      "k": "user",
                      "v": {
                        "t": 2,
                        "d": [
                          {
                            "k": "avatar_url",
                            "v": "https://avatars.githubusercontent.com/u/287917171?v=4"
                          },
                          {
                            "k": "events_url",
                            "v": "https://api.github.com/users/rahulsharma582/events{/privacy}"
                          },
                          {
                            "k": "followers_url",
                            "v": "https://api.github.com/users/rahulsharma582/followers"
                          },
                          {
                            "k": "following_url",
                            "v": "https://api.github.com/users/rahulsharma582/following{/other_user}"
                          },
                          {
                            "k": "gists_url",
                            "v": "https://api.github.com/users/rahulsharma582/gists{/gist_id}"
                          },
                          {
                            "k": "gravatar_id",
                            "v": ""
                          },
                          {
                            "k": "html_url",
                            "v": "https://github.com/rahulsharma582"
                          },
                          {
                            "k": "id",
                            "v": 287917171.0
                          },
                          {
                            "k": "login",
                            "v": "rahulsharma582"
                          },
                          {
                            "k": "node_id",
                            "v": "U_kgDOESlEcw"
                          },
                          {
                            "k": "organizations_url",
                            "v": "https://api.github.com/users/rahulsharma582/orgs"
                          },
                          {
                            "k": "received_events_url",
                            "v": "https://api.github.com/users/rahulsharma582/received_events"
                          },
                          {
                            "k": "repos_url",
                            "v": "https://api.github.com/users/rahulsharma582/repos"
                          },
                          {
                            "k": "site_admin",
                            "v": false
                          },
                          {
                            "k": "starred_url",
                            "v": "https://api.github.com/users/rahulsharma582/starred{/owner}{/repo}"
                          },
                          {
                            "k": "subscriptions_url",
                            "v": "https://api.github.com/users/rahulsharma582/subscriptions"
                          },
                          {
                            "k": "type",
                            "v": "User"
                          },
                          {
                            "k": "url",
                            "v": "https://api.github.com/users/rahulsharma582"
                          },
                          {
                            "k": "user_view_type",
                            "v": "public"
                          }
                        ]
                      }
                    }
                  ]
                }
              },
              {
                "k": "repository",
                "v": {
                  "t": 2,
                  "d": [
                    {
                      "k": "allow_forking",
                      "v": true
                    },
                    {
                      "k": "archive_url",
                      "v": "https://api.github.com/repos/rahulsharma582/terraform15Aug/{archive_format}{/ref}"
                    },
                    {
                      "k": "archived",
                      "v": false
                    },
                    {
                      "k": "assignees_url",
                      "v": "https://api.github.com/repos/rahulsharma582/terraform15Aug/assignees{/user}"
                    },
                    {
                      "k": "blobs_url",
                      "v": "https://api.github.com/repos/rahulsharma582/terraform15Aug/git/blobs{/sha}"
                    },
                    {
                      "k": "branches_url",
                      "v": "https://api.github.com/repos/rahulsharma582/terraform15Aug/branches{/branch}"
                    },
                    {
                      "k": "clone_url",
                      "v": "https://github.com/rahulsharma582/terraform15Aug.git"
                    },
                    {
                      "k": "collaborators_url",
                      "v": "https://api.github.com/repos/rahulsharma582/terraform15Aug/collaborators{/collaborator}"
                    },
                    {
                      "k": "comments_url",
                      "v": "https://api.github.com/repos/rahulsharma582/terraform15Aug/comments{/number}"
                    },
                    {
                      "k": "commits_url",
                      "v": "https://api.github.com/repos/rahulsharma582/terraform15Aug/commits{/sha}"
                    },
                    {
                      "k": "compare_url",
                      "v": "https://api.github.com/repos/rahulsharma582/terraform15Aug/compare/{base}...{head}"
                    },
                    {
                      "k": "contents_url",
                      "v": "https://api.github.com/repos/rahulsharma582/terraform15Aug/contents/{+path}"
                    },
                    {
                      "k": "contributors_url",
                      "v": "https://api.github.com/repos/rahulsharma582/terraform15Aug/contributors"
                    },
                    {
                      "k": "created_at",
                      "v": "2026-08-15T20:44:24Z"
                    },
                    {
                      "k": "default_branch",
                      "v": "main"
                    },
                    {
                      "k": "deployments_url",
                      "v": "https://api.github.com/repos/rahulsharma582/terraform15Aug/deployments"
                    },
                    {
                      "k": "description",
                      "v": null
                    },
                    {
                      "k": "disabled",
                      "v": false
                    },
                    {
                      "k": "downloads_url",
                      "v": "https://api.github.com/repos/rahulsharma582/terraform15Aug/downloads"
                    },
                    {
                      "k": "events_url",
                      "v": "https://api.github.com/repos/rahulsharma582/terraform15Aug/events"
                    },
                    {
                      "k": "fork",
                      "v": false
                    },
                    {
                      "k": "forks",
                      "v": 0.0
                    },
                    {
                      "k": "forks_count",
                      "v": 0.0
                    },
                    {
                      "k": "forks_url",
                      "v": "https://api.github.com/repos/rahulsharma582/terraform15Aug/forks"
                    },
                    {
                      "k": "full_name",
                      "v": "rahulsharma582/terraform15Aug"
                    },
                    {
                      "k": "git_commits_url",
                      "v": "https://api.github.com/repos/rahulsharma582/terraform15Aug/git/commits{/sha}"
                    },
                    {
                      "k": "git_refs_url",
                      "v": "https://api.github.com/repos/rahulsharma582/terraform15Aug/git/refs{/sha}"
                    },
                    {
                      "k": "git_tags_url",
                      "v": "https://api.github.com/repos/rahulsharma582/terraform15Aug/git/tags{/sha}"
                    },
                    {
                      "k": "git_url",
                      "v": "git://github.com/rahulsharma582/terraform15Aug.git"
                    },
                    {
                      "k": "has_discussions",
                      "v": false
                    },
                    {
                      "k": "has_downloads",
                      "v": false
                    },
                    {
                      "k": "has_issues",
                      "v": true
                    },
                    {
                      "k": "has_pages",
                      "v": false
                    },
                    {
                      "k": "has_projects",
                      "v": true
                    },
                    {
                      "k": "has_pull_requests",
                      "v": true
                    },
                    {
                      "k": "has_wiki",
                      "v": true
                    },
                    {
                      "k": "homepage",
                      "v": null
                    },
                    {
                      "k": "hooks_url",
                      "v": "https://api.github.com/repos/rahulsharma582/terraform15Aug/hooks"
                    },
                    {
                      "k": "html_url",
                      "v": "https://github.com/rahulsharma582/terraform15Aug"
                    },
                    {
                      "k": "id",
                      "v": 1335397659.0
                    },
                    {
                      "k": "is_template",
                      "v": false
                    },
                    {
                      "k": "issue_comment_url",
                      "v": "https://api.github.com/repos/rahulsharma582/terraform15Aug/issues/comments{/number}"
                    },
                    {
                      "k": "issue_events_url",
                      "v": "https://api.github.com/repos/rahulsharma582/terraform15Aug/issues/events{/number}"
                    },
                    {
                      "k": "issues_url",
                      "v": "https://api.github.com/repos/rahulsharma582/terraform15Aug/issues{/number}"
                    },
                    {
                      "k": "keys_url",
                      "v": "https://api.github.com/repos/rahulsharma582/terraform15Aug/keys{/key_id}"
                    },
                    {
                      "k": "labels_url",
                      "v": "https://api.github.com/repos/rahulsharma582/terraform15Aug/labels{/name}"
                    },
                    {
                      "k": "language",
                      "v": "HCL"
                    },
                    {
                      "k": "languages_url",
                      "v": "https://api.github.com/repos/rahulsharma582/terraform15Aug/languages"
                    },
                    {
                      "k": "license",
                      "v": {
                        "t": 2,
                        "d": [
                          {
                            "k": "key",
                            "v": "gpl-3.0"
                          },
                          {
                            "k": "name",
                            "v": "GNU General Public License v3.0"
                          },
                          {
                            "k": "node_id",
                            "v": "MDc6TGljZW5zZTk="
                          },
                          {
                            "k": "spdx_id",
                            "v": "GPL-3.0"
                          },
                          {
                            "k": "url",
                            "v": "https://api.github.com/licenses/gpl-3.0"
                          }
                        ]
                      }
                    },
                    {
                      "k": "merges_url",
                      "v": "https://api.github.com/repos/rahulsharma582/terraform15Aug/merges"
                    },
                    {
                      "k": "milestones_url",
                      "v": "https://api.github.com/repos/rahulsharma582/terraform15Aug/milestones{/number}"
                    },
                    {
                      "k": "mirror_url",
                      "v": null
                    },
                    {
                      "k": "name",
                      "v": "terraform15Aug"
                    },
                    {
                      "k": "node_id",
                      "v": "R_kgDOT5iNGw"
                    },
                    {
                      "k": "notifications_url",
                      "v": "https://api.github.com/repos/rahulsharma582/terraform15Aug/notifications{?since,all,participating}"
                    },
                    {
                      "k": "open_issues",
                      "v": 1.0
                    },
                    {
                      "k": "open_issues_count",
                      "v": 1.0
                    },
                    {
                      "k": "owner",
                      "v": {
                        "t": 2,
                        "d": [
                          {
                            "k": "avatar_url",
                            "v": "https://avatars.githubusercontent.com/u/287917171?v=4"
                          },
                          {
                            "k": "events_url",
                            "v": "https://api.github.com/users/rahulsharma582/events{/privacy}"
                          },
                          {
                            "k": "followers_url",
                            "v": "https://api.github.com/users/rahulsharma582/followers"
                          },
                          {
                            "k": "following_url",
                            "v": "https://api.github.com/users/rahulsharma582/following{/other_user}"
                          },
                          {
                            "k": "gists_url",
                            "v": "https://api.github.com/users/rahulsharma582/gists{/gist_id}"
                          },
                          {
                            "k": "gravatar_id",
                            "v": ""
                          },
                          {
                            "k": "html_url",
                            "v": "https://github.com/rahulsharma582"
                          },
                          {
                            "k": "id",
                            "v": 287917171.0
                          },
                          {
                            "k": "login",
                            "v": "rahulsharma582"
                          },
                          {
                            "k": "node_id",
                            "v": "U_kgDOESlEcw"
                          },
                          {
                            "k": "organizations_url",
                            "v": "https://api.github.com/users/rahulsharma582/orgs"
                          },
                          {
                            "k": "received_events_url",
                            "v": "https://api.github.com/users/rahulsharma582/received_events"
                          },
                          {
                            "k": "repos_url",
                            "v": "https://api.github.com/users/rahulsharma582/repos"
                          },
                          {
                            "k": "site_admin",
                            "v": false
                          },
                          {
                            "k": "starred_url",
                            "v": "https://api.github.com/users/rahulsharma582/starred{/owner}{/repo}"
                          },
                          {
                            "k": "subscriptions_url",
                            "v": "https://api.github.com/users/rahulsharma582/subscriptions"
                          },
                          {
                            "k": "type",
                            "v": "User"
                          },
                          {
                            "k": "url",
                            "v": "https://api.github.com/users/rahulsharma582"
                          },
                          {
                            "k": "user_view_type",
                            "v": "public"
                          }
                        ]
                      }
                    },
                    {
                      "k": "private",
                      "v": false
                    },
                    {
                      "k": "pull_request_creation_policy",
                      "v": "all"
                    },
                    {
                      "k": "pulls_url",
                      "v": "https://api.github.com/repos/rahulsharma582/terraform15Aug/pulls{/number}"
                    },
                    {
                      "k": "pushed_at",
                      "v": "2026-08-17T20:27:07Z"
                    },
                    {
                      "k": "releases_url",
                      "v": "https://api.github.com/repos/rahulsharma582/terraform15Aug/releases{/id}"
                    },
                    {
                      "k": "size",
                      "v": 21.0
                    },
                    {
                      "k": "ssh_url",
                      "v": "git@github.com:rahulsharma582/terraform15Aug.git"
                    },
                    {
                      "k": "stargazers_count",
                      "v": 0.0
                    },
                    {
                      "k": "stargazers_url",
                      "v": "https://api.github.com/repos/rahulsharma582/terraform15Aug/stargazers"
                    },
                    {
                      "k": "statuses_url",
                      "v": "https://api.github.com/repos/rahulsharma582/terraform15Aug/statuses/{sha}"
                    },
                    {
                      "k": "subscribers_url",
                      "v": "https://api.github.com/repos/rahulsharma582/terraform15Aug/subscribers"
                    },
                    {
                      "k": "subscription_url",
                      "v": "https://api.github.com/repos/rahulsharma582/terraform15Aug/subscription"
                    },
                    {
                      "k": "svn_url",
                      "v": "https://github.com/rahulsharma582/terraform15Aug"
                    },
                    {
                      "k": "tags_url",
                      "v": "https://api.github.com/repos/rahulsharma582/terraform15Aug/tags"
                    },
                    {
                      "k": "teams_url",
                      "v": "https://api.github.com/repos/rahulsharma582/terraform15Aug/teams"
                    },
                    {
                      "k": "topics",
                      "v": {
                        "t": 1
                      }
                    },
                    {
                      "k": "trees_url",
                      "v": "https://api.github.com/repos/rahulsharma582/terraform15Aug/git/trees{/sha}"
                    },
                    {
                      "k": "updated_at",
                      "v": "2026-08-16T00:15:06Z"
                    },
                    {
                      "k": "url",
                      "v": "https://api.github.com/repos/rahulsharma582/terraform15Aug"
                    },
                    {
                      "k": "visibility",
                      "v": "public"
                    },
                    {
                      "k": "watchers",
                      "v": 0.0
                    },
                    {
                      "k": "watchers_count",
                      "v": 0.0
                    },
                    {
                      "k": "web_commit_signoff_required",
                      "v": false
                    }
                  ]
                }
              },
              {
                "k": "sender",
                "v": {
                  "t": 2,
                  "d": [
                    {
                      "k": "avatar_url",
                      "v": "https://avatars.githubusercontent.com/u/287917171?v=4"
                    },
                    {
                      "k": "events_url",
                      "v": "https://api.github.com/users/rahulsharma582/events{/privacy}"
                    },
                    {
                      "k": "followers_url",
                      "v": "https://api.github.com/users/rahulsharma582/followers"
                    },
                    {
                      "k": "following_url",
                      "v": "https://api.github.com/users/rahulsharma582/following{/other_user}"
                    },
                    {
                      "k": "gists_url",
                      "v": "https://api.github.com/users/rahulsharma582/gists{/gist_id}"
                    },
                    {
                      "k": "gravatar_id",
                      "v": ""
                    },
                    {
                      "k": "html_url",
                      "v": "https://github.com/rahulsharma582"
                    },
                    {
                      "k": "id",
                      "v": 287917171.0
                    },
                    {
                      "k": "login",
                      "v": "rahulsharma582"
                    },
                    {
                      "k": "node_id",
                      "v": "U_kgDOESlEcw"
                    },
                    {
                      "k": "organizations_url",
                      "v": "https://api.github.com/users/rahulsharma582/orgs"
                    },
                    {
                      "k": "received_events_url",
                      "v": "https://api.github.com/users/rahulsharma582/received_events"
                    },
                    {
                      "k": "repos_url",
                      "v": "https://api.github.com/users/rahulsharma582/repos"
                    },
                    {
                      "k": "site_admin",
                      "v": false
                    },
                    {
                      "k": "starred_url",
                      "v": "https://api.github.com/users/rahulsharma582/starred{/owner}{/repo}"
                    },
                    {
                      "k": "subscriptions_url",
                      "v": "https://api.github.com/users/rahulsharma582/subscriptions"
                    },
                    {
                      "k": "type",
                      "v": "User"
                    },
                    {
                      "k": "url",
                      "v": "https://api.github.com/users/rahulsharma582"
                    },
                    {
                      "k": "user_view_type",
                      "v": "public"
                    }
                  ]
                }
              }
            ]
          }
        },
        {
          "k": "workflow_ref",
          "v": "rahulsharma582/terraform15Aug/.github/workflows/CI.yml@refs/pull/1/merge"
        },
        {
          "k": "workflow_sha",
          "v": "cb974dfca360c9a33903d5d39bd356842ffe750a"
        },
        {
          "k": "repository_id",
          "v": "1335397659"
        },
        {
          "k": "triggering_actor",
          "v": "rahulsharma582"
        }
      ]
    },
    "inputs": {
      "t": 2
    },
    "job": {
      "t": 2,
      "d": [
        {
          "k": "check_run_id",
          "v": 95595539743.0
        },
        {
          "k": "workflow_ref",
          "v": "rahulsharma582/terraform15Aug/.github/workflows/CI.yml@refs/pull/1/merge"
        },
        {
          "k": "workflow_sha",
          "v": "cb974dfca360c9a33903d5d39bd356842ffe750a"
        },
        {
          "k": "workflow_repository",
          "v": "rahulsharma582/terraform15Aug"
        },
        {
          "k": "workflow_file_path",
          "v": ".github/workflows/CI.yml"
        }
      ]
    },
    "matrix": null,
    "needs": {
      "t": 2
    },
    "strategy": {
      "t": 2,
      "d": [
        {
          "k": "fail-fast",
          "v": true
        },
        {
          "k": "job-index",
          "v": 0.0
        },
        {
          "k": "job-total",
          "v": 1.0
        },
        {
          "k": "max-parallel",
          "v": 1.0
        }
      ]
    },
    "vars": {
      "t": 2
    }
  },
  "billingOwnerId": "U_kgDOESlEcw"
}
[2026-08-18 04:25:26Z INFO JobRunner] Job ID 5e94a014-23f1-54d7-b059-6b7bcaf122c8
[2026-08-18 04:25:26Z INFO ConfigurationStore] currentAssemblyLocation: E:\devops\Complete Terraform\terraform\terraform 15AUG\terraform15Aug\actions-runner\bin\Runner.Worker.dll
[2026-08-18 04:25:26Z INFO HostContext] Well known directory 'Bin': 'E:\devops\Complete Terraform\terraform\terraform 15AUG\terraform15Aug\actions-runner\bin'
[2026-08-18 04:25:26Z INFO ConfigurationStore] binPath: E:\devops\Complete Terraform\terraform\terraform 15AUG\terraform15Aug\actions-runner\bin
[2026-08-18 04:25:26Z INFO HostContext] Well known directory 'Bin': 'E:\devops\Complete Terraform\terraform\terraform 15AUG\terraform15Aug\actions-runner\bin'
[2026-08-18 04:25:26Z INFO HostContext] Well known directory 'Root': 'E:\devops\Complete Terraform\terraform\terraform 15AUG\terraform15Aug\actions-runner'
[2026-08-18 04:25:26Z INFO ConfigurationStore] RootFolder: E:\devops\Complete Terraform\terraform\terraform 15AUG\terraform15Aug\actions-runner
[2026-08-18 04:25:26Z INFO HostContext] Well known directory 'Bin': 'E:\devops\Complete Terraform\terraform\terraform 15AUG\terraform15Aug\actions-runner\bin'
[2026-08-18 04:25:26Z INFO HostContext] Well known directory 'Root': 'E:\devops\Complete Terraform\terraform\terraform 15AUG\terraform15Aug\actions-runner'
[2026-08-18 04:25:26Z INFO HostContext] Well known config file 'Runner': 'E:\devops\Complete Terraform\terraform\terraform 15AUG\terraform15Aug\actions-runner\.runner'
[2026-08-18 04:25:26Z INFO ConfigurationStore] ConfigFilePath: E:\devops\Complete Terraform\terraform\terraform 15AUG\terraform15Aug\actions-runner\.runner
[2026-08-18 04:25:26Z INFO HostContext] Well known directory 'Bin': 'E:\devops\Complete Terraform\terraform\terraform 15AUG\terraform15Aug\actions-runner\bin'
[2026-08-18 04:25:26Z INFO HostContext] Well known directory 'Root': 'E:\devops\Complete Terraform\terraform\terraform 15AUG\terraform15Aug\actions-runner'
[2026-08-18 04:25:26Z INFO HostContext] Well known config file 'MigratedRunner': 'E:\devops\Complete Terraform\terraform\terraform 15AUG\terraform15Aug\actions-runner\.runner_migrated'
[2026-08-18 04:25:26Z INFO ConfigurationStore] MigratedConfigFilePath: E:\devops\Complete Terraform\terraform\terraform 15AUG\terraform15Aug\actions-runner\.runner_migrated
[2026-08-18 04:25:26Z INFO HostContext] Well known directory 'Bin': 'E:\devops\Complete Terraform\terraform\terraform 15AUG\terraform15Aug\actions-runner\bin'
[2026-08-18 04:25:26Z INFO HostContext] Well known directory 'Root': 'E:\devops\Complete Terraform\terraform\terraform 15AUG\terraform15Aug\actions-runner'
[2026-08-18 04:25:26Z INFO HostContext] Well known config file 'Credentials': 'E:\devops\Complete Terraform\terraform\terraform 15AUG\terraform15Aug\actions-runner\.credentials'
[2026-08-18 04:25:26Z INFO ConfigurationStore] CredFilePath: E:\devops\Complete Terraform\terraform\terraform 15AUG\terraform15Aug\actions-runner\.credentials
[2026-08-18 04:25:26Z INFO HostContext] Well known directory 'Bin': 'E:\devops\Complete Terraform\terraform\terraform 15AUG\terraform15Aug\actions-runner\bin'
[2026-08-18 04:25:26Z INFO HostContext] Well known directory 'Root': 'E:\devops\Complete Terraform\terraform\terraform 15AUG\terraform15Aug\actions-runner'
[2026-08-18 04:25:26Z INFO HostContext] Well known config file 'MigratedCredentials': 'E:\devops\Complete Terraform\terraform\terraform 15AUG\terraform15Aug\actions-runner\.credentials_migrated'
[2026-08-18 04:25:26Z INFO ConfigurationStore] MigratedCredFilePath: E:\devops\Complete Terraform\terraform\terraform 15AUG\terraform15Aug\actions-runner\.credentials_migrated
[2026-08-18 04:25:26Z INFO HostContext] Well known directory 'Bin': 'E:\devops\Complete Terraform\terraform\terraform 15AUG\terraform15Aug\actions-runner\bin'
[2026-08-18 04:25:26Z INFO HostContext] Well known directory 'Root': 'E:\devops\Complete Terraform\terraform\terraform 15AUG\terraform15Aug\actions-runner'
[2026-08-18 04:25:26Z INFO HostContext] Well known config file 'Service': 'E:\devops\Complete Terraform\terraform\terraform 15AUG\terraform15Aug\actions-runner\.service'
[2026-08-18 04:25:26Z INFO ConfigurationStore] ServiceConfigFilePath: E:\devops\Complete Terraform\terraform\terraform 15AUG\terraform15Aug\actions-runner\.service
[2026-08-18 04:25:26Z INFO ConfigurationStore] Read setting file: 409 chars
[2026-08-18 04:25:26Z INFO JobRunner] Initializing launch client
[2026-08-18 04:25:26Z INFO JobServerQueue] Initializing results client
[2026-08-18 04:25:26Z INFO ResultServer] Creating websocket client ...wss://results-receiver.actions.githubusercontent.com/_ws/ingest.sock
[2026-08-18 04:25:26Z INFO ResultServer] Attempting to start websocket client with delay 00:00:00.
[2026-08-18 04:25:26Z INFO JobServerQueue] Start process web console line queue.
[2026-08-18 04:25:26Z INFO JobServerQueue] Start process file upload queue.
[2026-08-18 04:25:26Z INFO JobServerQueue] Start results file upload queue.
[2026-08-18 04:25:26Z INFO JobServerQueue] Starting results-based upload queue...
[2026-08-18 04:25:26Z INFO JobServerQueue] Start process timeline update queue.
[2026-08-18 04:25:26Z INFO ExecutionContext] Initializing Job context
[2026-08-18 04:25:26Z INFO ExecutionContext] Initialize GitHub context
[2026-08-18 04:25:26Z INFO ExecutionContext] Initialize Env context
[2026-08-18 04:25:26Z INFO HostContext] Well known directory 'Bin': 'E:\devops\Complete Terraform\terraform\terraform 15AUG\terraform15Aug\actions-runner\bin'
[2026-08-18 04:25:26Z INFO HostContext] Well known directory 'Root': 'E:\devops\Complete Terraform\terraform\terraform 15AUG\terraform15Aug\actions-runner'
[2026-08-18 04:25:26Z INFO HostContext] Well known directory 'Diag': 'E:\devops\Complete Terraform\terraform\terraform 15AUG\terraform15Aug\actions-runner\_diag'
[2026-08-18 04:25:26Z INFO HostContext] Well known directory 'Bin': 'E:\devops\Complete Terraform\terraform\terraform 15AUG\terraform15Aug\actions-runner\bin'
[2026-08-18 04:25:26Z INFO HostContext] Well known directory 'Root': 'E:\devops\Complete Terraform\terraform\terraform 15AUG\terraform15Aug\actions-runner'
[2026-08-18 04:25:26Z INFO HostContext] Well known directory 'Diag': 'E:\devops\Complete Terraform\terraform\terraform 15AUG\terraform15Aug\actions-runner\_diag'
[2026-08-18 04:25:26Z INFO JobRunner] Starting the job execution context.
[2026-08-18 04:25:26Z INFO HostContext] Well known directory 'Bin': 'E:\devops\Complete Terraform\terraform\terraform 15AUG\terraform15Aug\actions-runner\bin'
[2026-08-18 04:25:26Z INFO HostContext] Well known directory 'Root': 'E:\devops\Complete Terraform\terraform\terraform 15AUG\terraform15Aug\actions-runner'
[2026-08-18 04:25:26Z INFO HostContext] Well known directory 'Work': 'E:\devops\Complete Terraform\terraform\terraform 15AUG\terraform15Aug\actions-runner\_work'
[2026-08-18 04:25:26Z INFO JobRunner] Validating directory permissions for: 'E:\devops\Complete Terraform\terraform\terraform 15AUG\terraform15Aug\actions-runner\_work'
[2026-08-18 04:25:26Z INFO HostContext] Well known directory 'Bin': 'E:\devops\Complete Terraform\terraform\terraform 15AUG\terraform15Aug\actions-runner\bin'
[2026-08-18 04:25:26Z INFO HostContext] Well known directory 'Root': 'E:\devops\Complete Terraform\terraform\terraform 15AUG\terraform15Aug\actions-runner'
[2026-08-18 04:25:26Z INFO HostContext] Well known directory 'Work': 'E:\devops\Complete Terraform\terraform\terraform 15AUG\terraform15Aug\actions-runner\_work'
[2026-08-18 04:25:26Z INFO HostContext] Well known directory 'Tools': 'E:\devops\Complete Terraform\terraform\terraform 15AUG\terraform15Aug\actions-runner\_work\_tool'
[2026-08-18 04:25:26Z INFO HostContext] Well known directory 'Bin': 'E:\devops\Complete Terraform\terraform\terraform 15AUG\terraform15Aug\actions-runner\bin'
[2026-08-18 04:25:26Z INFO HostContext] Well known directory 'Root': 'E:\devops\Complete Terraform\terraform\terraform 15AUG\terraform15Aug\actions-runner'
[2026-08-18 04:25:26Z INFO HostContext] Well known directory 'Work': 'E:\devops\Complete Terraform\terraform\terraform 15AUG\terraform15Aug\actions-runner\_work'
[2026-08-18 04:25:26Z INFO HostContext] Well known directory 'Temp': 'E:\devops\Complete Terraform\terraform\terraform 15AUG\terraform15Aug\actions-runner\_work\_temp'
[2026-08-18 04:25:26Z INFO JobRunner] Getting job extension.
[2026-08-18 04:25:26Z INFO JobRunner] Initialize job. Getting all job steps.
[2026-08-18 04:25:26Z INFO HostContext] Well known directory 'Bin': 'E:\devops\Complete Terraform\terraform\terraform 15AUG\terraform15Aug\actions-runner\bin'
[2026-08-18 04:25:26Z INFO HostContext] Well known directory 'Root': 'E:\devops\Complete Terraform\terraform\terraform 15AUG\terraform15Aug\actions-runner'
[2026-08-18 04:25:26Z INFO HostContext] Well known directory 'Diag': 'E:\devops\Complete Terraform\terraform\terraform 15AUG\terraform15Aug\actions-runner\_diag'
[2026-08-18 04:25:26Z INFO HostContext] Well known directory 'Bin': 'E:\devops\Complete Terraform\terraform\terraform 15AUG\terraform15Aug\actions-runner\bin'
[2026-08-18 04:25:26Z INFO HostContext] Well known directory 'Root': 'E:\devops\Complete Terraform\terraform\terraform 15AUG\terraform15Aug\actions-runner'
[2026-08-18 04:25:26Z INFO HostContext] Well known directory 'Diag': 'E:\devops\Complete Terraform\terraform\terraform 15AUG\terraform15Aug\actions-runner\_diag'
[2026-08-18 04:25:26Z INFO HostContext] Well known directory 'Bin': 'E:\devops\Complete Terraform\terraform\terraform 15AUG\terraform15Aug\actions-runner\bin'
[2026-08-18 04:25:26Z INFO HostContext] Well known directory 'Root': 'E:\devops\Complete Terraform\terraform\terraform 15AUG\terraform15Aug\actions-runner'
[2026-08-18 04:25:26Z INFO HostContext] Well known config file 'Credentials': 'E:\devops\Complete Terraform\terraform\terraform 15AUG\terraform15Aug\actions-runner\.credentials'
[2026-08-18 04:25:26Z INFO HostContext] Well known directory 'Bin': 'E:\devops\Complete Terraform\terraform\terraform 15AUG\terraform15Aug\actions-runner\bin'
[2026-08-18 04:25:26Z INFO HostContext] Well known directory 'Root': 'E:\devops\Complete Terraform\terraform\terraform 15AUG\terraform15Aug\actions-runner'
[2026-08-18 04:25:26Z INFO HostContext] Well known config file 'SetupInfo': 'E:\devops\Complete Terraform\terraform\terraform 15AUG\terraform15Aug\actions-runner\.setup_info'
[2026-08-18 04:25:26Z INFO HostContext] Well known directory 'Bin': 'E:\devops\Complete Terraform\terraform\terraform 15AUG\terraform15Aug\actions-runner\bin'
[2026-08-18 04:25:26Z INFO HostContext] Well known directory 'Root': 'E:\devops\Complete Terraform\terraform\terraform 15AUG\terraform15Aug\actions-runner'
[2026-08-18 04:25:26Z INFO HostContext] Well known directory 'Work': 'E:\devops\Complete Terraform\terraform\terraform 15AUG\terraform15Aug\actions-runner\_work'
[2026-08-18 04:25:26Z INFO PipelineDirectoryManager] Loading tracking config if exists: E:\devops\Complete Terraform\terraform\terraform 15AUG\terraform15Aug\actions-runner\_work\_PipelineMapping\rahulsharma582/terraform15Aug\PipelineFolder.json
[2026-08-18 04:25:27Z INFO PipelineDirectoryManager] Updating job run properties.
[2026-08-18 04:25:27Z INFO HostContext] Well known directory 'Bin': 'E:\devops\Complete Terraform\terraform\terraform 15AUG\terraform15Aug\actions-runner\bin'
[2026-08-18 04:25:27Z INFO HostContext] Well known directory 'Root': 'E:\devops\Complete Terraform\terraform\terraform 15AUG\terraform15Aug\actions-runner'
[2026-08-18 04:25:27Z INFO HostContext] Well known directory 'Work': 'E:\devops\Complete Terraform\terraform\terraform 15AUG\terraform15Aug\actions-runner\_work'
[2026-08-18 04:25:27Z INFO HostContext] Well known directory 'Bin': 'E:\devops\Complete Terraform\terraform\terraform 15AUG\terraform15Aug\actions-runner\bin'
[2026-08-18 04:25:27Z INFO HostContext] Well known directory 'Root': 'E:\devops\Complete Terraform\terraform\terraform 15AUG\terraform15Aug\actions-runner'
[2026-08-18 04:25:27Z INFO HostContext] Well known directory 'Work': 'E:\devops\Complete Terraform\terraform\terraform 15AUG\terraform15Aug\actions-runner\_work'
[2026-08-18 04:25:27Z INFO HostContext] Well known directory 'Bin': 'E:\devops\Complete Terraform\terraform\terraform 15AUG\terraform15Aug\actions-runner\bin'
[2026-08-18 04:25:27Z INFO HostContext] Well known directory 'Root': 'E:\devops\Complete Terraform\terraform\terraform 15AUG\terraform15Aug\actions-runner'
[2026-08-18 04:25:27Z INFO HostContext] Well known directory 'Work': 'E:\devops\Complete Terraform\terraform\terraform 15AUG\terraform15Aug\actions-runner\_work'
[2026-08-18 04:25:27Z INFO JobExtension] Downloading actions
[2026-08-18 04:25:27Z INFO HostContext] Well known directory 'Bin': 'E:\devops\Complete Terraform\terraform\terraform 15AUG\terraform15Aug\actions-runner\bin'
[2026-08-18 04:25:27Z INFO HostContext] Well known directory 'Root': 'E:\devops\Complete Terraform\terraform\terraform 15AUG\terraform15Aug\actions-runner'
[2026-08-18 04:25:27Z INFO HostContext] Well known directory 'Work': 'E:\devops\Complete Terraform\terraform\terraform 15AUG\terraform15Aug\actions-runner\_work'
[2026-08-18 04:25:27Z INFO HostContext] Well known directory 'Actions': 'E:\devops\Complete Terraform\terraform\terraform 15AUG\terraform15Aug\actions-runner\_work\_actions'
[2026-08-18 04:25:27Z INFO Worker] Listening for cancel message from the channel.
[2026-08-18 04:25:27Z INFO Worker] Waiting for the job to complete or for a cancel message from the channel.
[2026-08-18 04:25:27Z INFO ResultServer] Successfully started websocket client.
[2026-08-18 04:25:27Z INFO JobServerQueue] Try to append 1 batches web console lines for record 'bca0df54-bdc7-43e1-a307-b27fa6aa07c1', success rate: 1/1.
[2026-08-18 04:25:28Z INFO JobServerQueue] Try to append 1 batches web console lines for record 'bca0df54-bdc7-43e1-a307-b27fa6aa07c1', success rate: 1/1.
[2026-08-18 04:25:28Z INFO JobServerQueue] Job timeline record has been updated for the first time.
[2026-08-18 04:25:28Z INFO HostContext] Well known directory 'Bin': 'E:\devops\Complete Terraform\terraform\terraform 15AUG\terraform15Aug\actions-runner\bin'
[2026-08-18 04:25:28Z INFO HostContext] Well known directory 'Root': 'E:\devops\Complete Terraform\terraform\terraform 15AUG\terraform15Aug\actions-runner'
[2026-08-18 04:25:28Z INFO HostContext] Well known directory 'Work': 'E:\devops\Complete Terraform\terraform\terraform 15AUG\terraform15Aug\actions-runner\_work'
[2026-08-18 04:25:28Z INFO HostContext] Well known directory 'Actions': 'E:\devops\Complete Terraform\terraform\terraform 15AUG\terraform15Aug\actions-runner\_work\_actions'
[2026-08-18 04:25:28Z INFO HostContext] Well known directory 'Bin': 'E:\devops\Complete Terraform\terraform\terraform 15AUG\terraform15Aug\actions-runner\bin'
[2026-08-18 04:25:28Z INFO HostContext] Well known directory 'Root': 'E:\devops\Complete Terraform\terraform\terraform 15AUG\terraform15Aug\actions-runner'
[2026-08-18 04:25:28Z INFO HostContext] Well known directory 'Work': 'E:\devops\Complete Terraform\terraform\terraform 15AUG\terraform15Aug\actions-runner\_work'
[2026-08-18 04:25:28Z INFO HostContext] Well known directory 'Actions': 'E:\devops\Complete Terraform\terraform\terraform 15AUG\terraform15Aug\actions-runner\_work\_actions'
[2026-08-18 04:25:28Z INFO ActionManager] Save archive 'https://codeload.github.com/actions/checkout/zip/11d5960a326750d5838078e36cf38b85af677262' into E:\devops\Complete Terraform\terraform\terraform 15AUG\terraform15Aug\actions-runner\_work\_actions\_temp_d086e721-0bc2-4619-a5b9-1326c66ca77c\eda83d27-a8f3-40ac-b10c-2ff838dbc75a.zip.
[2026-08-18 04:25:28Z INFO ActionManager] Using Basic token for action archive download.
[2026-08-18 04:25:28Z INFO JobServerQueue] Try to append 1 batches web console lines for record 'bca0df54-bdc7-43e1-a307-b27fa6aa07c1', success rate: 1/1.
[2026-08-18 04:25:29Z INFO ActionManager] Request URL: https://codeload.github.com/actions/checkout/zip/11d5960a326750d5838078e36cf38b85af677262 X-GitHub-Request-Id: BD4B:141507:F77A:12A171:6A83DEBF Http Status: OK
[2026-08-18 04:25:29Z INFO ActionManager] Finished getting action repository.
[2026-08-18 04:25:29Z INFO HostContext] Well known directory 'Bin': 'E:\devops\Complete Terraform\terraform\terraform 15AUG\terraform15Aug\actions-runner\bin'
[2026-08-18 04:25:29Z INFO HostContext] Well known directory 'Root': 'E:\devops\Complete Terraform\terraform\terraform 15AUG\terraform15Aug\actions-runner'
[2026-08-18 04:25:29Z INFO HostContext] Well known directory 'Work': 'E:\devops\Complete Terraform\terraform\terraform 15AUG\terraform15Aug\actions-runner\_work'
[2026-08-18 04:25:29Z INFO HostContext] Well known directory 'Actions': 'E:\devops\Complete Terraform\terraform\terraform 15AUG\terraform15Aug\actions-runner\_work\_actions'
[2026-08-18 04:25:29Z INFO HostContext] Well known directory 'Bin': 'E:\devops\Complete Terraform\terraform\terraform 15AUG\terraform15Aug\actions-runner\bin'
[2026-08-18 04:25:29Z INFO HostContext] Well known directory 'Root': 'E:\devops\Complete Terraform\terraform\terraform 15AUG\terraform15Aug\actions-runner'
[2026-08-18 04:25:29Z INFO HostContext] Well known directory 'Work': 'E:\devops\Complete Terraform\terraform\terraform 15AUG\terraform15Aug\actions-runner\_work'
[2026-08-18 04:25:29Z INFO HostContext] Well known directory 'Actions': 'E:\devops\Complete Terraform\terraform\terraform 15AUG\terraform15Aug\actions-runner\_work\_actions'
[2026-08-18 04:25:29Z INFO ActionManager] Save archive 'https://codeload.github.com/hashicorp/setup-terraform/zip/b9cd54a3c349d3f38e8881555d616ced269862dd' into E:\devops\Complete Terraform\terraform\terraform 15AUG\terraform15Aug\actions-runner\_work\_actions\_temp_fdc7ad09-dd8e-4ee6-9d6d-fb65ac41886f\53a26f1f-a0b8-40d2-b28c-c19eb716270c.zip.
[2026-08-18 04:25:29Z INFO ActionManager] Using Basic token for action archive download.
[2026-08-18 04:25:30Z INFO JobServerQueue] Try to append 1 batches web console lines for record 'bca0df54-bdc7-43e1-a307-b27fa6aa07c1', success rate: 1/1.
[2026-08-18 04:25:32Z INFO ActionManager] Request URL: https://codeload.github.com/hashicorp/setup-terraform/zip/b9cd54a3c349d3f38e8881555d616ced269862dd X-GitHub-Request-Id: D889:162A16:FEC9:12A929:6A83DEC0 Http Status: OK
[2026-08-18 04:25:32Z INFO ActionManager] Finished getting action repository.
[2026-08-18 04:25:32Z INFO HostContext] Well known directory 'Bin': 'E:\devops\Complete Terraform\terraform\terraform 15AUG\terraform15Aug\actions-runner\bin'
[2026-08-18 04:25:32Z INFO HostContext] Well known directory 'Root': 'E:\devops\Complete Terraform\terraform\terraform 15AUG\terraform15Aug\actions-runner'
[2026-08-18 04:25:32Z INFO HostContext] Well known directory 'Work': 'E:\devops\Complete Terraform\terraform\terraform 15AUG\terraform15Aug\actions-runner\_work'
[2026-08-18 04:25:32Z INFO HostContext] Well known directory 'Actions': 'E:\devops\Complete Terraform\terraform\terraform 15AUG\terraform15Aug\actions-runner\_work\_actions'
[2026-08-18 04:25:32Z INFO ActionManifestManagerLegacy] Load schema file with definitions: [
  "null",
  "boolean",
  "number",
  "string",
  "sequence",
  "mapping",
  "any",
  "action-root",
  "inputs",
  "input",
  "outputs",
  "output-definition",
  "runs",
  "container-runs",
  "container-runs-args",
  "container-runs-env",
  "node-runs",
  "plugin-runs",
  "composite-runs",
  "composite-steps",
  "composite-step",
  "run-step",
  "uses-step",
  "container-runs-context",
  "output-value",
  "input-default-context",
  "non-empty-string",
  "string-steps-context",
  "boolean-steps-context",
  "step-env",
  "step-if",
  "step-with"
]
[2026-08-18 04:25:32Z INFO ActionManifestManager] Load schema file with definitions: [
  "null",
  "boolean",
  "number",
  "string",
  "sequence",
  "mapping",
  "any",
  "action-root",
  "inputs",
  "input",
  "outputs",
  "output-definition",
  "runs",
  "container-runs",
  "container-runs-args",
  "container-runs-env",
  "node-runs",
  "plugin-runs",
  "composite-runs",
  "composite-steps",
  "composite-step",
  "run-step",
  "uses-step",
  "container-runs-context",
  "output-value",
  "input-default-context",
  "non-empty-string",
  "string-steps-context",
  "boolean-steps-context",
  "step-env",
  "step-if",
  "step-with"
]
[2026-08-18 04:25:32Z INFO HostContext] Well known directory 'Bin': 'E:\devops\Complete Terraform\terraform\terraform 15AUG\terraform15Aug\actions-runner\bin'
[2026-08-18 04:25:32Z INFO HostContext] Well known directory 'Root': 'E:\devops\Complete Terraform\terraform\terraform 15AUG\terraform15Aug\actions-runner'
[2026-08-18 04:25:32Z INFO HostContext] Well known directory 'Work': 'E:\devops\Complete Terraform\terraform\terraform 15AUG\terraform15Aug\actions-runner\_work'
[2026-08-18 04:25:32Z INFO HostContext] Well known directory 'Actions': 'E:\devops\Complete Terraform\terraform\terraform 15AUG\terraform15Aug\actions-runner\_work\_actions'
[2026-08-18 04:25:32Z INFO ActionManifestManagerLegacy] Loaded action.yml file: {
  "name": "Checkout",
  "description": "Checkout a Git repository at a particular version",
  "inputs": {
    "type": 2,
    "map": [
      {
        "key": {
          "type": 0,
          "file": 2,
          "line": 4,
          "col": 3,
          "lit": "repository"
        },
        "value": {
          "type": 3,
          "file": 2,
          "line": 6,
          "col": 14,
          "expr": "github.repository"
        }
      },
      {
        "key": {
          "type": 0,
          "file": 2,
          "line": 7,
          "col": 3,
          "lit": "ref"
        },
        "value": ""
      },
      {
        "key": {
          "type": 0,
          "file": 2,
          "line": 12,
          "col": 3,
          "lit": "token"
        },
        "value": {
          "type": 3,
          "file": 2,
          "line": 24,
          "col": 14,
          "expr": "github.token"
        }
      },
      {
        "key": {
          "type": 0,
          "file": 2,
          "line": 25,
          "col": 3,
          "lit": "ssh-key"
        },
        "value": ""
      },
      {
        "key": {
          "type": 0,
          "file": 2,
          "line": 37,
          "col": 3,
          "lit": "ssh-known-hosts"
        },
        "value": ""
      },
      {
        "key": {
          "type": 0,
          "file": 2,
          "line": 42,
          "col": 3,
          "lit": "ssh-strict"
        },
        "value": {
          "type": 0,
          "file": 2,
          "line": 47,
          "col": 14,
          "lit": "true"
        }
      },
      {
        "key": {
          "type": 0,
          "file": 2,
          "line": 48,
          "col": 3,
          "lit": "ssh-user"
        },
        "value": {
          "type": 0,
          "file": 2,
          "line": 51,
          "col": 14,
          "lit": "git"
        }
      },
      {
        "key": {
          "type": 0,
          "file": 2,
          "line": 52,
          "col": 3,
          "lit": "persist-credentials"
        },
        "value": {
          "type": 0,
          "file": 2,
          "line": 54,
          "col": 14,
          "lit": "true"
        }
      },
      {
        "key": {
          "type": 0,
          "file": 2,
          "line": 55,
          "col": 3,
          "lit": "path"
        },
        "value": ""
      },
      {
        "key": {
          "type": 0,
          "file": 2,
          "line": 57,
          "col": 3,
          "lit": "clean"
        },
        "value": {
          "type": 0,
          "file": 2,
          "line": 59,
          "col": 14,
          "lit": "true"
        }
      },
      {
        "key": {
          "type": 0,
          "file": 2,
          "line": 60,
          "col": 3,
          "lit": "filter"
        },
        "value": {
          "type": 0,
          "file": 2,
          "line": 64,
          "col": 14,
          "lit": ""
        }
      },
      {
        "key": {
          "type": 0,
          "file": 2,
          "line": 65,
          "col": 3,
          "lit": "sparse-checkout"
        },
        "value": {
          "type": 0,
          "file": 2,
          "line": 69,
          "col": 14,
          "lit": ""
        }
      },
      {
        "key": {
          "type": 0,
          "file": 2,
          "line": 70,
          "col": 3,
          "lit": "sparse-checkout-cone-mode"
        },
        "value": {
          "type": 0,
          "file": 2,
          "line": 73,
          "col": 14,
          "lit": "true"
        }
      },
      {
        "key": {
          "type": 0,
          "file": 2,
          "line": 74,
          "col": 3,
          "lit": "fetch-depth"
        },
        "value": {
          "type": 0,
          "file": 2,
          "line": 76,
          "col": 14,
          "lit": "1"
        }
      },
      {
        "key": {
          "type": 0,
          "file": 2,
          "line": 77,
          "col": 3,
          "lit": "fetch-tags"
        },
        "value": {
          "type": 0,
          "file": 2,
          "line": 79,
          "col": 14,
          "lit": "false"
        }
      },
      {
        "key": {
          "type": 0,
          "file": 2,
          "line": 80,
          "col": 3,
          "lit": "show-progress"
        },
        "value": {
          "type": 0,
          "file": 2,
          "line": 82,
          "col": 14,
          "lit": "true"
        }
      },
      {
        "key": {
          "type": 0,
          "file": 2,
          "line": 83,
          "col": 3,
          "lit": "lfs"
        },
        "value": {
          "type": 0,
          "file": 2,
          "line": 85,
          "col": 14,
          "lit": "false"
        }
      },
      {
        "key": {
          "type": 0,
          "file": 2,
          "line": 86,
          "col": 3,
          "lit": "submodules"
        },
        "value": {
          "type": 0,
          "file": 2,
          "line": 94,
          "col": 14,
          "lit": "false"
        }
      },
      {
        "key": {
          "type": 0,
          "file": 2,
          "line": 95,
          "col": 3,
          "lit": "set-safe-directory"
        },
        "value": {
          "type": 0,
          "file": 2,
          "line": 97,
          "col": 14,
          "lit": "true"
        }
      },
      {
        "key": {
          "type": 0,
          "file": 2,
          "line": 98,
          "col": 3,
          "lit": "github-server-url"
        },
        "value": ""
      },
      {
        "key": {
          "type": 0,
          "file": 2,
          "line": 101,
          "col": 3,
          "lit": "allow-unsafe-pr-checkout"
        },
        "value": {
          "type": 0,
          "file": 2,
          "line": 109,
          "col": 14,
          "lit": "false"
        }
      }
    ]
  },
  "execution": {
    "executionType": "nodeJS",
    "hasPre": false,
    "hasPost": true,
    "script": "dist/index.js",
    "pre": null,
    "post": "dist/index.js",
    "nodeVersion": "node20",
    "cleanupCondition": "always()",
    "initCondition": "always()"
  },
  "deprecated": null
}
[2026-08-18 04:25:32Z INFO ActionManager] Action node.js file: dist/index.js, no more preparation.
[2026-08-18 04:25:32Z INFO HostContext] Well known directory 'Bin': 'E:\devops\Complete Terraform\terraform\terraform 15AUG\terraform15Aug\actions-runner\bin'
[2026-08-18 04:25:32Z INFO HostContext] Well known directory 'Root': 'E:\devops\Complete Terraform\terraform\terraform 15AUG\terraform15Aug\actions-runner'
[2026-08-18 04:25:32Z INFO HostContext] Well known directory 'Work': 'E:\devops\Complete Terraform\terraform\terraform 15AUG\terraform15Aug\actions-runner\_work'
[2026-08-18 04:25:32Z INFO HostContext] Well known directory 'Actions': 'E:\devops\Complete Terraform\terraform\terraform 15AUG\terraform15Aug\actions-runner\_work\_actions'
[2026-08-18 04:25:32Z INFO ActionManager] Load action that reference repository from 'E:\devops\Complete Terraform\terraform\terraform 15AUG\terraform15Aug\actions-runner\_work\_actions\actions\checkout\v4'
[2026-08-18 04:25:32Z INFO HostContext] Well known directory 'Bin': 'E:\devops\Complete Terraform\terraform\terraform 15AUG\terraform15Aug\actions-runner\bin'
[2026-08-18 04:25:32Z INFO HostContext] Well known directory 'Root': 'E:\devops\Complete Terraform\terraform\terraform 15AUG\terraform15Aug\actions-runner'
[2026-08-18 04:25:32Z INFO HostContext] Well known directory 'Work': 'E:\devops\Complete Terraform\terraform\terraform 15AUG\terraform15Aug\actions-runner\_work'
[2026-08-18 04:25:32Z INFO HostContext] Well known directory 'Actions': 'E:\devops\Complete Terraform\terraform\terraform 15AUG\terraform15Aug\actions-runner\_work\_actions'
[2026-08-18 04:25:32Z INFO ActionManifestManagerLegacy] Loaded action.yml file: {
  "name": "Checkout",
  "description": "Checkout a Git repository at a particular version",
  "inputs": {
    "type": 2,
    "map": [
      {
        "key": {
          "type": 0,
          "file": 2,
          "line": 4,
          "col": 3,
          "lit": "repository"
        },
        "value": {
          "type": 3,
          "file": 2,
          "line": 6,
          "col": 14,
          "expr": "github.repository"
        }
      },
      {
        "key": {
          "type": 0,
          "file": 2,
          "line": 7,
          "col": 3,
          "lit": "ref"
        },
        "value": ""
      },
      {
        "key": {
          "type": 0,
          "file": 2,
          "line": 12,
          "col": 3,
          "lit": "token"
        },
        "value": {
          "type": 3,
          "file": 2,
          "line": 24,
          "col": 14,
          "expr": "github.token"
        }
      },
      {
        "key": {
          "type": 0,
          "file": 2,
          "line": 25,
          "col": 3,
          "lit": "ssh-key"
        },
        "value": ""
      },
      {
        "key": {
          "type": 0,
          "file": 2,
          "line": 37,
          "col": 3,
          "lit": "ssh-known-hosts"
        },
        "value": ""
      },
      {
        "key": {
          "type": 0,
          "file": 2,
          "line": 42,
          "col": 3,
          "lit": "ssh-strict"
        },
        "value": {
          "type": 0,
          "file": 2,
          "line": 47,
          "col": 14,
          "lit": "true"
        }
      },
      {
        "key": {
          "type": 0,
          "file": 2,
          "line": 48,
          "col": 3,
          "lit": "ssh-user"
        },
        "value": {
          "type": 0,
          "file": 2,
          "line": 51,
          "col": 14,
          "lit": "git"
        }
      },
      {
        "key": {
          "type": 0,
          "file": 2,
          "line": 52,
          "col": 3,
          "lit": "persist-credentials"
        },
        "value": {
          "type": 0,
          "file": 2,
          "line": 54,
          "col": 14,
          "lit": "true"
        }
      },
      {
        "key": {
          "type": 0,
          "file": 2,
          "line": 55,
          "col": 3,
          "lit": "path"
        },
        "value": ""
      },
      {
        "key": {
          "type": 0,
          "file": 2,
          "line": 57,
          "col": 3,
          "lit": "clean"
        },
        "value": {
          "type": 0,
          "file": 2,
          "line": 59,
          "col": 14,
          "lit": "true"
        }
      },
      {
        "key": {
          "type": 0,
          "file": 2,
          "line": 60,
          "col": 3,
          "lit": "filter"
        },
        "value": {
          "type": 0,
          "file": 2,
          "line": 64,
          "col": 14,
          "lit": ""
        }
      },
      {
        "key": {
          "type": 0,
          "file": 2,
          "line": 65,
          "col": 3,
          "lit": "sparse-checkout"
        },
        "value": {
          "type": 0,
          "file": 2,
          "line": 69,
          "col": 14,
          "lit": ""
        }
      },
      {
        "key": {
          "type": 0,
          "file": 2,
          "line": 70,
          "col": 3,
          "lit": "sparse-checkout-cone-mode"
        },
        "value": {
          "type": 0,
          "file": 2,
          "line": 73,
          "col": 14,
          "lit": "true"
        }
      },
      {
        "key": {
          "type": 0,
          "file": 2,
          "line": 74,
          "col": 3,
          "lit": "fetch-depth"
        },
        "value": {
          "type": 0,
          "file": 2,
          "line": 76,
          "col": 14,
          "lit": "1"
        }
      },
      {
        "key": {
          "type": 0,
          "file": 2,
          "line": 77,
          "col": 3,
          "lit": "fetch-tags"
        },
        "value": {
          "type": 0,
          "file": 2,
          "line": 79,
          "col": 14,
          "lit": "false"
        }
      },
      {
        "key": {
          "type": 0,
          "file": 2,
          "line": 80,
          "col": 3,
          "lit": "show-progress"
        },
        "value": {
          "type": 0,
          "file": 2,
          "line": 82,
          "col": 14,
          "lit": "true"
        }
      },
      {
        "key": {
          "type": 0,
          "file": 2,
          "line": 83,
          "col": 3,
          "lit": "lfs"
        },
        "value": {
          "type": 0,
          "file": 2,
          "line": 85,
          "col": 14,
          "lit": "false"
        }
      },
      {
        "key": {
          "type": 0,
          "file": 2,
          "line": 86,
          "col": 3,
          "lit": "submodules"
        },
        "value": {
          "type": 0,
          "file": 2,
          "line": 94,
          "col": 14,
          "lit": "false"
        }
      },
      {
        "key": {
          "type": 0,
          "file": 2,
          "line": 95,
          "col": 3,
          "lit": "set-safe-directory"
        },
        "value": {
          "type": 0,
          "file": 2,
          "line": 97,
          "col": 14,
          "lit": "true"
        }
      },
      {
        "key": {
          "type": 0,
          "file": 2,
          "line": 98,
          "col": 3,
          "lit": "github-server-url"
        },
        "value": ""
      },
      {
        "key": {
          "type": 0,
          "file": 2,
          "line": 101,
          "col": 3,
          "lit": "allow-unsafe-pr-checkout"
        },
        "value": {
          "type": 0,
          "file": 2,
          "line": 109,
          "col": 14,
          "lit": "false"
        }
      }
    ]
  },
  "execution": {
    "executionType": "nodeJS",
    "hasPre": false,
    "hasPost": true,
    "script": "dist/index.js",
    "pre": null,
    "post": "dist/index.js",
    "nodeVersion": "node20",
    "cleanupCondition": "always()",
    "initCondition": "always()"
  },
  "deprecated": null
}
[2026-08-18 04:25:32Z INFO ActionManager] Action pre node.js file: N/A.
[2026-08-18 04:25:32Z INFO ActionManager] Action node.js file: dist/index.js.
[2026-08-18 04:25:32Z INFO ActionManager] Action post node.js file: dist/index.js.
[2026-08-18 04:25:32Z INFO HostContext] Well known directory 'Bin': 'E:\devops\Complete Terraform\terraform\terraform 15AUG\terraform15Aug\actions-runner\bin'
[2026-08-18 04:25:32Z INFO HostContext] Well known directory 'Root': 'E:\devops\Complete Terraform\terraform\terraform 15AUG\terraform15Aug\actions-runner'
[2026-08-18 04:25:32Z INFO HostContext] Well known directory 'Work': 'E:\devops\Complete Terraform\terraform\terraform 15AUG\terraform15Aug\actions-runner\_work'
[2026-08-18 04:25:32Z INFO HostContext] Well known directory 'Actions': 'E:\devops\Complete Terraform\terraform\terraform 15AUG\terraform15Aug\actions-runner\_work\_actions'
[2026-08-18 04:25:32Z INFO HostContext] Well known directory 'Bin': 'E:\devops\Complete Terraform\terraform\terraform 15AUG\terraform15Aug\actions-runner\bin'
[2026-08-18 04:25:32Z INFO HostContext] Well known directory 'Root': 'E:\devops\Complete Terraform\terraform\terraform 15AUG\terraform15Aug\actions-runner'
[2026-08-18 04:25:32Z INFO HostContext] Well known directory 'Work': 'E:\devops\Complete Terraform\terraform\terraform 15AUG\terraform15Aug\actions-runner\_work'
[2026-08-18 04:25:32Z INFO HostContext] Well known directory 'Actions': 'E:\devops\Complete Terraform\terraform\terraform 15AUG\terraform15Aug\actions-runner\_work\_actions'
[2026-08-18 04:25:32Z INFO ActionManifestManagerLegacy] Ignore action property author.
[2026-08-18 04:25:32Z INFO ActionManifestManagerLegacy] Ignore action property branding.
[2026-08-18 04:25:32Z INFO ActionManifestManagerLegacy] Loaded action.yml file: {
  "name": "HashiCorp - Setup Terraform",
  "description": "Sets up Terraform CLI in your GitHub Actions workflow.",
  "inputs": {
    "type": 2,
    "map": [
      {
        "key": {
          "type": 0,
          "file": 3,
          "line": 5,
          "col": 3,
          "lit": "cli_config_credentials_hostname"
        },
        "value": {
          "type": 0,
          "file": 3,
          "line": 7,
          "col": 14,
          "lit": "app.terraform.io"
        }
      },
      {
        "key": {
          "type": 0,
          "file": 3,
          "line": 9,
          "col": 3,
          "lit": "cli_config_credentials_token"
        },
        "value": ""
      },
      {
        "key": {
          "type": 0,
          "file": 3,
          "line": 12,
          "col": 3,
          "lit": "terraform_version"
        },
        "value": {
          "type": 0,
          "file": 3,
          "line": 14,
          "col": 14,
          "lit": "latest"
        }
      },
      {
        "key": {
          "type": 0,
          "file": 3,
          "line": 16,
          "col": 3,
          "lit": "terraform_wrapper"
        },
        "value": {
          "type": 0,
          "file": 3,
          "line": 18,
          "col": 14,
          "lit": "true"
        }
      }
    ]
  },
  "execution": {
    "executionType": "nodeJS",
    "hasPre": false,
    "hasPost": false,
    "script": "dist/index.js",
    "pre": null,
    "post": null,
    "nodeVersion": "node20",
    "cleanupCondition": "always()",
    "initCondition": "always()"
  },
  "deprecated": null
}
[2026-08-18 04:25:32Z INFO ActionManager] Action node.js file: dist/index.js, no more preparation.
[2026-08-18 04:25:32Z INFO HostContext] Well known directory 'Bin': 'E:\devops\Complete Terraform\terraform\terraform 15AUG\terraform15Aug\actions-runner\bin'
[2026-08-18 04:25:32Z INFO HostContext] Well known directory 'Root': 'E:\devops\Complete Terraform\terraform\terraform 15AUG\terraform15Aug\actions-runner'
[2026-08-18 04:25:32Z INFO HostContext] Well known directory 'Work': 'E:\devops\Complete Terraform\terraform\terraform 15AUG\terraform15Aug\actions-runner\_work'
[2026-08-18 04:25:32Z INFO HostContext] Well known directory 'Actions': 'E:\devops\Complete Terraform\terraform\terraform 15AUG\terraform15Aug\actions-runner\_work\_actions'
[2026-08-18 04:25:32Z INFO ActionManager] Load action that reference repository from 'E:\devops\Complete Terraform\terraform\terraform 15AUG\terraform15Aug\actions-runner\_work\_actions\hashicorp\setup-terraform\v3'
[2026-08-18 04:25:32Z INFO HostContext] Well known directory 'Bin': 'E:\devops\Complete Terraform\terraform\terraform 15AUG\terraform15Aug\actions-runner\bin'
[2026-08-18 04:25:32Z INFO HostContext] Well known directory 'Root': 'E:\devops\Complete Terraform\terraform\terraform 15AUG\terraform15Aug\actions-runner'
[2026-08-18 04:25:32Z INFO HostContext] Well known directory 'Work': 'E:\devops\Complete Terraform\terraform\terraform 15AUG\terraform15Aug\actions-runner\_work'
[2026-08-18 04:25:32Z INFO HostContext] Well known directory 'Actions': 'E:\devops\Complete Terraform\terraform\terraform 15AUG\terraform15Aug\actions-runner\_work\_actions'
[2026-08-18 04:25:32Z INFO ActionManifestManagerLegacy] Ignore action property author.
[2026-08-18 04:25:32Z INFO ActionManifestManagerLegacy] Ignore action property branding.
[2026-08-18 04:25:32Z INFO ActionManifestManagerLegacy] Loaded action.yml file: {
  "name": "HashiCorp - Setup Terraform",
  "description": "Sets up Terraform CLI in your GitHub Actions workflow.",
  "inputs": {
    "type": 2,
    "map": [
      {
        "key": {
          "type": 0,
          "file": 3,
          "line": 5,
          "col": 3,
          "lit": "cli_config_credentials_hostname"
        },
        "value": {
          "type": 0,
          "file": 3,
          "line": 7,
          "col": 14,
          "lit": "app.terraform.io"
        }
      },
      {
        "key": {
          "type": 0,
          "file": 3,
          "line": 9,
          "col": 3,
          "lit": "cli_config_credentials_token"
        },
        "value": ""
      },
      {
        "key": {
          "type": 0,
          "file": 3,
          "line": 12,
          "col": 3,
          "lit": "terraform_version"
        },
        "value": {
          "type": 0,
          "file": 3,
          "line": 14,
          "col": 14,
          "lit": "latest"
        }
      },
      {
        "key": {
          "type": 0,
          "file": 3,
          "line": 16,
          "col": 3,
          "lit": "terraform_wrapper"
        },
        "value": {
          "type": 0,
          "file": 3,
          "line": 18,
          "col": 14,
          "lit": "true"
        }
      }
    ]
  },
  "execution": {
    "executionType": "nodeJS",
    "hasPre": false,
    "hasPost": false,
    "script": "dist/index.js",
    "pre": null,
    "post": null,
    "nodeVersion": "node20",
    "cleanupCondition": "always()",
    "initCondition": "always()"
  },
  "deprecated": null
}
[2026-08-18 04:25:32Z INFO ActionManager] Action pre node.js file: N/A.
[2026-08-18 04:25:32Z INFO ActionManager] Action node.js file: dist/index.js.
[2026-08-18 04:25:32Z INFO ActionManager] Action post node.js file: N/A.
[2026-08-18 04:25:32Z INFO JobExtension] Adding .
[2026-08-18 04:25:32Z INFO JobExtension] Adding .
[2026-08-18 04:25:32Z INFO JobExtension] Adding .
[2026-08-18 04:25:32Z INFO JobExtension] Adding .
[2026-08-18 04:25:32Z INFO JobExtension] Adding .
[2026-08-18 04:25:32Z INFO JobExtension] Adding .
[2026-08-18 04:25:32Z INFO JobExtension] Adding .
[2026-08-18 04:25:32Z INFO HostContext] Well known directory 'Bin': 'E:\devops\Complete Terraform\terraform\terraform 15AUG\terraform15Aug\actions-runner\bin'
[2026-08-18 04:25:32Z INFO HostContext] Well known directory 'Root': 'E:\devops\Complete Terraform\terraform\terraform 15AUG\terraform15Aug\actions-runner'
[2026-08-18 04:25:32Z INFO HostContext] Well known directory 'Diag': 'E:\devops\Complete Terraform\terraform\terraform 15AUG\terraform15Aug\actions-runner\_diag'
[2026-08-18 04:25:32Z INFO HostContext] Well known directory 'Bin': 'E:\devops\Complete Terraform\terraform\terraform 15AUG\terraform15Aug\actions-runner\bin'
[2026-08-18 04:25:32Z INFO HostContext] Well known directory 'Root': 'E:\devops\Complete Terraform\terraform\terraform 15AUG\terraform15Aug\actions-runner'
[2026-08-18 04:25:32Z INFO HostContext] Well known directory 'Diag': 'E:\devops\Complete Terraform\terraform\terraform 15AUG\terraform15Aug\actions-runner\_diag'
[2026-08-18 04:25:32Z INFO HostContext] Well known directory 'Bin': 'E:\devops\Complete Terraform\terraform\terraform 15AUG\terraform15Aug\actions-runner\bin'
[2026-08-18 04:25:32Z INFO HostContext] Well known directory 'Root': 'E:\devops\Complete Terraform\terraform\terraform 15AUG\terraform15Aug\actions-runner'
[2026-08-18 04:25:32Z INFO HostContext] Well known directory 'Diag': 'E:\devops\Complete Terraform\terraform\terraform 15AUG\terraform15Aug\actions-runner\_diag'
[2026-08-18 04:25:32Z INFO HostContext] Well known directory 'Bin': 'E:\devops\Complete Terraform\terraform\terraform 15AUG\terraform15Aug\actions-runner\bin'
[2026-08-18 04:25:32Z INFO HostContext] Well known directory 'Root': 'E:\devops\Complete Terraform\terraform\terraform 15AUG\terraform15Aug\actions-runner'
[2026-08-18 04:25:32Z INFO HostContext] Well known directory 'Diag': 'E:\devops\Complete Terraform\terraform\terraform 15AUG\terraform15Aug\actions-runner\_diag'
[2026-08-18 04:25:32Z INFO HostContext] Well known directory 'Bin': 'E:\devops\Complete Terraform\terraform\terraform 15AUG\terraform15Aug\actions-runner\bin'
[2026-08-18 04:25:32Z INFO HostContext] Well known directory 'Root': 'E:\devops\Complete Terraform\terraform\terraform 15AUG\terraform15Aug\actions-runner'
[2026-08-18 04:25:32Z INFO HostContext] Well known directory 'Diag': 'E:\devops\Complete Terraform\terraform\terraform 15AUG\terraform15Aug\actions-runner\_diag'
[2026-08-18 04:25:32Z INFO HostContext] Well known directory 'Bin': 'E:\devops\Complete Terraform\terraform\terraform 15AUG\terraform15Aug\actions-runner\bin'
[2026-08-18 04:25:32Z INFO HostContext] Well known directory 'Root': 'E:\devops\Complete Terraform\terraform\terraform 15AUG\terraform15Aug\actions-runner'
[2026-08-18 04:25:32Z INFO HostContext] Well known directory 'Diag': 'E:\devops\Complete Terraform\terraform\terraform 15AUG\terraform15Aug\actions-runner\_diag'
[2026-08-18 04:25:32Z INFO HostContext] Well known directory 'Bin': 'E:\devops\Complete Terraform\terraform\terraform 15AUG\terraform15Aug\actions-runner\bin'
[2026-08-18 04:25:32Z INFO HostContext] Well known directory 'Root': 'E:\devops\Complete Terraform\terraform\terraform 15AUG\terraform15Aug\actions-runner'
[2026-08-18 04:25:32Z INFO HostContext] Well known directory 'Diag': 'E:\devops\Complete Terraform\terraform\terraform 15AUG\terraform15Aug\actions-runner\_diag'
[2026-08-18 04:25:32Z INFO HostContext] Well known directory 'Bin': 'E:\devops\Complete Terraform\terraform\terraform 15AUG\terraform15Aug\actions-runner\bin'
[2026-08-18 04:25:32Z INFO HostContext] Well known directory 'Root': 'E:\devops\Complete Terraform\terraform\terraform 15AUG\terraform15Aug\actions-runner'
[2026-08-18 04:25:32Z INFO HostContext] Well known directory 'Diag': 'E:\devops\Complete Terraform\terraform\terraform 15AUG\terraform15Aug\actions-runner\_diag'
[2026-08-18 04:25:32Z INFO HostContext] Well known directory 'Bin': 'E:\devops\Complete Terraform\terraform\terraform 15AUG\terraform15Aug\actions-runner\bin'
[2026-08-18 04:25:32Z INFO HostContext] Well known directory 'Root': 'E:\devops\Complete Terraform\terraform\terraform 15AUG\terraform15Aug\actions-runner'
[2026-08-18 04:25:32Z INFO HostContext] Well known directory 'Diag': 'E:\devops\Complete Terraform\terraform\terraform 15AUG\terraform15Aug\actions-runner\_diag'
[2026-08-18 04:25:32Z INFO HostContext] Well known directory 'Bin': 'E:\devops\Complete Terraform\terraform\terraform 15AUG\terraform15Aug\actions-runner\bin'
[2026-08-18 04:25:32Z INFO HostContext] Well known directory 'Root': 'E:\devops\Complete Terraform\terraform\terraform 15AUG\terraform15Aug\actions-runner'
[2026-08-18 04:25:32Z INFO HostContext] Well known directory 'Diag': 'E:\devops\Complete Terraform\terraform\terraform 15AUG\terraform15Aug\actions-runner\_diag'
[2026-08-18 04:25:32Z INFO HostContext] Well known directory 'Bin': 'E:\devops\Complete Terraform\terraform\terraform 15AUG\terraform15Aug\actions-runner\bin'
[2026-08-18 04:25:32Z INFO HostContext] Well known directory 'Root': 'E:\devops\Complete Terraform\terraform\terraform 15AUG\terraform15Aug\actions-runner'
[2026-08-18 04:25:32Z INFO HostContext] Well known directory 'Diag': 'E:\devops\Complete Terraform\terraform\terraform 15AUG\terraform15Aug\actions-runner\_diag'
[2026-08-18 04:25:32Z INFO HostContext] Well known directory 'Bin': 'E:\devops\Complete Terraform\terraform\terraform 15AUG\terraform15Aug\actions-runner\bin'
[2026-08-18 04:25:32Z INFO HostContext] Well known directory 'Root': 'E:\devops\Complete Terraform\terraform\terraform 15AUG\terraform15Aug\actions-runner'
[2026-08-18 04:25:32Z INFO HostContext] Well known directory 'Diag': 'E:\devops\Complete Terraform\terraform\terraform 15AUG\terraform15Aug\actions-runner\_diag'
[2026-08-18 04:25:32Z INFO HostContext] Well known directory 'Bin': 'E:\devops\Complete Terraform\terraform\terraform 15AUG\terraform15Aug\actions-runner\bin'
[2026-08-18 04:25:32Z INFO HostContext] Well known directory 'Root': 'E:\devops\Complete Terraform\terraform\terraform 15AUG\terraform15Aug\actions-runner'
[2026-08-18 04:25:32Z INFO HostContext] Well known directory 'Diag': 'E:\devops\Complete Terraform\terraform\terraform 15AUG\terraform15Aug\actions-runner\_diag'
[2026-08-18 04:25:32Z INFO HostContext] Well known directory 'Bin': 'E:\devops\Complete Terraform\terraform\terraform 15AUG\terraform15Aug\actions-runner\bin'
[2026-08-18 04:25:32Z INFO HostContext] Well known directory 'Root': 'E:\devops\Complete Terraform\terraform\terraform 15AUG\terraform15Aug\actions-runner'
[2026-08-18 04:25:32Z INFO HostContext] Well known directory 'Diag': 'E:\devops\Complete Terraform\terraform\terraform 15AUG\terraform15Aug\actions-runner\_diag'
[2026-08-18 04:25:32Z INFO JobExtension] Total accessible running process: 242.
[2026-08-18 04:25:32Z INFO JobServerQueue] Try to append 1 batches web console lines for record 'bca0df54-bdc7-43e1-a307-b27fa6aa07c1', success rate: 1/1.
[2026-08-18 04:25:33Z INFO HostContext] Well known directory 'Bin': 'E:\devops\Complete Terraform\terraform\terraform 15AUG\terraform15Aug\actions-runner\bin'
[2026-08-18 04:25:33Z INFO HostContext] Well known directory 'Root': 'E:\devops\Complete Terraform\terraform\terraform 15AUG\terraform15Aug\actions-runner'
[2026-08-18 04:25:33Z INFO HostContext] Well known directory 'Work': 'E:\devops\Complete Terraform\terraform\terraform 15AUG\terraform15Aug\actions-runner\_work'
[2026-08-18 04:25:33Z INFO JobExtension] Start checking server connectivity.
[2026-08-18 04:25:33Z INFO JobExtension] Check server connectivity for https://broker.actions.githubusercontent.com/health.
[2026-08-18 04:25:33Z INFO JobExtension] Check server connectivity for https://token.actions.githubusercontent.com/ready.
[2026-08-18 04:25:33Z INFO JobExtension] Check server connectivity for https://run.actions.githubusercontent.com/health.
[2026-08-18 04:25:33Z INFO JobExtension] Start checking service connectivity in background.
[2026-08-18 04:25:33Z INFO ExecutionContext] Publish step telemetry for current step {
  "action": "setup_job",
  "type": "runner",
  "stage": "Pre",
  "stepId": "bca0df54-bdc7-43e1-a307-b27fa6aa07c1",
  "result": "succeeded",
  "errorMessages": [],
  "executionTimeInSeconds": 7,
  "startTime": "2026-08-18T04:25:26.9451817Z",
  "finishTime": "2026-08-18T04:25:33.1165784Z"
}.
[2026-08-18 04:25:33Z INFO JobRunner] Total job steps: 7.
[2026-08-18 04:25:33Z INFO JobRunner] Waiting for job to be marked as started.
[2026-08-18 04:25:33Z INFO JobRunner] Run all job steps.
[2026-08-18 04:25:33Z INFO DapDebugger] DapDebugger initialized
[2026-08-18 04:25:33Z INFO StepsRunner] Processing step: DisplayName='Checkout Code'
[2026-08-18 04:25:33Z INFO StepsRunner] Evaluating: success()
[2026-08-18 04:25:33Z INFO StepsRunner] Result: true
[2026-08-18 04:25:33Z INFO StepsRunner] Starting the step.
[2026-08-18 04:25:33Z INFO HostContext] Well known directory 'Bin': 'E:\devops\Complete Terraform\terraform\terraform 15AUG\terraform15Aug\actions-runner\bin'
[2026-08-18 04:25:33Z INFO HostContext] Well known directory 'Root': 'E:\devops\Complete Terraform\terraform\terraform 15AUG\terraform15Aug\actions-runner'
[2026-08-18 04:25:33Z INFO HostContext] Well known directory 'Work': 'E:\devops\Complete Terraform\terraform\terraform 15AUG\terraform15Aug\actions-runner\_work'
[2026-08-18 04:25:33Z INFO StepsRunner] Which2: 'chcp'
[2026-08-18 04:25:33Z INFO StepsRunner] Location: 'C:\Windows\system32\chcp.COM'
[2026-08-18 04:25:33Z INFO ProcessInvokerWrapper] Starting process:
[2026-08-18 04:25:33Z INFO ProcessInvokerWrapper]   File name: 'C:\Windows\system32\chcp.COM'
[2026-08-18 04:25:33Z INFO ProcessInvokerWrapper]   Arguments: '65001'
[2026-08-18 04:25:33Z INFO ProcessInvokerWrapper]   Working directory: 'E:\devops\Complete Terraform\terraform\terraform 15AUG\terraform15Aug\actions-runner\_work'
[2026-08-18 04:25:33Z INFO ProcessInvokerWrapper]   Require exit code zero: 'False'
[2026-08-18 04:25:33Z INFO ProcessInvokerWrapper]   Encoding web name:  ; code page: ''
[2026-08-18 04:25:33Z INFO ProcessInvokerWrapper]   Force kill process on cancellation: 'False'
[2026-08-18 04:25:33Z INFO ProcessInvokerWrapper]   Redirected STDIN: 'False'
[2026-08-18 04:25:33Z INFO ProcessInvokerWrapper]   Persist current code page: 'True'
[2026-08-18 04:25:33Z INFO ProcessInvokerWrapper]   Keep redirected STDIN open: 'False'
[2026-08-18 04:25:33Z INFO ProcessInvokerWrapper]   High priority process: 'False'
[2026-08-18 04:25:33Z INFO ProcessInvokerWrapper] Process started with process id 2104, waiting for process exit.
[2026-08-18 04:25:33Z INFO ProcessInvokerWrapper] STDOUT/STDERR stream read finished.
[2026-08-18 04:25:33Z INFO ProcessInvokerWrapper] STDOUT/STDERR stream read finished.
[2026-08-18 04:25:33Z INFO ProcessInvokerWrapper] Finished process 2104 with exit code 0, and elapsed time 00:00:00.0937155.
[2026-08-18 04:25:33Z INFO StepsRunner] Successfully returned to code page 65001 (UTF8)
[2026-08-18 04:25:33Z INFO HostContext] Well known directory 'Bin': 'E:\devops\Complete Terraform\terraform\terraform 15AUG\terraform15Aug\actions-runner\bin'
[2026-08-18 04:25:33Z INFO HostContext] Well known directory 'Root': 'E:\devops\Complete Terraform\terraform\terraform 15AUG\terraform15Aug\actions-runner'
[2026-08-18 04:25:33Z INFO HostContext] Well known directory 'Work': 'E:\devops\Complete Terraform\terraform\terraform 15AUG\terraform15Aug\actions-runner\_work'
[2026-08-18 04:25:33Z INFO HostContext] Well known directory 'Actions': 'E:\devops\Complete Terraform\terraform\terraform 15AUG\terraform15Aug\actions-runner\_work\_actions'
[2026-08-18 04:25:33Z INFO ActionManager] Load action that reference repository from 'E:\devops\Complete Terraform\terraform\terraform 15AUG\terraform15Aug\actions-runner\_work\_actions\actions\checkout\v4'
[2026-08-18 04:25:33Z INFO HostContext] Well known directory 'Bin': 'E:\devops\Complete Terraform\terraform\terraform 15AUG\terraform15Aug\actions-runner\bin'
[2026-08-18 04:25:33Z INFO HostContext] Well known directory 'Root': 'E:\devops\Complete Terraform\terraform\terraform 15AUG\terraform15Aug\actions-runner'
[2026-08-18 04:25:33Z INFO HostContext] Well known directory 'Work': 'E:\devops\Complete Terraform\terraform\terraform 15AUG\terraform15Aug\actions-runner\_work'
[2026-08-18 04:25:33Z INFO HostContext] Well known directory 'Actions': 'E:\devops\Complete Terraform\terraform\terraform 15AUG\terraform15Aug\actions-runner\_work\_actions'
[2026-08-18 04:25:33Z INFO ActionManifestManagerLegacy] Loaded action.yml file: {
  "name": "Checkout",
  "description": "Checkout a Git repository at a particular version",
  "inputs": {
    "type": 2,
    "map": [
      {
        "key": {
          "type": 0,
          "file": 2,
          "line": 4,
          "col": 3,
          "lit": "repository"
        },
        "value": {
          "type": 3,
          "file": 2,
          "line": 6,
          "col": 14,
          "expr": "github.repository"
        }
      },
      {
        "key": {
          "type": 0,
          "file": 2,
          "line": 7,
          "col": 3,
          "lit": "ref"
        },
        "value": ""
      },
      {
        "key": {
          "type": 0,
          "file": 2,
          "line": 12,
          "col": 3,
          "lit": "token"
        },
        "value": {
          "type": 3,
          "file": 2,
          "line": 24,
          "col": 14,
          "expr": "github.token"
        }
      },
      {
        "key": {
          "type": 0,
          "file": 2,
          "line": 25,
          "col": 3,
          "lit": "ssh-key"
        },
        "value": ""
      },
      {
        "key": {
          "type": 0,
          "file": 2,
          "line": 37,
          "col": 3,
          "lit": "ssh-known-hosts"
        },
        "value": ""
      },
      {
        "key": {
          "type": 0,
          "file": 2,
          "line": 42,
          "col": 3,
          "lit": "ssh-strict"
        },
        "value": {
          "type": 0,
          "file": 2,
          "line": 47,
          "col": 14,
          "lit": "true"
        }
      },
      {
        "key": {
          "type": 0,
          "file": 2,
          "line": 48,
          "col": 3,
          "lit": "ssh-user"
        },
        "value": {
          "type": 0,
          "file": 2,
          "line": 51,
          "col": 14,
          "lit": "git"
        }
      },
      {
        "key": {
          "type": 0,
          "file": 2,
          "line": 52,
          "col": 3,
          "lit": "persist-credentials"
        },
        "value": {
          "type": 0,
          "file": 2,
          "line": 54,
          "col": 14,
          "lit": "true"
        }
      },
      {
        "key": {
          "type": 0,
          "file": 2,
          "line": 55,
          "col": 3,
          "lit": "path"
        },
        "value": ""
      },
      {
        "key": {
          "type": 0,
          "file": 2,
          "line": 57,
          "col": 3,
          "lit": "clean"
        },
        "value": {
          "type": 0,
          "file": 2,
          "line": 59,
          "col": 14,
          "lit": "true"
        }
      },
      {
        "key": {
          "type": 0,
          "file": 2,
          "line": 60,
          "col": 3,
          "lit": "filter"
        },
        "value": {
          "type": 0,
          "file": 2,
          "line": 64,
          "col": 14,
          "lit": ""
        }
      },
      {
        "key": {
          "type": 0,
          "file": 2,
          "line": 65,
          "col": 3,
          "lit": "sparse-checkout"
        },
        "value": {
          "type": 0,
          "file": 2,
          "line": 69,
          "col": 14,
          "lit": ""
        }
      },
      {
        "key": {
          "type": 0,
          "file": 2,
          "line": 70,
          "col": 3,
          "lit": "sparse-checkout-cone-mode"
        },
        "value": {
          "type": 0,
          "file": 2,
          "line": 73,
          "col": 14,
          "lit": "true"
        }
      },
      {
        "key": {
          "type": 0,
          "file": 2,
          "line": 74,
          "col": 3,
          "lit": "fetch-depth"
        },
        "value": {
          "type": 0,
          "file": 2,
          "line": 76,
          "col": 14,
          "lit": "1"
        }
      },
      {
        "key": {
          "type": 0,
          "file": 2,
          "line": 77,
          "col": 3,
          "lit": "fetch-tags"
        },
        "value": {
          "type": 0,
          "file": 2,
          "line": 79,
          "col": 14,
          "lit": "false"
        }
      },
      {
        "key": {
          "type": 0,
          "file": 2,
          "line": 80,
          "col": 3,
          "lit": "show-progress"
        },
        "value": {
          "type": 0,
          "file": 2,
          "line": 82,
          "col": 14,
          "lit": "true"
        }
      },
      {
        "key": {
          "type": 0,
          "file": 2,
          "line": 83,
          "col": 3,
          "lit": "lfs"
        },
        "value": {
          "type": 0,
          "file": 2,
          "line": 85,
          "col": 14,
          "lit": "false"
        }
      },
      {
        "key": {
          "type": 0,
          "file": 2,
          "line": 86,
          "col": 3,
          "lit": "submodules"
        },
        "value": {
          "type": 0,
          "file": 2,
          "line": 94,
          "col": 14,
          "lit": "false"
        }
      },
      {
        "key": {
          "type": 0,
          "file": 2,
          "line": 95,
          "col": 3,
          "lit": "set-safe-directory"
        },
        "value": {
          "type": 0,
          "file": 2,
          "line": 97,
          "col": 14,
          "lit": "true"
        }
      },
      {
        "key": {
          "type": 0,
          "file": 2,
          "line": 98,
          "col": 3,
          "lit": "github-server-url"
        },
        "value": ""
      },
      {
        "key": {
          "type": 0,
          "file": 2,
          "line": 101,
          "col": 3,
          "lit": "allow-unsafe-pr-checkout"
        },
        "value": {
          "type": 0,
          "file": 2,
          "line": 109,
          "col": 14,
          "lit": "false"
        }
      }
    ]
  },
  "execution": {
    "executionType": "nodeJS",
    "hasPre": false,
    "hasPost": true,
    "script": "dist/index.js",
    "pre": null,
    "post": "dist/index.js",
    "nodeVersion": "node20",
    "cleanupCondition": "always()",
    "initCondition": "always()"
  },
  "deprecated": null
}
[2026-08-18 04:25:33Z INFO ActionManager] Action pre node.js file: N/A.
[2026-08-18 04:25:33Z INFO ActionManager] Action node.js file: dist/index.js.
[2026-08-18 04:25:33Z INFO ActionManager] Action post node.js file: dist/index.js.
[2026-08-18 04:25:33Z INFO ExecutionContext] Reserve record order 9 to 16 for post job actions.
[2026-08-18 04:25:33Z INFO HostContext] Well known directory 'Bin': 'E:\devops\Complete Terraform\terraform\terraform 15AUG\terraform15Aug\actions-runner\bin'
[2026-08-18 04:25:33Z INFO HostContext] Well known directory 'Root': 'E:\devops\Complete Terraform\terraform\terraform 15AUG\terraform15Aug\actions-runner'
[2026-08-18 04:25:33Z INFO HostContext] Well known directory 'Diag': 'E:\devops\Complete Terraform\terraform\terraform 15AUG\terraform15Aug\actions-runner\_diag'
[2026-08-18 04:25:33Z INFO HostContext] Well known directory 'Bin': 'E:\devops\Complete Terraform\terraform\terraform 15AUG\terraform15Aug\actions-runner\bin'
[2026-08-18 04:25:33Z INFO HostContext] Well known directory 'Root': 'E:\devops\Complete Terraform\terraform\terraform 15AUG\terraform15Aug\actions-runner'
[2026-08-18 04:25:33Z INFO HostContext] Well known directory 'Diag': 'E:\devops\Complete Terraform\terraform\terraform 15AUG\terraform15Aug\actions-runner\_diag'
[2026-08-18 04:25:33Z INFO HostContext] Well known directory 'Bin': 'E:\devops\Complete Terraform\terraform\terraform 15AUG\terraform15Aug\actions-runner\bin'
[2026-08-18 04:25:33Z INFO HostContext] Well known directory 'Root': 'E:\devops\Complete Terraform\terraform\terraform 15AUG\terraform15Aug\actions-runner'
[2026-08-18 04:25:33Z INFO HostContext] Well known directory 'Work': 'E:\devops\Complete Terraform\terraform\terraform 15AUG\terraform15Aug\actions-runner\_work'
[2026-08-18 04:25:33Z INFO HostContext] Well known directory 'Temp': 'E:\devops\Complete Terraform\terraform\terraform 15AUG\terraform15Aug\actions-runner\_work\_temp'
[2026-08-18 04:25:33Z INFO ExecutionContext] Write event payload to E:\devops\Complete Terraform\terraform\terraform 15AUG\terraform15Aug\actions-runner\_work\_temp\_github_workflow\event.json
[2026-08-18 04:25:33Z INFO HostContext] Well known directory 'Bin': 'E:\devops\Complete Terraform\terraform\terraform 15AUG\terraform15Aug\actions-runner\bin'
[2026-08-18 04:25:33Z INFO HostContext] Well known directory 'Root': 'E:\devops\Complete Terraform\terraform\terraform 15AUG\terraform15Aug\actions-runner'
[2026-08-18 04:25:33Z INFO HostContext] Well known directory 'Work': 'E:\devops\Complete Terraform\terraform\terraform 15AUG\terraform15Aug\actions-runner\_work'
[2026-08-18 04:25:33Z INFO HostContext] Well known directory 'Temp': 'E:\devops\Complete Terraform\terraform\terraform 15AUG\terraform15Aug\actions-runner\_work\_temp'
[2026-08-18 04:25:33Z INFO ExtensionManager] Getting extensions for interface: 'GitHub.Runner.Worker.IFileCommandExtension'
[2026-08-18 04:25:33Z INFO ExtensionManager] Creating instance: GitHub.Runner.Worker.AddPathFileCommand, Runner.Worker
[2026-08-18 04:25:33Z INFO ExtensionManager] Creating instance: GitHub.Runner.Worker.SetEnvFileCommand, Runner.Worker
[2026-08-18 04:25:33Z INFO ExtensionManager] Creating instance: GitHub.Runner.Worker.CreateStepSummaryCommand, Runner.Worker
[2026-08-18 04:25:33Z INFO ExtensionManager] Creating instance: GitHub.Runner.Worker.SaveStateFileCommand, Runner.Worker
[2026-08-18 04:25:33Z INFO ExtensionManager] Creating instance: GitHub.Runner.Worker.SetOutputFileCommand, Runner.Worker
[2026-08-18 04:25:33Z INFO ExtensionManager] Creating instance: GitHub.Runner.Worker.CreateArtifactsFileCommand, Runner.Worker
[2026-08-18 04:25:33Z INFO ExtensionManager] Creating instance: GitHub.Runner.Worker.ArtifactsListFileCommand, Runner.Worker
[2026-08-18 04:25:33Z INFO ActionManifestManagerLegacy] Input 'repository': default value evaluate result: {
  "type": 0,
  "file": 2,
  "line": 6,
  "col": 14,
  "lit": "rahulsharma582/terraform15Aug"
}
[2026-08-18 04:25:33Z INFO ActionManifestManagerLegacy] Input 'ref': default value evaluate result: ""
[2026-08-18 04:25:33Z INFO ActionManifestManagerLegacy] Input 'token': default value evaluate result: {
  "type": 0,
  "file": 2,
  "line": 24,
  "col": 14,
  "lit": "***"
}
[2026-08-18 04:25:33Z INFO ActionManifestManagerLegacy] Input 'ssh-key': default value evaluate result: ""
[2026-08-18 04:25:33Z INFO ActionManifestManagerLegacy] Input 'ssh-known-hosts': default value evaluate result: ""
[2026-08-18 04:25:33Z INFO ActionManifestManagerLegacy] Input 'ssh-strict': default value evaluate result: {
  "type": 0,
  "file": 2,
  "line": 47,
  "col": 14,
  "lit": "true"
}
[2026-08-18 04:25:33Z INFO ActionManifestManagerLegacy] Input 'ssh-user': default value evaluate result: {
  "type": 0,
  "file": 2,
  "line": 51,
  "col": 14,
  "lit": "git"
}
[2026-08-18 04:25:33Z INFO ActionManifestManagerLegacy] Input 'persist-credentials': default value evaluate result: {
  "type": 0,
  "file": 2,
  "line": 54,
  "col": 14,
  "lit": "true"
}
[2026-08-18 04:25:33Z INFO ActionManifestManagerLegacy] Input 'path': default value evaluate result: ""
[2026-08-18 04:25:33Z INFO ActionManifestManagerLegacy] Input 'clean': default value evaluate result: {
  "type": 0,
  "file": 2,
  "line": 59,
  "col": 14,
  "lit": "true"
}
[2026-08-18 04:25:33Z INFO ActionManifestManagerLegacy] Input 'filter': default value evaluate result: {
  "type": 0,
  "file": 2,
  "line": 64,
  "col": 14,
  "lit": ""
}
[2026-08-18 04:25:33Z INFO ActionManifestManagerLegacy] Input 'sparse-checkout': default value evaluate result: {
  "type": 0,
  "file": 2,
  "line": 69,
  "col": 14,
  "lit": ""
}
[2026-08-18 04:25:33Z INFO ActionManifestManagerLegacy] Input 'sparse-checkout-cone-mode': default value evaluate result: {
  "type": 0,
  "file": 2,
  "line": 73,
  "col": 14,
  "lit": "true"
}
[2026-08-18 04:25:33Z INFO ActionManifestManagerLegacy] Input 'fetch-tags': default value evaluate result: {
  "type": 0,
  "file": 2,
  "line": 79,
  "col": 14,
  "lit": "false"
}
[2026-08-18 04:25:33Z INFO ActionManifestManagerLegacy] Input 'show-progress': default value evaluate result: {
  "type": 0,
  "file": 2,
  "line": 82,
  "col": 14,
  "lit": "true"
}
[2026-08-18 04:25:33Z INFO ActionManifestManagerLegacy] Input 'lfs': default value evaluate result: {
  "type": 0,
  "file": 2,
  "line": 85,
  "col": 14,
  "lit": "false"
}
[2026-08-18 04:25:33Z INFO ActionManifestManagerLegacy] Input 'submodules': default value evaluate result: {
  "type": 0,
  "file": 2,
  "line": 94,
  "col": 14,
  "lit": "false"
}
[2026-08-18 04:25:33Z INFO ActionManifestManagerLegacy] Input 'set-safe-directory': default value evaluate result: {
  "type": 0,
  "file": 2,
  "line": 97,
  "col": 14,
  "lit": "true"
}
[2026-08-18 04:25:33Z INFO ActionManifestManagerLegacy] Input 'github-server-url': default value evaluate result: ""
[2026-08-18 04:25:33Z INFO ActionManifestManagerLegacy] Input 'allow-unsafe-pr-checkout': default value evaluate result: {
  "type": 0,
  "file": 2,
  "line": 109,
  "col": 14,
  "lit": "false"
}
[2026-08-18 04:25:33Z INFO ExtensionManager] Getting extensions for interface: 'GitHub.Runner.Worker.IActionCommandExtension'
[2026-08-18 04:25:33Z INFO ExtensionManager] Creating instance: GitHub.Runner.Worker.InternalPluginSetRepoPathCommandExtension, Runner.Worker
[2026-08-18 04:25:33Z INFO ExtensionManager] Creating instance: GitHub.Runner.Worker.SetEnvCommandExtension, Runner.Worker
[2026-08-18 04:25:33Z INFO ExtensionManager] Creating instance: GitHub.Runner.Worker.SetOutputCommandExtension, Runner.Worker
[2026-08-18 04:25:33Z INFO ExtensionManager] Creating instance: GitHub.Runner.Worker.SaveStateCommandExtension, Runner.Worker
[2026-08-18 04:25:33Z INFO ExtensionManager] Creating instance: GitHub.Runner.Worker.AddPathCommandExtension, Runner.Worker
[2026-08-18 04:25:33Z INFO ExtensionManager] Creating instance: GitHub.Runner.Worker.AddMaskCommandExtension, Runner.Worker
[2026-08-18 04:25:33Z INFO ExtensionManager] Creating instance: GitHub.Runner.Worker.AddMatcherCommandExtension, Runner.Worker
[2026-08-18 04:25:33Z INFO ExtensionManager] Creating instance: GitHub.Runner.Worker.RemoveMatcherCommandExtension, Runner.Worker
[2026-08-18 04:25:33Z INFO ExtensionManager] Creating instance: GitHub.Runner.Worker.WarningCommandExtension, Runner.Worker
[2026-08-18 04:25:33Z INFO ExtensionManager] Creating instance: GitHub.Runner.Worker.ErrorCommandExtension, Runner.Worker
[2026-08-18 04:25:33Z INFO ExtensionManager] Creating instance: GitHub.Runner.Worker.NoticeCommandExtension, Runner.Worker
[2026-08-18 04:25:33Z INFO ExtensionManager] Creating instance: GitHub.Runner.Worker.DebugCommandExtension, Runner.Worker
[2026-08-18 04:25:33Z INFO ExtensionManager] Creating instance: GitHub.Runner.Worker.GroupCommandExtension, Runner.Worker
[2026-08-18 04:25:33Z INFO ExtensionManager] Creating instance: GitHub.Runner.Worker.EndGroupCommandExtension, Runner.Worker
[2026-08-18 04:25:33Z INFO ExtensionManager] Creating instance: GitHub.Runner.Worker.EchoCommandExtension, Runner.Worker
[2026-08-18 04:25:33Z INFO ActionCommandManager] Register action command extension for command internal-set-repo-path
[2026-08-18 04:25:33Z INFO ActionCommandManager] Register action command extension for command set-env
[2026-08-18 04:25:33Z INFO ActionCommandManager] Register action command extension for command set-output
[2026-08-18 04:25:33Z INFO ActionCommandManager] Register action command extension for command save-state
[2026-08-18 04:25:33Z INFO ActionCommandManager] Register action command extension for command add-path
[2026-08-18 04:25:33Z INFO ActionCommandManager] Register action command extension for command add-mask
[2026-08-18 04:25:33Z INFO ActionCommandManager] Register action command extension for command add-matcher
[2026-08-18 04:25:33Z INFO ActionCommandManager] Register action command extension for command remove-matcher
[2026-08-18 04:25:33Z INFO ActionCommandManager] Register action command extension for command warning
[2026-08-18 04:25:33Z INFO ActionCommandManager] Register action command extension for command error
[2026-08-18 04:25:33Z INFO ActionCommandManager] Register action command extension for command notice
[2026-08-18 04:25:33Z INFO ActionCommandManager] Register action command extension for command debug
[2026-08-18 04:25:33Z INFO ActionCommandManager] Register action command extension for command group
[2026-08-18 04:25:33Z INFO ActionCommandManager] Register action command extension for command endgroup
[2026-08-18 04:25:33Z INFO ActionCommandManager] Register action command extension for command echo
[2026-08-18 04:25:33Z INFO HostContext] Well known directory 'Bin': 'E:\devops\Complete Terraform\terraform\terraform 15AUG\terraform15Aug\actions-runner\bin'
[2026-08-18 04:25:33Z INFO HostContext] Well known directory 'Root': 'E:\devops\Complete Terraform\terraform\terraform 15AUG\terraform15Aug\actions-runner'
[2026-08-18 04:25:33Z INFO HostContext] Well known directory 'Externals': 'E:\devops\Complete Terraform\terraform\terraform 15AUG\terraform15Aug\actions-runner\externals'
[2026-08-18 04:25:33Z INFO ProcessInvokerWrapper] Starting process:
[2026-08-18 04:25:33Z INFO ProcessInvokerWrapper]   File name: 'E:\devops\Complete Terraform\terraform\terraform 15AUG\terraform15Aug\actions-runner\externals\node24\bin\node.exe'
[2026-08-18 04:25:33Z INFO ProcessInvokerWrapper]   Arguments: '"E:\devops\Complete Terraform\terraform\terraform 15AUG\terraform15Aug\actions-runner\_work\_actions\actions\checkout\v4\dist/index.js"'
[2026-08-18 04:25:33Z INFO ProcessInvokerWrapper]   Working directory: 'E:\devops\Complete Terraform\terraform\terraform 15AUG\terraform15Aug\actions-runner\_work\terraform15Aug\terraform15Aug'
[2026-08-18 04:25:33Z INFO ProcessInvokerWrapper]   Require exit code zero: 'False'
[2026-08-18 04:25:33Z INFO ProcessInvokerWrapper]   Encoding web name: utf-8 ; code page: '65001'
[2026-08-18 04:25:33Z INFO ProcessInvokerWrapper]   Force kill process on cancellation: 'False'
[2026-08-18 04:25:33Z INFO ProcessInvokerWrapper]   Redirected STDIN: 'False'
[2026-08-18 04:25:33Z INFO ProcessInvokerWrapper]   Persist current code page: 'True'
[2026-08-18 04:25:33Z INFO ProcessInvokerWrapper]   Keep redirected STDIN open: 'False'
[2026-08-18 04:25:33Z INFO ProcessInvokerWrapper]   High priority process: 'False'
[2026-08-18 04:25:33Z INFO JobServerQueue] Got a step log file to send to results service.
[2026-08-18 04:25:33Z INFO JobServerQueue] Starting upload of step log file to results service ResultsLog, E:\devops\Complete Terraform\terraform\terraform 15AUG\terraform15Aug\actions-runner\_diag\blocks\56da58bb-64cc-4515-a67d-0eab7def44e5_bca0df54-bdc7-43e1-a307-b27fa6aa07c1.1
[2026-08-18 04:25:33Z INFO JobServerQueue] Try to upload 1 log files or attachments, success rate: 1/1.
[2026-08-18 04:25:33Z INFO JobServerQueue] Try to append 1 batches web console lines for record '9c00adc5-8997-4e03-a333-c7a9d71a56d4', success rate: 1/1.
[2026-08-18 04:25:38Z INFO JobServerQueue] Tried to upload 1 file(s) to results, success rate: 1/1.
[2026-08-18 04:25:43Z INFO HostContext] Well known directory 'Bin': 'E:\devops\Complete Terraform\terraform\terraform 15AUG\terraform15Aug\actions-runner\bin'
[2026-08-18 04:25:43Z INFO HostContext] Well known directory 'Root': 'E:\devops\Complete Terraform\terraform\terraform 15AUG\terraform15Aug\actions-runner'
[2026-08-18 04:25:43Z INFO HostContext] Well known directory 'Work': 'E:\devops\Complete Terraform\terraform\terraform 15AUG\terraform15Aug\actions-runner\_work'
[2026-08-18 04:25:47Z INFO ProcessInvokerWrapper] Process started with process id 8676, waiting for process exit.
[2026-08-18 04:25:48Z INFO JobServerQueue] Try to append 1 batches web console lines for record '9c00adc5-8997-4e03-a333-c7a9d71a56d4', success rate: 1/1.
[2026-08-18 04:25:48Z INFO AddMaskCommandExtension] Add new secret mask with length of 524
[2026-08-18 04:25:48Z INFO JobServerQueue] Try to append 1 batches web console lines for record '9c00adc5-8997-4e03-a333-c7a9d71a56d4', success rate: 1/1.
[2026-08-18 04:25:48Z INFO JobServerQueue] Try to append 1 batches web console lines for record '9c00adc5-8997-4e03-a333-c7a9d71a56d4', success rate: 1/1.
[2026-08-18 04:25:48Z INFO JobServerQueue] Try to append 1 batches web console lines for record '9c00adc5-8997-4e03-a333-c7a9d71a56d4', success rate: 1/1.
[2026-08-18 04:25:51Z INFO JobServerQueue] Try to append 1 batches web console lines for record '9c00adc5-8997-4e03-a333-c7a9d71a56d4', success rate: 1/1.
[2026-08-18 04:25:51Z INFO JobServerQueue] Try to append 1 batches web console lines for record '9c00adc5-8997-4e03-a333-c7a9d71a56d4', success rate: 1/1.
[2026-08-18 04:25:51Z INFO JobServerQueue] Try to append 1 batches web console lines for record '9c00adc5-8997-4e03-a333-c7a9d71a56d4', success rate: 1/1.
[2026-08-18 04:25:53Z INFO HostContext] Well known directory 'Bin': 'E:\devops\Complete Terraform\terraform\terraform 15AUG\terraform15Aug\actions-runner\bin'
[2026-08-18 04:25:53Z INFO HostContext] Well known directory 'Root': 'E:\devops\Complete Terraform\terraform\terraform 15AUG\terraform15Aug\actions-runner'
[2026-08-18 04:25:53Z INFO HostContext] Well known directory 'Work': 'E:\devops\Complete Terraform\terraform\terraform 15AUG\terraform15Aug\actions-runner\_work'
[2026-08-18 04:25:53Z INFO JobServerQueue] Try to append 1 batches web console lines for record '9c00adc5-8997-4e03-a333-c7a9d71a56d4', success rate: 1/1.
[2026-08-18 04:25:54Z INFO JobServerQueue] Try to append 1 batches web console lines for record '9c00adc5-8997-4e03-a333-c7a9d71a56d4', success rate: 1/1.
[2026-08-18 04:25:55Z INFO JobServerQueue] Try to append 1 batches web console lines for record '9c00adc5-8997-4e03-a333-c7a9d71a56d4', success rate: 1/1.
[2026-08-18 04:25:56Z INFO JobServerQueue] Try to append 1 batches web console lines for record '9c00adc5-8997-4e03-a333-c7a9d71a56d4', success rate: 1/1.
[2026-08-18 04:25:58Z INFO JobServerQueue] Try to append 1 batches web console lines for record '9c00adc5-8997-4e03-a333-c7a9d71a56d4', success rate: 1/1.
[2026-08-18 04:26:00Z INFO JobServerQueue] Try to append 1 batches web console lines for record '9c00adc5-8997-4e03-a333-c7a9d71a56d4', success rate: 1/1.
[2026-08-18 04:26:00Z INFO JobServerQueue] Try to append 1 batches web console lines for record '9c00adc5-8997-4e03-a333-c7a9d71a56d4', success rate: 1/1.
[2026-08-18 04:26:00Z INFO ProcessInvokerWrapper] STDOUT/STDERR stream read finished.
[2026-08-18 04:26:00Z INFO ProcessInvokerWrapper] STDOUT/STDERR stream read finished.
[2026-08-18 04:26:00Z INFO ProcessInvokerWrapper] Finished process 8676 with exit code 0, and elapsed time 00:00:26.9394953.
[2026-08-18 04:26:00Z INFO CreateStepSummaryCommand] Step Summary file (E:\devops\Complete Terraform\terraform\terraform 15AUG\terraform15Aug\actions-runner\_work\_temp\_runner_file_commands\step_summary_4c8e7d2a-487f-443c-b3da-d465334a2356) is empty; skipping attachment upload
[2026-08-18 04:26:00Z INFO StepsRunner] Step result: 
[2026-08-18 04:26:00Z INFO ExecutionContext] Publish step telemetry for current step {
  "action": "actions/checkout",
  "ref": "v4",
  "type": "node24",
  "stage": "Main",
  "stepId": "9c00adc5-8997-4e03-a333-c7a9d71a56d4",
  "stepContextName": "__actions_checkout",
  "hasPreStep": false,
  "hasPostStep": true,
  "result": "succeeded",
  "errorMessages": [],
  "executionTimeInSeconds": 28,
  "startTime": "2026-08-18T04:25:33.1711816Z",
  "finishTime": "2026-08-18T04:26:00.4986972Z"
}.
[2026-08-18 04:26:00Z INFO StepsRunner] No need for updating job result with current step result 'Succeeded'.
[2026-08-18 04:26:00Z INFO StepsRunner] Current state: job state = ''
[2026-08-18 04:26:00Z INFO StepsRunner] Processing step: DisplayName='Setup Terraform'
[2026-08-18 04:26:00Z INFO StepsRunner] Evaluating: success()
[2026-08-18 04:26:00Z INFO StepsRunner] Result: true
[2026-08-18 04:26:00Z INFO StepsRunner] Starting the step.
[2026-08-18 04:26:00Z INFO HostContext] Well known directory 'Bin': 'E:\devops\Complete Terraform\terraform\terraform 15AUG\terraform15Aug\actions-runner\bin'
[2026-08-18 04:26:00Z INFO HostContext] Well known directory 'Root': 'E:\devops\Complete Terraform\terraform\terraform 15AUG\terraform15Aug\actions-runner'
[2026-08-18 04:26:00Z INFO HostContext] Well known directory 'Work': 'E:\devops\Complete Terraform\terraform\terraform 15AUG\terraform15Aug\actions-runner\_work'
[2026-08-18 04:26:00Z INFO StepsRunner] Which2: 'chcp'
[2026-08-18 04:26:00Z INFO StepsRunner] Location: 'C:\Windows\system32\chcp.COM'
[2026-08-18 04:26:00Z INFO ProcessInvokerWrapper] Starting process:
[2026-08-18 04:26:00Z INFO ProcessInvokerWrapper]   File name: 'C:\Windows\system32\chcp.COM'
[2026-08-18 04:26:00Z INFO ProcessInvokerWrapper]   Arguments: '65001'
[2026-08-18 04:26:00Z INFO ProcessInvokerWrapper]   Working directory: 'E:\devops\Complete Terraform\terraform\terraform 15AUG\terraform15Aug\actions-runner\_work'
[2026-08-18 04:26:00Z INFO ProcessInvokerWrapper]   Require exit code zero: 'False'
[2026-08-18 04:26:00Z INFO ProcessInvokerWrapper]   Encoding web name:  ; code page: ''
[2026-08-18 04:26:00Z INFO ProcessInvokerWrapper]   Force kill process on cancellation: 'False'
[2026-08-18 04:26:00Z INFO ProcessInvokerWrapper]   Redirected STDIN: 'False'
[2026-08-18 04:26:00Z INFO ProcessInvokerWrapper]   Persist current code page: 'True'
[2026-08-18 04:26:00Z INFO ProcessInvokerWrapper]   Keep redirected STDIN open: 'False'
[2026-08-18 04:26:00Z INFO ProcessInvokerWrapper]   High priority process: 'False'
[2026-08-18 04:26:00Z INFO ProcessInvokerWrapper] Process started with process id 1440, waiting for process exit.
[2026-08-18 04:26:00Z INFO ProcessInvokerWrapper] STDOUT/STDERR stream read finished.
[2026-08-18 04:26:00Z INFO ProcessInvokerWrapper] STDOUT/STDERR stream read finished.
[2026-08-18 04:26:00Z INFO ProcessInvokerWrapper] Finished process 1440 with exit code 0, and elapsed time 00:00:00.0271882.
[2026-08-18 04:26:00Z INFO StepsRunner] Successfully returned to code page 65001 (UTF8)
[2026-08-18 04:26:00Z INFO HostContext] Well known directory 'Bin': 'E:\devops\Complete Terraform\terraform\terraform 15AUG\terraform15Aug\actions-runner\bin'
[2026-08-18 04:26:00Z INFO HostContext] Well known directory 'Root': 'E:\devops\Complete Terraform\terraform\terraform 15AUG\terraform15Aug\actions-runner'
[2026-08-18 04:26:00Z INFO HostContext] Well known directory 'Work': 'E:\devops\Complete Terraform\terraform\terraform 15AUG\terraform15Aug\actions-runner\_work'
[2026-08-18 04:26:00Z INFO HostContext] Well known directory 'Actions': 'E:\devops\Complete Terraform\terraform\terraform 15AUG\terraform15Aug\actions-runner\_work\_actions'
[2026-08-18 04:26:00Z INFO ActionManager] Load action that reference repository from 'E:\devops\Complete Terraform\terraform\terraform 15AUG\terraform15Aug\actions-runner\_work\_actions\hashicorp\setup-terraform\v3'
[2026-08-18 04:26:00Z INFO HostContext] Well known directory 'Bin': 'E:\devops\Complete Terraform\terraform\terraform 15AUG\terraform15Aug\actions-runner\bin'
[2026-08-18 04:26:00Z INFO HostContext] Well known directory 'Root': 'E:\devops\Complete Terraform\terraform\terraform 15AUG\terraform15Aug\actions-runner'
[2026-08-18 04:26:00Z INFO HostContext] Well known directory 'Work': 'E:\devops\Complete Terraform\terraform\terraform 15AUG\terraform15Aug\actions-runner\_work'
[2026-08-18 04:26:00Z INFO HostContext] Well known directory 'Actions': 'E:\devops\Complete Terraform\terraform\terraform 15AUG\terraform15Aug\actions-runner\_work\_actions'
[2026-08-18 04:26:00Z INFO ActionManifestManagerLegacy] Ignore action property author.
[2026-08-18 04:26:00Z INFO ActionManifestManagerLegacy] Ignore action property branding.
[2026-08-18 04:26:00Z INFO ActionManifestManagerLegacy] Loaded action.yml file: {
  "name": "HashiCorp - Setup Terraform",
  "description": "Sets up Terraform CLI in your GitHub Actions workflow.",
  "inputs": {
    "type": 2,
    "map": [
      {
        "key": {
          "type": 0,
          "file": 3,
          "line": 5,
          "col": 3,
          "lit": "cli_config_credentials_hostname"
        },
        "value": {
          "type": 0,
          "file": 3,
          "line": 7,
          "col": 14,
          "lit": "app.terraform.io"
        }
      },
      {
        "key": {
          "type": 0,
          "file": 3,
          "line": 9,
          "col": 3,
          "lit": "cli_config_credentials_token"
        },
        "value": ""
      },
      {
        "key": {
          "type": 0,
          "file": 3,
          "line": 12,
          "col": 3,
          "lit": "terraform_version"
        },
        "value": {
          "type": 0,
          "file": 3,
          "line": 14,
          "col": 14,
          "lit": "latest"
        }
      },
      {
        "key": {
          "type": 0,
          "file": 3,
          "line": 16,
          "col": 3,
          "lit": "terraform_wrapper"
        },
        "value": {
          "type": 0,
          "file": 3,
          "line": 18,
          "col": 14,
          "lit": "true"
        }
      }
    ]
  },
  "execution": {
    "executionType": "nodeJS",
    "hasPre": false,
    "hasPost": false,
    "script": "dist/index.js",
    "pre": null,
    "post": null,
    "nodeVersion": "node20",
    "cleanupCondition": "always()",
    "initCondition": "always()"
  },
  "deprecated": null
}
[2026-08-18 04:26:00Z INFO ActionManager] Action pre node.js file: N/A.
[2026-08-18 04:26:00Z INFO ActionManager] Action node.js file: dist/index.js.
[2026-08-18 04:26:00Z INFO ActionManager] Action post node.js file: N/A.
[2026-08-18 04:26:00Z INFO HostContext] Well known directory 'Bin': 'E:\devops\Complete Terraform\terraform\terraform 15AUG\terraform15Aug\actions-runner\bin'
[2026-08-18 04:26:00Z INFO HostContext] Well known directory 'Root': 'E:\devops\Complete Terraform\terraform\terraform 15AUG\terraform15Aug\actions-runner'
[2026-08-18 04:26:00Z INFO HostContext] Well known directory 'Work': 'E:\devops\Complete Terraform\terraform\terraform 15AUG\terraform15Aug\actions-runner\_work'
[2026-08-18 04:26:00Z INFO HostContext] Well known directory 'Temp': 'E:\devops\Complete Terraform\terraform\terraform 15AUG\terraform15Aug\actions-runner\_work\_temp'
[2026-08-18 04:26:00Z INFO ExecutionContext] Write event payload to E:\devops\Complete Terraform\terraform\terraform 15AUG\terraform15Aug\actions-runner\_work\_temp\_github_workflow\event.json
[2026-08-18 04:26:00Z INFO HostContext] Well known directory 'Bin': 'E:\devops\Complete Terraform\terraform\terraform 15AUG\terraform15Aug\actions-runner\bin'
[2026-08-18 04:26:00Z INFO HostContext] Well known directory 'Root': 'E:\devops\Complete Terraform\terraform\terraform 15AUG\terraform15Aug\actions-runner'
[2026-08-18 04:26:00Z INFO HostContext] Well known directory 'Work': 'E:\devops\Complete Terraform\terraform\terraform 15AUG\terraform15Aug\actions-runner\_work'
[2026-08-18 04:26:00Z INFO HostContext] Well known directory 'Temp': 'E:\devops\Complete Terraform\terraform\terraform 15AUG\terraform15Aug\actions-runner\_work\_temp'
[2026-08-18 04:26:00Z INFO ExtensionManager] Getting extensions for interface: 'GitHub.Runner.Worker.IFileCommandExtension'
[2026-08-18 04:26:00Z INFO ActionManifestManagerLegacy] Input 'cli_config_credentials_hostname': default value evaluate result: {
  "type": 0,
  "file": 3,
  "line": 7,
  "col": 14,
  "lit": "app.terraform.io"
}
[2026-08-18 04:26:00Z INFO ActionManifestManagerLegacy] Input 'cli_config_credentials_token': default value evaluate result: ""
[2026-08-18 04:26:00Z INFO ActionManifestManagerLegacy] Input 'terraform_version': default value evaluate result: {
  "type": 0,
  "file": 3,
  "line": 14,
  "col": 14,
  "lit": "latest"
}
[2026-08-18 04:26:00Z INFO ActionManifestManagerLegacy] Input 'terraform_wrapper': default value evaluate result: {
  "type": 0,
  "file": 3,
  "line": 18,
  "col": 14,
  "lit": "true"
}
[2026-08-18 04:26:00Z INFO ExtensionManager] Getting extensions for interface: 'GitHub.Runner.Worker.IActionCommandExtension'
[2026-08-18 04:26:00Z INFO ActionCommandManager] Register action command extension for command internal-set-repo-path
[2026-08-18 04:26:00Z INFO ActionCommandManager] Register action command extension for command set-env
[2026-08-18 04:26:00Z INFO ActionCommandManager] Register action command extension for command set-output
[2026-08-18 04:26:00Z INFO ActionCommandManager] Register action command extension for command save-state
[2026-08-18 04:26:00Z INFO ActionCommandManager] Register action command extension for command add-path
[2026-08-18 04:26:00Z INFO ActionCommandManager] Register action command extension for command add-mask
[2026-08-18 04:26:00Z INFO ActionCommandManager] Register action command extension for command add-matcher
[2026-08-18 04:26:00Z INFO ActionCommandManager] Register action command extension for command remove-matcher
[2026-08-18 04:26:00Z INFO ActionCommandManager] Register action command extension for command warning
[2026-08-18 04:26:00Z INFO ActionCommandManager] Register action command extension for command error
[2026-08-18 04:26:00Z INFO ActionCommandManager] Register action command extension for command notice
[2026-08-18 04:26:00Z INFO ActionCommandManager] Register action command extension for command debug
[2026-08-18 04:26:00Z INFO ActionCommandManager] Register action command extension for command group
[2026-08-18 04:26:00Z INFO ActionCommandManager] Register action command extension for command endgroup
[2026-08-18 04:26:00Z INFO ActionCommandManager] Register action command extension for command echo
[2026-08-18 04:26:00Z INFO HostContext] Well known directory 'Bin': 'E:\devops\Complete Terraform\terraform\terraform 15AUG\terraform15Aug\actions-runner\bin'
[2026-08-18 04:26:00Z INFO HostContext] Well known directory 'Root': 'E:\devops\Complete Terraform\terraform\terraform 15AUG\terraform15Aug\actions-runner'
[2026-08-18 04:26:00Z INFO HostContext] Well known directory 'Externals': 'E:\devops\Complete Terraform\terraform\terraform 15AUG\terraform15Aug\actions-runner\externals'
[2026-08-18 04:26:00Z INFO ProcessInvokerWrapper] Starting process:
[2026-08-18 04:26:00Z INFO ProcessInvokerWrapper]   File name: 'E:\devops\Complete Terraform\terraform\terraform 15AUG\terraform15Aug\actions-runner\externals\node24\bin\node.exe'
[2026-08-18 04:26:00Z INFO ProcessInvokerWrapper]   Arguments: '"E:\devops\Complete Terraform\terraform\terraform 15AUG\terraform15Aug\actions-runner\_work\_actions\hashicorp\setup-terraform\v3\dist/index.js"'
[2026-08-18 04:26:00Z INFO ProcessInvokerWrapper]   Working directory: 'E:\devops\Complete Terraform\terraform\terraform 15AUG\terraform15Aug\actions-runner\_work\terraform15Aug\terraform15Aug'
[2026-08-18 04:26:00Z INFO ProcessInvokerWrapper]   Require exit code zero: 'False'
[2026-08-18 04:26:00Z INFO ProcessInvokerWrapper]   Encoding web name: utf-8 ; code page: '65001'
[2026-08-18 04:26:00Z INFO ProcessInvokerWrapper]   Force kill process on cancellation: 'False'
[2026-08-18 04:26:00Z INFO ProcessInvokerWrapper]   Redirected STDIN: 'False'
[2026-08-18 04:26:00Z INFO ProcessInvokerWrapper]   Persist current code page: 'True'
[2026-08-18 04:26:00Z INFO ProcessInvokerWrapper]   Keep redirected STDIN open: 'False'
[2026-08-18 04:26:00Z INFO ProcessInvokerWrapper]   High priority process: 'False'
[2026-08-18 04:26:00Z INFO ProcessInvokerWrapper] Process started with process id 8552, waiting for process exit.
[2026-08-18 04:26:00Z INFO JobServerQueue] Try to append 1 batches web console lines for record '9c00adc5-8997-4e03-a333-c7a9d71a56d4', success rate: 1/1.
[2026-08-18 04:26:00Z INFO JobServerQueue] Try to append 1 batches web console lines for record '35e15a2d-a3bc-4a0d-9887-b9b07110e35e', success rate: 1/1.
[2026-08-18 04:26:00Z INFO JobServerQueue] Try to upload 1 log files or attachments, success rate: 1/1.
[2026-08-18 04:26:01Z INFO JobServerQueue] Try to append 1 batches web console lines for record '35e15a2d-a3bc-4a0d-9887-b9b07110e35e', success rate: 1/1.
[2026-08-18 04:26:01Z INFO JobServerQueue] Got a step log file to send to results service.
[2026-08-18 04:26:01Z INFO JobServerQueue] Starting upload of step log file to results service ResultsLog, E:\devops\Complete Terraform\terraform\terraform 15AUG\terraform15Aug\actions-runner\_diag\blocks\56da58bb-64cc-4515-a67d-0eab7def44e5_9c00adc5-8997-4e03-a333-c7a9d71a56d4.1
[2026-08-18 04:26:02Z INFO JobServerQueue] Tried to upload 1 file(s) to results, success rate: 1/1.
[2026-08-18 04:26:03Z INFO HostContext] Well known directory 'Bin': 'E:\devops\Complete Terraform\terraform\terraform 15AUG\terraform15Aug\actions-runner\bin'
[2026-08-18 04:26:03Z INFO HostContext] Well known directory 'Root': 'E:\devops\Complete Terraform\terraform\terraform 15AUG\terraform15Aug\actions-runner'
[2026-08-18 04:26:03Z INFO HostContext] Well known directory 'Work': 'E:\devops\Complete Terraform\terraform\terraform 15AUG\terraform15Aug\actions-runner\_work'
[2026-08-18 04:26:11Z INFO JobServerQueue] Try to append 1 batches web console lines for record '35e15a2d-a3bc-4a0d-9887-b9b07110e35e', success rate: 1/1.
[2026-08-18 04:26:13Z INFO HostContext] Well known directory 'Bin': 'E:\devops\Complete Terraform\terraform\terraform 15AUG\terraform15Aug\actions-runner\bin'
[2026-08-18 04:26:13Z INFO HostContext] Well known directory 'Root': 'E:\devops\Complete Terraform\terraform\terraform 15AUG\terraform15Aug\actions-runner'
[2026-08-18 04:26:13Z INFO HostContext] Well known directory 'Work': 'E:\devops\Complete Terraform\terraform\terraform 15AUG\terraform15Aug\actions-runner\_work'
[2026-08-18 04:26:19Z INFO ProcessInvokerWrapper] STDOUT/STDERR stream read finished.
[2026-08-18 04:26:19Z INFO ProcessInvokerWrapper] STDOUT/STDERR stream read finished.
[2026-08-18 04:26:19Z INFO ProcessInvokerWrapper] Finished process 8552 with exit code 0, and elapsed time 00:00:19.4225003.
[2026-08-18 04:26:19Z INFO CreateStepSummaryCommand] Step Summary file (E:\devops\Complete Terraform\terraform\terraform 15AUG\terraform15Aug\actions-runner\_work\_temp\_runner_file_commands\step_summary_08aa7f54-c31f-4898-8bda-0cd388c7a35e) is empty; skipping attachment upload
[2026-08-18 04:26:19Z INFO StepsRunner] Step result: 
[2026-08-18 04:26:19Z INFO ExecutionContext] Publish step telemetry for current step {
  "action": "hashicorp/setup-terraform",
  "ref": "v3",
  "type": "node24",
  "stage": "Main",
  "stepId": "35e15a2d-a3bc-4a0d-9887-b9b07110e35e",
  "stepContextName": "__hashicorp_setup-terraform",
  "hasPreStep": false,
  "hasPostStep": false,
  "result": "succeeded",
  "errorMessages": [],
  "executionTimeInSeconds": 20,
  "startTime": "2026-08-18T04:26:00.5033205Z",
  "finishTime": "2026-08-18T04:26:19.9993034Z"
}.
[2026-08-18 04:26:20Z INFO StepsRunner] No need for updating job result with current step result 'Succeeded'.
[2026-08-18 04:26:20Z INFO StepsRunner] Current state: job state = ''
[2026-08-18 04:26:20Z INFO StepsRunner] Processing step: DisplayName='Terraform Format Check'
[2026-08-18 04:26:20Z INFO StepsRunner] Evaluating: success()
[2026-08-18 04:26:20Z INFO StepsRunner] Result: true
[2026-08-18 04:26:20Z INFO StepsRunner] Starting the step.
[2026-08-18 04:26:20Z INFO HostContext] Well known directory 'Bin': 'E:\devops\Complete Terraform\terraform\terraform 15AUG\terraform15Aug\actions-runner\bin'
[2026-08-18 04:26:20Z INFO HostContext] Well known directory 'Root': 'E:\devops\Complete Terraform\terraform\terraform 15AUG\terraform15Aug\actions-runner'
[2026-08-18 04:26:20Z INFO HostContext] Well known directory 'Work': 'E:\devops\Complete Terraform\terraform\terraform 15AUG\terraform15Aug\actions-runner\_work'
[2026-08-18 04:26:20Z INFO StepsRunner] Which2: 'chcp'
[2026-08-18 04:26:20Z INFO StepsRunner] Location: 'C:\Windows\system32\chcp.COM'
[2026-08-18 04:26:20Z INFO ProcessInvokerWrapper] Starting process:
[2026-08-18 04:26:20Z INFO ProcessInvokerWrapper]   File name: 'C:\Windows\system32\chcp.COM'
[2026-08-18 04:26:20Z INFO ProcessInvokerWrapper]   Arguments: '65001'
[2026-08-18 04:26:20Z INFO ProcessInvokerWrapper]   Working directory: 'E:\devops\Complete Terraform\terraform\terraform 15AUG\terraform15Aug\actions-runner\_work'
[2026-08-18 04:26:20Z INFO ProcessInvokerWrapper]   Require exit code zero: 'False'
[2026-08-18 04:26:20Z INFO ProcessInvokerWrapper]   Encoding web name:  ; code page: ''
[2026-08-18 04:26:20Z INFO ProcessInvokerWrapper]   Force kill process on cancellation: 'False'
[2026-08-18 04:26:20Z INFO ProcessInvokerWrapper]   Redirected STDIN: 'False'
[2026-08-18 04:26:20Z INFO ProcessInvokerWrapper]   Persist current code page: 'True'
[2026-08-18 04:26:20Z INFO ProcessInvokerWrapper]   Keep redirected STDIN open: 'False'
[2026-08-18 04:26:20Z INFO ProcessInvokerWrapper]   High priority process: 'False'
[2026-08-18 04:26:20Z INFO ProcessInvokerWrapper] Process started with process id 1396, waiting for process exit.
[2026-08-18 04:26:20Z INFO ProcessInvokerWrapper] STDOUT/STDERR stream read finished.
[2026-08-18 04:26:20Z INFO ProcessInvokerWrapper] STDOUT/STDERR stream read finished.
[2026-08-18 04:26:20Z INFO ProcessInvokerWrapper] Finished process 1396 with exit code 0, and elapsed time 00:00:00.0286528.
[2026-08-18 04:26:20Z INFO StepsRunner] Successfully returned to code page 65001 (UTF8)
[2026-08-18 04:26:20Z INFO HostContext] Well known directory 'Bin': 'E:\devops\Complete Terraform\terraform\terraform 15AUG\terraform15Aug\actions-runner\bin'
[2026-08-18 04:26:20Z INFO HostContext] Well known directory 'Root': 'E:\devops\Complete Terraform\terraform\terraform 15AUG\terraform15Aug\actions-runner'
[2026-08-18 04:26:20Z INFO HostContext] Well known directory 'Work': 'E:\devops\Complete Terraform\terraform\terraform 15AUG\terraform15Aug\actions-runner\_work'
[2026-08-18 04:26:20Z INFO HostContext] Well known directory 'Temp': 'E:\devops\Complete Terraform\terraform\terraform 15AUG\terraform15Aug\actions-runner\_work\_temp'
[2026-08-18 04:26:20Z INFO ExecutionContext] Write event payload to E:\devops\Complete Terraform\terraform\terraform 15AUG\terraform15Aug\actions-runner\_work\_temp\_github_workflow\event.json
[2026-08-18 04:26:20Z INFO HostContext] Well known directory 'Bin': 'E:\devops\Complete Terraform\terraform\terraform 15AUG\terraform15Aug\actions-runner\bin'
[2026-08-18 04:26:20Z INFO HostContext] Well known directory 'Root': 'E:\devops\Complete Terraform\terraform\terraform 15AUG\terraform15Aug\actions-runner'
[2026-08-18 04:26:20Z INFO HostContext] Well known directory 'Work': 'E:\devops\Complete Terraform\terraform\terraform 15AUG\terraform15Aug\actions-runner\_work'
[2026-08-18 04:26:20Z INFO HostContext] Well known directory 'Temp': 'E:\devops\Complete Terraform\terraform\terraform 15AUG\terraform15Aug\actions-runner\_work\_temp'
[2026-08-18 04:26:20Z INFO ExtensionManager] Getting extensions for interface: 'GitHub.Runner.Worker.IFileCommandExtension'
[2026-08-18 04:26:20Z INFO ExtensionManager] Getting extensions for interface: 'GitHub.Runner.Worker.IActionCommandExtension'
[2026-08-18 04:26:20Z INFO ActionCommandManager] Register action command extension for command internal-set-repo-path
[2026-08-18 04:26:20Z INFO ActionCommandManager] Register action command extension for command set-env
[2026-08-18 04:26:20Z INFO ActionCommandManager] Register action command extension for command set-output
[2026-08-18 04:26:20Z INFO ActionCommandManager] Register action command extension for command save-state
[2026-08-18 04:26:20Z INFO ActionCommandManager] Register action command extension for command add-path
[2026-08-18 04:26:20Z INFO ActionCommandManager] Register action command extension for command add-mask
[2026-08-18 04:26:20Z INFO ActionCommandManager] Register action command extension for command add-matcher
[2026-08-18 04:26:20Z INFO ActionCommandManager] Register action command extension for command remove-matcher
[2026-08-18 04:26:20Z INFO ActionCommandManager] Register action command extension for command warning
[2026-08-18 04:26:20Z INFO ActionCommandManager] Register action command extension for command error
[2026-08-18 04:26:20Z INFO ActionCommandManager] Register action command extension for command notice
[2026-08-18 04:26:20Z INFO ActionCommandManager] Register action command extension for command debug
[2026-08-18 04:26:20Z INFO ActionCommandManager] Register action command extension for command group
[2026-08-18 04:26:20Z INFO ActionCommandManager] Register action command extension for command endgroup
[2026-08-18 04:26:20Z INFO ActionCommandManager] Register action command extension for command echo
[2026-08-18 04:26:20Z INFO ScriptHandler] Which2: 'pwsh'
[2026-08-18 04:26:20Z INFO ScriptHandler] pwsh: command not found. Make sure 'pwsh' is installed and its location included in the 'Path' environment variable.
[2026-08-18 04:26:20Z INFO ScriptHandler] Defaulting to powershell
[2026-08-18 04:26:20Z INFO ScriptHandler] Which2: 'powershell'
[2026-08-18 04:26:20Z INFO ScriptHandler] Location: 'C:\Windows\System32\WindowsPowerShell\v1.0\powershell.EXE'
[2026-08-18 04:26:20Z INFO HostContext] Well known directory 'Bin': 'E:\devops\Complete Terraform\terraform\terraform 15AUG\terraform15Aug\actions-runner\bin'
[2026-08-18 04:26:20Z INFO HostContext] Well known directory 'Root': 'E:\devops\Complete Terraform\terraform\terraform 15AUG\terraform15Aug\actions-runner'
[2026-08-18 04:26:20Z INFO HostContext] Well known directory 'Work': 'E:\devops\Complete Terraform\terraform\terraform 15AUG\terraform15Aug\actions-runner\_work'
[2026-08-18 04:26:20Z INFO HostContext] Well known directory 'Temp': 'E:\devops\Complete Terraform\terraform\terraform 15AUG\terraform15Aug\actions-runner\_work\_temp'
[2026-08-18 04:26:20Z INFO ScriptHandler] Which2: 'pwsh'
[2026-08-18 04:26:20Z INFO ScriptHandler] pwsh: command not found. Make sure 'pwsh' is installed and its location included in the 'Path' environment variable.
[2026-08-18 04:26:20Z INFO ScriptHandler] Defaulting to powershell
[2026-08-18 04:26:20Z INFO ScriptHandler] Which2: 'powershell'
[2026-08-18 04:26:20Z INFO ScriptHandler] Location: 'C:\Windows\System32\WindowsPowerShell\v1.0\powershell.EXE'
[2026-08-18 04:26:20Z INFO ProcessInvokerWrapper] Starting process:
[2026-08-18 04:26:20Z INFO ProcessInvokerWrapper]   File name: 'C:\Windows\System32\WindowsPowerShell\v1.0\powershell.EXE'
[2026-08-18 04:26:20Z INFO ProcessInvokerWrapper]   Arguments: '-command ". 'E:\devops\Complete Terraform\terraform\terraform 15AUG\terraform15Aug\actions-runner\_work\_temp\bc9a8de4-fc0f-4be9-84df-d4fb23fdf03d.ps1'"'
[2026-08-18 04:26:20Z INFO ProcessInvokerWrapper]   Working directory: 'E:\devops\Complete Terraform\terraform\terraform 15AUG\terraform15Aug\actions-runner\_work\terraform15Aug\terraform15Aug\./prod_parent_module'
[2026-08-18 04:26:20Z INFO ProcessInvokerWrapper]   Require exit code zero: 'False'
[2026-08-18 04:26:20Z INFO ProcessInvokerWrapper]   Encoding web name:  ; code page: ''
[2026-08-18 04:26:20Z INFO ProcessInvokerWrapper]   Force kill process on cancellation: 'False'
[2026-08-18 04:26:20Z INFO ProcessInvokerWrapper]   Redirected STDIN: 'False'
[2026-08-18 04:26:20Z INFO ProcessInvokerWrapper]   Persist current code page: 'True'
[2026-08-18 04:26:20Z INFO ProcessInvokerWrapper]   Keep redirected STDIN open: 'False'
[2026-08-18 04:26:20Z INFO ProcessInvokerWrapper]   High priority process: 'False'
[2026-08-18 04:26:20Z INFO JobServerQueue] Try to append 1 batches web console lines for record '7ab87e4f-211d-4922-86dd-72b3209dc6d7', success rate: 1/1.
[2026-08-18 04:26:20Z INFO ProcessInvokerWrapper] Process started with process id 1964, waiting for process exit.
[2026-08-18 04:26:20Z INFO JobServerQueue] Got a step log file to send to results service.
[2026-08-18 04:26:20Z INFO JobServerQueue] Starting upload of step log file to results service ResultsLog, E:\devops\Complete Terraform\terraform\terraform 15AUG\terraform15Aug\actions-runner\_diag\blocks\56da58bb-64cc-4515-a67d-0eab7def44e5_35e15a2d-a3bc-4a0d-9887-b9b07110e35e.1
[2026-08-18 04:26:21Z INFO JobServerQueue] Try to upload 1 log files or attachments, success rate: 1/1.
[2026-08-18 04:26:21Z INFO JobServerQueue] Tried to upload 1 file(s) to results, success rate: 1/1.
[2026-08-18 04:26:23Z INFO HostContext] Well known directory 'Bin': 'E:\devops\Complete Terraform\terraform\terraform 15AUG\terraform15Aug\actions-runner\bin'
[2026-08-18 04:26:23Z INFO HostContext] Well known directory 'Root': 'E:\devops\Complete Terraform\terraform\terraform 15AUG\terraform15Aug\actions-runner'
[2026-08-18 04:26:23Z INFO HostContext] Well known directory 'Work': 'E:\devops\Complete Terraform\terraform\terraform 15AUG\terraform15Aug\actions-runner\_work'
[2026-08-18 04:26:23Z INFO ProcessInvokerWrapper] STDOUT/STDERR stream read finished.
[2026-08-18 04:26:23Z INFO ProcessInvokerWrapper] STDOUT/STDERR stream read finished.
[2026-08-18 04:26:23Z INFO ProcessInvokerWrapper] Finished process 1964 with exit code 0, and elapsed time 00:00:03.4843807.
[2026-08-18 04:26:23Z INFO CreateStepSummaryCommand] Step Summary file (E:\devops\Complete Terraform\terraform\terraform 15AUG\terraform15Aug\actions-runner\_work\_temp\_runner_file_commands\step_summary_b47b8c04-1fa4-4ff9-9fef-b37609d91432) is empty; skipping attachment upload
[2026-08-18 04:26:23Z INFO StepsRunner] Step result: 
[2026-08-18 04:26:23Z INFO ExecutionContext] Publish step telemetry for current step {
  "action": "powershell",
  "type": "run",
  "stage": "Main",
  "stepId": "7ab87e4f-211d-4922-86dd-72b3209dc6d7",
  "stepContextName": "__run",
  "result": "succeeded",
  "errorMessages": [],
  "executionTimeInSeconds": 4,
  "startTime": "2026-08-18T04:26:20.0018767Z",
  "finishTime": "2026-08-18T04:26:23.6045869Z"
}.
[2026-08-18 04:26:23Z INFO StepsRunner] No need for updating job result with current step result 'Succeeded'.
[2026-08-18 04:26:23Z INFO StepsRunner] Current state: job state = ''
[2026-08-18 04:26:23Z INFO StepsRunner] Processing step: DisplayName='Terraform Init'
[2026-08-18 04:26:23Z INFO StepsRunner] Evaluating: success()
[2026-08-18 04:26:23Z INFO StepsRunner] Result: true
[2026-08-18 04:26:23Z INFO StepsRunner] Starting the step.
[2026-08-18 04:26:23Z INFO HostContext] Well known directory 'Bin': 'E:\devops\Complete Terraform\terraform\terraform 15AUG\terraform15Aug\actions-runner\bin'
[2026-08-18 04:26:23Z INFO HostContext] Well known directory 'Root': 'E:\devops\Complete Terraform\terraform\terraform 15AUG\terraform15Aug\actions-runner'
[2026-08-18 04:26:23Z INFO HostContext] Well known directory 'Work': 'E:\devops\Complete Terraform\terraform\terraform 15AUG\terraform15Aug\actions-runner\_work'
[2026-08-18 04:26:23Z INFO StepsRunner] Which2: 'chcp'
[2026-08-18 04:26:23Z INFO StepsRunner] Location: 'C:\Windows\system32\chcp.COM'
[2026-08-18 04:26:23Z INFO ProcessInvokerWrapper] Starting process:
[2026-08-18 04:26:23Z INFO ProcessInvokerWrapper]   File name: 'C:\Windows\system32\chcp.COM'
[2026-08-18 04:26:23Z INFO ProcessInvokerWrapper]   Arguments: '65001'
[2026-08-18 04:26:23Z INFO ProcessInvokerWrapper]   Working directory: 'E:\devops\Complete Terraform\terraform\terraform 15AUG\terraform15Aug\actions-runner\_work'
[2026-08-18 04:26:23Z INFO ProcessInvokerWrapper]   Require exit code zero: 'False'
[2026-08-18 04:26:23Z INFO ProcessInvokerWrapper]   Encoding web name:  ; code page: ''
[2026-08-18 04:26:23Z INFO ProcessInvokerWrapper]   Force kill process on cancellation: 'False'
[2026-08-18 04:26:23Z INFO ProcessInvokerWrapper]   Redirected STDIN: 'False'
[2026-08-18 04:26:23Z INFO ProcessInvokerWrapper]   Persist current code page: 'True'
[2026-08-18 04:26:23Z INFO ProcessInvokerWrapper]   Keep redirected STDIN open: 'False'
[2026-08-18 04:26:23Z INFO ProcessInvokerWrapper]   High priority process: 'False'
[2026-08-18 04:26:23Z INFO ProcessInvokerWrapper] Process started with process id 2424, waiting for process exit.
[2026-08-18 04:26:23Z INFO ProcessInvokerWrapper] STDOUT/STDERR stream read finished.
[2026-08-18 04:26:23Z INFO ProcessInvokerWrapper] STDOUT/STDERR stream read finished.
[2026-08-18 04:26:23Z INFO ProcessInvokerWrapper] Finished process 2424 with exit code 0, and elapsed time 00:00:00.0408641.
[2026-08-18 04:26:23Z INFO StepsRunner] Successfully returned to code page 65001 (UTF8)
[2026-08-18 04:26:23Z INFO HostContext] Well known directory 'Bin': 'E:\devops\Complete Terraform\terraform\terraform 15AUG\terraform15Aug\actions-runner\bin'
[2026-08-18 04:26:23Z INFO HostContext] Well known directory 'Root': 'E:\devops\Complete Terraform\terraform\terraform 15AUG\terraform15Aug\actions-runner'
[2026-08-18 04:26:23Z INFO HostContext] Well known directory 'Work': 'E:\devops\Complete Terraform\terraform\terraform 15AUG\terraform15Aug\actions-runner\_work'
[2026-08-18 04:26:23Z INFO HostContext] Well known directory 'Temp': 'E:\devops\Complete Terraform\terraform\terraform 15AUG\terraform15Aug\actions-runner\_work\_temp'
[2026-08-18 04:26:23Z INFO ExecutionContext] Write event payload to E:\devops\Complete Terraform\terraform\terraform 15AUG\terraform15Aug\actions-runner\_work\_temp\_github_workflow\event.json
[2026-08-18 04:26:23Z INFO HostContext] Well known directory 'Bin': 'E:\devops\Complete Terraform\terraform\terraform 15AUG\terraform15Aug\actions-runner\bin'
[2026-08-18 04:26:23Z INFO HostContext] Well known directory 'Root': 'E:\devops\Complete Terraform\terraform\terraform 15AUG\terraform15Aug\actions-runner'
[2026-08-18 04:26:23Z INFO HostContext] Well known directory 'Work': 'E:\devops\Complete Terraform\terraform\terraform 15AUG\terraform15Aug\actions-runner\_work'
[2026-08-18 04:26:23Z INFO HostContext] Well known directory 'Temp': 'E:\devops\Complete Terraform\terraform\terraform 15AUG\terraform15Aug\actions-runner\_work\_temp'
[2026-08-18 04:26:23Z INFO ExtensionManager] Getting extensions for interface: 'GitHub.Runner.Worker.IFileCommandExtension'
[2026-08-18 04:26:23Z INFO ExtensionManager] Getting extensions for interface: 'GitHub.Runner.Worker.IActionCommandExtension'
[2026-08-18 04:26:23Z INFO ActionCommandManager] Register action command extension for command internal-set-repo-path
[2026-08-18 04:26:23Z INFO ActionCommandManager] Register action command extension for command set-env
[2026-08-18 04:26:23Z INFO ActionCommandManager] Register action command extension for command set-output
[2026-08-18 04:26:23Z INFO ActionCommandManager] Register action command extension for command save-state
[2026-08-18 04:26:23Z INFO ActionCommandManager] Register action command extension for command add-path
[2026-08-18 04:26:23Z INFO ActionCommandManager] Register action command extension for command add-mask
[2026-08-18 04:26:23Z INFO ActionCommandManager] Register action command extension for command add-matcher
[2026-08-18 04:26:23Z INFO ActionCommandManager] Register action command extension for command remove-matcher
[2026-08-18 04:26:23Z INFO ActionCommandManager] Register action command extension for command warning
[2026-08-18 04:26:23Z INFO ActionCommandManager] Register action command extension for command error
[2026-08-18 04:26:23Z INFO ActionCommandManager] Register action command extension for command notice
[2026-08-18 04:26:23Z INFO ActionCommandManager] Register action command extension for command debug
[2026-08-18 04:26:23Z INFO ActionCommandManager] Register action command extension for command group
[2026-08-18 04:26:23Z INFO ActionCommandManager] Register action command extension for command endgroup
[2026-08-18 04:26:23Z INFO ActionCommandManager] Register action command extension for command echo
[2026-08-18 04:26:23Z INFO ScriptHandler] Which2: 'pwsh'
[2026-08-18 04:26:23Z INFO ScriptHandler] pwsh: command not found. Make sure 'pwsh' is installed and its location included in the 'Path' environment variable.
[2026-08-18 04:26:23Z INFO ScriptHandler] Defaulting to powershell
[2026-08-18 04:26:23Z INFO ScriptHandler] Which2: 'powershell'
[2026-08-18 04:26:23Z INFO ScriptHandler] Location: 'C:\Windows\System32\WindowsPowerShell\v1.0\powershell.EXE'
[2026-08-18 04:26:23Z INFO HostContext] Well known directory 'Bin': 'E:\devops\Complete Terraform\terraform\terraform 15AUG\terraform15Aug\actions-runner\bin'
[2026-08-18 04:26:23Z INFO HostContext] Well known directory 'Root': 'E:\devops\Complete Terraform\terraform\terraform 15AUG\terraform15Aug\actions-runner'
[2026-08-18 04:26:23Z INFO HostContext] Well known directory 'Work': 'E:\devops\Complete Terraform\terraform\terraform 15AUG\terraform15Aug\actions-runner\_work'
[2026-08-18 04:26:23Z INFO HostContext] Well known directory 'Temp': 'E:\devops\Complete Terraform\terraform\terraform 15AUG\terraform15Aug\actions-runner\_work\_temp'
[2026-08-18 04:26:23Z INFO ScriptHandler] Which2: 'pwsh'
[2026-08-18 04:26:23Z INFO ScriptHandler] pwsh: command not found. Make sure 'pwsh' is installed and its location included in the 'Path' environment variable.
[2026-08-18 04:26:23Z INFO ScriptHandler] Defaulting to powershell
[2026-08-18 04:26:23Z INFO ScriptHandler] Which2: 'powershell'
[2026-08-18 04:26:23Z INFO ScriptHandler] Location: 'C:\Windows\System32\WindowsPowerShell\v1.0\powershell.EXE'
[2026-08-18 04:26:23Z INFO ProcessInvokerWrapper] Starting process:
[2026-08-18 04:26:23Z INFO ProcessInvokerWrapper]   File name: 'C:\Windows\System32\WindowsPowerShell\v1.0\powershell.EXE'
[2026-08-18 04:26:23Z INFO ProcessInvokerWrapper]   Arguments: '-command ". 'E:\devops\Complete Terraform\terraform\terraform 15AUG\terraform15Aug\actions-runner\_work\_temp\414c34b1-2f54-44c1-bab5-fa02dfcbc32d.ps1'"'
[2026-08-18 04:26:23Z INFO ProcessInvokerWrapper]   Working directory: 'E:\devops\Complete Terraform\terraform\terraform 15AUG\terraform15Aug\actions-runner\_work\terraform15Aug\terraform15Aug\./prod_parent_module'
[2026-08-18 04:26:23Z INFO ProcessInvokerWrapper]   Require exit code zero: 'False'
[2026-08-18 04:26:23Z INFO ProcessInvokerWrapper]   Encoding web name:  ; code page: ''
[2026-08-18 04:26:23Z INFO ProcessInvokerWrapper]   Force kill process on cancellation: 'False'
[2026-08-18 04:26:23Z INFO ProcessInvokerWrapper]   Redirected STDIN: 'False'
[2026-08-18 04:26:23Z INFO ProcessInvokerWrapper]   Persist current code page: 'True'
[2026-08-18 04:26:23Z INFO ProcessInvokerWrapper]   Keep redirected STDIN open: 'False'
[2026-08-18 04:26:23Z INFO ProcessInvokerWrapper]   High priority process: 'False'
[2026-08-18 04:26:23Z INFO ProcessInvokerWrapper] Process started with process id 5608, waiting for process exit.
[2026-08-18 04:26:23Z INFO JobServerQueue] Try to append 1 batches web console lines for record 'ba4bdfef-944f-44a8-bdd8-865a17fcd04b', success rate: 1/1.
[2026-08-18 04:26:24Z INFO JobServerQueue] Try to upload 1 log files or attachments, success rate: 1/1.
[2026-08-18 04:26:24Z INFO JobServerQueue] Got a step log file to send to results service.
[2026-08-18 04:26:24Z INFO JobServerQueue] Starting upload of step log file to results service ResultsLog, E:\devops\Complete Terraform\terraform\terraform 15AUG\terraform15Aug\actions-runner\_diag\blocks\56da58bb-64cc-4515-a67d-0eab7def44e5_7ab87e4f-211d-4922-86dd-72b3209dc6d7.1
[2026-08-18 04:26:25Z INFO JobServerQueue] Tried to upload 1 file(s) to results, success rate: 1/1.
[2026-08-18 04:26:27Z INFO ProcessInvokerWrapper] STDOUT/STDERR stream read finished.
[2026-08-18 04:26:27Z INFO ProcessInvokerWrapper] STDOUT/STDERR stream read finished.
[2026-08-18 04:26:27Z INFO ProcessInvokerWrapper] Finished process 5608 with exit code 0, and elapsed time 00:00:03.5443501.
[2026-08-18 04:26:27Z INFO CreateStepSummaryCommand] Step Summary file (E:\devops\Complete Terraform\terraform\terraform 15AUG\terraform15Aug\actions-runner\_work\_temp\_runner_file_commands\step_summary_f84887e8-f8c3-4498-8cf4-bc1101e45d83) is empty; skipping attachment upload
[2026-08-18 04:26:27Z INFO StepsRunner] Step result: 
[2026-08-18 04:26:27Z INFO ExecutionContext] Publish step telemetry for current step {
  "action": "powershell",
  "type": "run",
  "stage": "Main",
  "stepId": "ba4bdfef-944f-44a8-bdd8-865a17fcd04b",
  "stepContextName": "__run_2",
  "result": "succeeded",
  "errorMessages": [],
  "executionTimeInSeconds": 4,
  "startTime": "2026-08-18T04:26:23.6163566Z",
  "finishTime": "2026-08-18T04:26:27.280497Z"
}.
[2026-08-18 04:26:27Z INFO StepsRunner] No need for updating job result with current step result 'Succeeded'.
[2026-08-18 04:26:27Z INFO StepsRunner] Current state: job state = ''
[2026-08-18 04:26:27Z INFO StepsRunner] Processing step: DisplayName='Terraform Validate'
[2026-08-18 04:26:27Z INFO StepsRunner] Evaluating: success()
[2026-08-18 04:26:27Z INFO StepsRunner] Result: true
[2026-08-18 04:26:27Z INFO StepsRunner] Starting the step.
[2026-08-18 04:26:27Z INFO HostContext] Well known directory 'Bin': 'E:\devops\Complete Terraform\terraform\terraform 15AUG\terraform15Aug\actions-runner\bin'
[2026-08-18 04:26:27Z INFO HostContext] Well known directory 'Root': 'E:\devops\Complete Terraform\terraform\terraform 15AUG\terraform15Aug\actions-runner'
[2026-08-18 04:26:27Z INFO HostContext] Well known directory 'Work': 'E:\devops\Complete Terraform\terraform\terraform 15AUG\terraform15Aug\actions-runner\_work'
[2026-08-18 04:26:27Z INFO StepsRunner] Which2: 'chcp'
[2026-08-18 04:26:27Z INFO StepsRunner] Location: 'C:\Windows\system32\chcp.COM'
[2026-08-18 04:26:27Z INFO ProcessInvokerWrapper] Starting process:
[2026-08-18 04:26:27Z INFO ProcessInvokerWrapper]   File name: 'C:\Windows\system32\chcp.COM'
[2026-08-18 04:26:27Z INFO ProcessInvokerWrapper]   Arguments: '65001'
[2026-08-18 04:26:27Z INFO ProcessInvokerWrapper]   Working directory: 'E:\devops\Complete Terraform\terraform\terraform 15AUG\terraform15Aug\actions-runner\_work'
[2026-08-18 04:26:27Z INFO ProcessInvokerWrapper]   Require exit code zero: 'False'
[2026-08-18 04:26:27Z INFO ProcessInvokerWrapper]   Encoding web name:  ; code page: ''
[2026-08-18 04:26:27Z INFO ProcessInvokerWrapper]   Force kill process on cancellation: 'False'
[2026-08-18 04:26:27Z INFO ProcessInvokerWrapper]   Redirected STDIN: 'False'
[2026-08-18 04:26:27Z INFO ProcessInvokerWrapper]   Persist current code page: 'True'
[2026-08-18 04:26:27Z INFO ProcessInvokerWrapper]   Keep redirected STDIN open: 'False'
[2026-08-18 04:26:27Z INFO ProcessInvokerWrapper]   High priority process: 'False'
[2026-08-18 04:26:27Z INFO ProcessInvokerWrapper] Process started with process id 7788, waiting for process exit.
[2026-08-18 04:26:27Z INFO ProcessInvokerWrapper] STDOUT/STDERR stream read finished.
[2026-08-18 04:26:27Z INFO ProcessInvokerWrapper] STDOUT/STDERR stream read finished.
[2026-08-18 04:26:27Z INFO ProcessInvokerWrapper] Finished process 7788 with exit code 0, and elapsed time 00:00:00.0257388.
[2026-08-18 04:26:27Z INFO StepsRunner] Successfully returned to code page 65001 (UTF8)
[2026-08-18 04:26:27Z INFO HostContext] Well known directory 'Bin': 'E:\devops\Complete Terraform\terraform\terraform 15AUG\terraform15Aug\actions-runner\bin'
[2026-08-18 04:26:27Z INFO HostContext] Well known directory 'Root': 'E:\devops\Complete Terraform\terraform\terraform 15AUG\terraform15Aug\actions-runner'
[2026-08-18 04:26:27Z INFO HostContext] Well known directory 'Work': 'E:\devops\Complete Terraform\terraform\terraform 15AUG\terraform15Aug\actions-runner\_work'
[2026-08-18 04:26:27Z INFO HostContext] Well known directory 'Temp': 'E:\devops\Complete Terraform\terraform\terraform 15AUG\terraform15Aug\actions-runner\_work\_temp'
[2026-08-18 04:26:27Z INFO ExecutionContext] Write event payload to E:\devops\Complete Terraform\terraform\terraform 15AUG\terraform15Aug\actions-runner\_work\_temp\_github_workflow\event.json
[2026-08-18 04:26:27Z INFO HostContext] Well known directory 'Bin': 'E:\devops\Complete Terraform\terraform\terraform 15AUG\terraform15Aug\actions-runner\bin'
[2026-08-18 04:26:27Z INFO HostContext] Well known directory 'Root': 'E:\devops\Complete Terraform\terraform\terraform 15AUG\terraform15Aug\actions-runner'
[2026-08-18 04:26:27Z INFO HostContext] Well known directory 'Work': 'E:\devops\Complete Terraform\terraform\terraform 15AUG\terraform15Aug\actions-runner\_work'
[2026-08-18 04:26:27Z INFO HostContext] Well known directory 'Temp': 'E:\devops\Complete Terraform\terraform\terraform 15AUG\terraform15Aug\actions-runner\_work\_temp'
[2026-08-18 04:26:27Z INFO ExtensionManager] Getting extensions for interface: 'GitHub.Runner.Worker.IFileCommandExtension'
[2026-08-18 04:26:27Z INFO ExtensionManager] Getting extensions for interface: 'GitHub.Runner.Worker.IActionCommandExtension'
[2026-08-18 04:26:27Z INFO ActionCommandManager] Register action command extension for command internal-set-repo-path
[2026-08-18 04:26:27Z INFO ActionCommandManager] Register action command extension for command set-env
[2026-08-18 04:26:27Z INFO ActionCommandManager] Register action command extension for command set-output
[2026-08-18 04:26:27Z INFO ActionCommandManager] Register action command extension for command save-state
[2026-08-18 04:26:27Z INFO ActionCommandManager] Register action command extension for command add-path
[2026-08-18 04:26:27Z INFO ActionCommandManager] Register action command extension for command add-mask
[2026-08-18 04:26:27Z INFO ActionCommandManager] Register action command extension for command add-matcher
[2026-08-18 04:26:27Z INFO ActionCommandManager] Register action command extension for command remove-matcher
[2026-08-18 04:26:27Z INFO ActionCommandManager] Register action command extension for command warning
[2026-08-18 04:26:27Z INFO ActionCommandManager] Register action command extension for command error
[2026-08-18 04:26:27Z INFO ActionCommandManager] Register action command extension for command notice
[2026-08-18 04:26:27Z INFO ActionCommandManager] Register action command extension for command debug
[2026-08-18 04:26:27Z INFO ActionCommandManager] Register action command extension for command group
[2026-08-18 04:26:27Z INFO ActionCommandManager] Register action command extension for command endgroup
[2026-08-18 04:26:27Z INFO ActionCommandManager] Register action command extension for command echo
[2026-08-18 04:26:27Z INFO ScriptHandler] Which2: 'pwsh'
[2026-08-18 04:26:27Z INFO ScriptHandler] pwsh: command not found. Make sure 'pwsh' is installed and its location included in the 'Path' environment variable.
[2026-08-18 04:26:27Z INFO ScriptHandler] Defaulting to powershell
[2026-08-18 04:26:27Z INFO ScriptHandler] Which2: 'powershell'
[2026-08-18 04:26:27Z INFO ScriptHandler] Location: 'C:\Windows\System32\WindowsPowerShell\v1.0\powershell.EXE'
[2026-08-18 04:26:27Z INFO HostContext] Well known directory 'Bin': 'E:\devops\Complete Terraform\terraform\terraform 15AUG\terraform15Aug\actions-runner\bin'
[2026-08-18 04:26:27Z INFO HostContext] Well known directory 'Root': 'E:\devops\Complete Terraform\terraform\terraform 15AUG\terraform15Aug\actions-runner'
[2026-08-18 04:26:27Z INFO HostContext] Well known directory 'Work': 'E:\devops\Complete Terraform\terraform\terraform 15AUG\terraform15Aug\actions-runner\_work'
[2026-08-18 04:26:27Z INFO HostContext] Well known directory 'Temp': 'E:\devops\Complete Terraform\terraform\terraform 15AUG\terraform15Aug\actions-runner\_work\_temp'
[2026-08-18 04:26:27Z INFO ScriptHandler] Which2: 'pwsh'
[2026-08-18 04:26:27Z INFO ScriptHandler] pwsh: command not found. Make sure 'pwsh' is installed and its location included in the 'Path' environment variable.
[2026-08-18 04:26:27Z INFO ScriptHandler] Defaulting to powershell
[2026-08-18 04:26:27Z INFO ScriptHandler] Which2: 'powershell'
[2026-08-18 04:26:27Z INFO ScriptHandler] Location: 'C:\Windows\System32\WindowsPowerShell\v1.0\powershell.EXE'
[2026-08-18 04:26:27Z INFO ProcessInvokerWrapper] Starting process:
[2026-08-18 04:26:27Z INFO ProcessInvokerWrapper]   File name: 'C:\Windows\System32\WindowsPowerShell\v1.0\powershell.EXE'
[2026-08-18 04:26:27Z INFO ProcessInvokerWrapper]   Arguments: '-command ". 'E:\devops\Complete Terraform\terraform\terraform 15AUG\terraform15Aug\actions-runner\_work\_temp\4ae2d7f4-21ac-44eb-8dce-d1a6059ba935.ps1'"'
[2026-08-18 04:26:27Z INFO ProcessInvokerWrapper]   Working directory: 'E:\devops\Complete Terraform\terraform\terraform 15AUG\terraform15Aug\actions-runner\_work\terraform15Aug\terraform15Aug\./prod_parent_module'
[2026-08-18 04:26:27Z INFO ProcessInvokerWrapper]   Require exit code zero: 'False'
[2026-08-18 04:26:27Z INFO ProcessInvokerWrapper]   Encoding web name:  ; code page: ''
[2026-08-18 04:26:27Z INFO ProcessInvokerWrapper]   Force kill process on cancellation: 'False'
[2026-08-18 04:26:27Z INFO ProcessInvokerWrapper]   Redirected STDIN: 'False'
[2026-08-18 04:26:27Z INFO ProcessInvokerWrapper]   Persist current code page: 'True'
[2026-08-18 04:26:27Z INFO ProcessInvokerWrapper]   Keep redirected STDIN open: 'False'
[2026-08-18 04:26:27Z INFO ProcessInvokerWrapper]   High priority process: 'False'
[2026-08-18 04:26:27Z INFO ProcessInvokerWrapper] Process started with process id 10216, waiting for process exit.
[2026-08-18 04:26:27Z INFO JobServerQueue] Try to append 1 batches web console lines for record 'cc8a3a7f-ef20-4e77-afb8-938930fc332a', success rate: 1/1.
[2026-08-18 04:26:27Z INFO JobServerQueue] Got a step log file to send to results service.
[2026-08-18 04:26:27Z INFO JobServerQueue] Starting upload of step log file to results service ResultsLog, E:\devops\Complete Terraform\terraform\terraform 15AUG\terraform15Aug\actions-runner\_diag\blocks\56da58bb-64cc-4515-a67d-0eab7def44e5_ba4bdfef-944f-44a8-bdd8-865a17fcd04b.1
[2026-08-18 04:26:28Z INFO JobServerQueue] Try to upload 1 log files or attachments, success rate: 1/1.
[2026-08-18 04:26:28Z INFO JobServerQueue] Tried to upload 1 file(s) to results, success rate: 1/1.
[2026-08-18 04:26:29Z INFO JobServerQueue] Stop aggressive process web console line queue.
[2026-08-18 04:26:33Z INFO HostContext] Well known directory 'Bin': 'E:\devops\Complete Terraform\terraform\terraform 15AUG\terraform15Aug\actions-runner\bin'
[2026-08-18 04:26:33Z INFO HostContext] Well known directory 'Root': 'E:\devops\Complete Terraform\terraform\terraform 15AUG\terraform15Aug\actions-runner'
[2026-08-18 04:26:33Z INFO HostContext] Well known directory 'Work': 'E:\devops\Complete Terraform\terraform\terraform 15AUG\terraform15Aug\actions-runner\_work'
[2026-08-18 04:26:43Z INFO HostContext] Well known directory 'Bin': 'E:\devops\Complete Terraform\terraform\terraform 15AUG\terraform15Aug\actions-runner\bin'
[2026-08-18 04:26:43Z INFO HostContext] Well known directory 'Root': 'E:\devops\Complete Terraform\terraform\terraform 15AUG\terraform15Aug\actions-runner'
[2026-08-18 04:26:43Z INFO HostContext] Well known directory 'Work': 'E:\devops\Complete Terraform\terraform\terraform 15AUG\terraform15Aug\actions-runner\_work'
[2026-08-18 04:26:53Z INFO HostContext] Well known directory 'Bin': 'E:\devops\Complete Terraform\terraform\terraform 15AUG\terraform15Aug\actions-runner\bin'
[2026-08-18 04:26:53Z INFO HostContext] Well known directory 'Root': 'E:\devops\Complete Terraform\terraform\terraform 15AUG\terraform15Aug\actions-runner'
[2026-08-18 04:26:53Z INFO HostContext] Well known directory 'Work': 'E:\devops\Complete Terraform\terraform\terraform 15AUG\terraform15Aug\actions-runner\_work'
[2026-08-18 04:27:03Z INFO HostContext] Well known directory 'Bin': 'E:\devops\Complete Terraform\terraform\terraform 15AUG\terraform15Aug\actions-runner\bin'
[2026-08-18 04:27:03Z INFO HostContext] Well known directory 'Root': 'E:\devops\Complete Terraform\terraform\terraform 15AUG\terraform15Aug\actions-runner'
[2026-08-18 04:27:03Z INFO HostContext] Well known directory 'Work': 'E:\devops\Complete Terraform\terraform\terraform 15AUG\terraform15Aug\actions-runner\_work'
[2026-08-18 04:27:13Z INFO HostContext] Well known directory 'Bin': 'E:\devops\Complete Terraform\terraform\terraform 15AUG\terraform15Aug\actions-runner\bin'
[2026-08-18 04:27:13Z INFO HostContext] Well known directory 'Root': 'E:\devops\Complete Terraform\terraform\terraform 15AUG\terraform15Aug\actions-runner'
[2026-08-18 04:27:13Z INFO HostContext] Well known directory 'Work': 'E:\devops\Complete Terraform\terraform\terraform 15AUG\terraform15Aug\actions-runner\_work'
[2026-08-18 04:27:23Z INFO HostContext] Well known directory 'Bin': 'E:\devops\Complete Terraform\terraform\terraform 15AUG\terraform15Aug\actions-runner\bin'
[2026-08-18 04:27:23Z INFO HostContext] Well known directory 'Root': 'E:\devops\Complete Terraform\terraform\terraform 15AUG\terraform15Aug\actions-runner'
[2026-08-18 04:27:23Z INFO HostContext] Well known directory 'Work': 'E:\devops\Complete Terraform\terraform\terraform 15AUG\terraform15Aug\actions-runner\_work'
[2026-08-18 04:27:33Z INFO HostContext] Well known directory 'Bin': 'E:\devops\Complete Terraform\terraform\terraform 15AUG\terraform15Aug\actions-runner\bin'
[2026-08-18 04:27:33Z INFO HostContext] Well known directory 'Root': 'E:\devops\Complete Terraform\terraform\terraform 15AUG\terraform15Aug\actions-runner'
[2026-08-18 04:27:33Z INFO HostContext] Well known directory 'Work': 'E:\devops\Complete Terraform\terraform\terraform 15AUG\terraform15Aug\actions-runner\_work'
[2026-08-18 04:27:35Z INFO ProcessInvokerWrapper] STDOUT/STDERR stream read finished.
[2026-08-18 04:27:35Z INFO ProcessInvokerWrapper] STDOUT/STDERR stream read finished.
[2026-08-18 04:27:35Z INFO ProcessInvokerWrapper] Finished process 10216 with exit code 0, and elapsed time 00:01:07.7614833.
[2026-08-18 04:27:35Z INFO CreateStepSummaryCommand] Step Summary file (E:\devops\Complete Terraform\terraform\terraform 15AUG\terraform15Aug\actions-runner\_work\_temp\_runner_file_commands\step_summary_58fe6285-202b-4367-94c8-069eb0992bb6) is empty; skipping attachment upload
[2026-08-18 04:27:35Z INFO StepsRunner] Step result: 
[2026-08-18 04:27:35Z INFO ExecutionContext] Publish step telemetry for current step {
  "action": "powershell",
  "type": "run",
  "stage": "Main",
  "stepId": "cc8a3a7f-ef20-4e77-afb8-938930fc332a",
  "stepContextName": "__run_3",
  "result": "succeeded",
  "errorMessages": [],
  "executionTimeInSeconds": 68,
  "startTime": "2026-08-18T04:26:27.2833282Z",
  "finishTime": "2026-08-18T04:27:35.1307476Z"
}.
[2026-08-18 04:27:35Z INFO StepsRunner] No need for updating job result with current step result 'Succeeded'.
[2026-08-18 04:27:35Z INFO StepsRunner] Current state: job state = ''
[2026-08-18 04:27:35Z INFO StepsRunner] Processing step: DisplayName='Install Gitleaks'
[2026-08-18 04:27:35Z INFO StepsRunner] Evaluating: success()
[2026-08-18 04:27:35Z INFO StepsRunner] Result: true
[2026-08-18 04:27:35Z INFO StepsRunner] Starting the step.
[2026-08-18 04:27:35Z INFO HostContext] Well known directory 'Bin': 'E:\devops\Complete Terraform\terraform\terraform 15AUG\terraform15Aug\actions-runner\bin'
[2026-08-18 04:27:35Z INFO HostContext] Well known directory 'Root': 'E:\devops\Complete Terraform\terraform\terraform 15AUG\terraform15Aug\actions-runner'
[2026-08-18 04:27:35Z INFO HostContext] Well known directory 'Work': 'E:\devops\Complete Terraform\terraform\terraform 15AUG\terraform15Aug\actions-runner\_work'
[2026-08-18 04:27:35Z INFO StepsRunner] Which2: 'chcp'
[2026-08-18 04:27:35Z INFO StepsRunner] Location: 'C:\Windows\system32\chcp.COM'
[2026-08-18 04:27:35Z INFO ProcessInvokerWrapper] Starting process:
[2026-08-18 04:27:35Z INFO ProcessInvokerWrapper]   File name: 'C:\Windows\system32\chcp.COM'
[2026-08-18 04:27:35Z INFO ProcessInvokerWrapper]   Arguments: '65001'
[2026-08-18 04:27:35Z INFO ProcessInvokerWrapper]   Working directory: 'E:\devops\Complete Terraform\terraform\terraform 15AUG\terraform15Aug\actions-runner\_work'
[2026-08-18 04:27:35Z INFO ProcessInvokerWrapper]   Require exit code zero: 'False'
[2026-08-18 04:27:35Z INFO ProcessInvokerWrapper]   Encoding web name:  ; code page: ''
[2026-08-18 04:27:35Z INFO ProcessInvokerWrapper]   Force kill process on cancellation: 'False'
[2026-08-18 04:27:35Z INFO ProcessInvokerWrapper]   Redirected STDIN: 'False'
[2026-08-18 04:27:35Z INFO ProcessInvokerWrapper]   Persist current code page: 'True'
[2026-08-18 04:27:35Z INFO ProcessInvokerWrapper]   Keep redirected STDIN open: 'False'
[2026-08-18 04:27:35Z INFO ProcessInvokerWrapper]   High priority process: 'False'
[2026-08-18 04:27:35Z INFO ProcessInvokerWrapper] Process started with process id 1584, waiting for process exit.
[2026-08-18 04:27:35Z INFO ProcessInvokerWrapper] STDOUT/STDERR stream read finished.
[2026-08-18 04:27:35Z INFO ProcessInvokerWrapper] STDOUT/STDERR stream read finished.
[2026-08-18 04:27:35Z INFO ProcessInvokerWrapper] Finished process 1584 with exit code 0, and elapsed time 00:00:00.0488912.
[2026-08-18 04:27:35Z INFO StepsRunner] Successfully returned to code page 65001 (UTF8)
[2026-08-18 04:27:35Z INFO HostContext] Well known directory 'Bin': 'E:\devops\Complete Terraform\terraform\terraform 15AUG\terraform15Aug\actions-runner\bin'
[2026-08-18 04:27:35Z INFO HostContext] Well known directory 'Root': 'E:\devops\Complete Terraform\terraform\terraform 15AUG\terraform15Aug\actions-runner'
[2026-08-18 04:27:35Z INFO HostContext] Well known directory 'Work': 'E:\devops\Complete Terraform\terraform\terraform 15AUG\terraform15Aug\actions-runner\_work'
[2026-08-18 04:27:35Z INFO HostContext] Well known directory 'Temp': 'E:\devops\Complete Terraform\terraform\terraform 15AUG\terraform15Aug\actions-runner\_work\_temp'
[2026-08-18 04:27:35Z INFO ExecutionContext] Write event payload to E:\devops\Complete Terraform\terraform\terraform 15AUG\terraform15Aug\actions-runner\_work\_temp\_github_workflow\event.json
[2026-08-18 04:27:35Z INFO HostContext] Well known directory 'Bin': 'E:\devops\Complete Terraform\terraform\terraform 15AUG\terraform15Aug\actions-runner\bin'
[2026-08-18 04:27:35Z INFO HostContext] Well known directory 'Root': 'E:\devops\Complete Terraform\terraform\terraform 15AUG\terraform15Aug\actions-runner'
[2026-08-18 04:27:35Z INFO HostContext] Well known directory 'Work': 'E:\devops\Complete Terraform\terraform\terraform 15AUG\terraform15Aug\actions-runner\_work'
[2026-08-18 04:27:35Z INFO HostContext] Well known directory 'Temp': 'E:\devops\Complete Terraform\terraform\terraform 15AUG\terraform15Aug\actions-runner\_work\_temp'
[2026-08-18 04:27:35Z INFO ExtensionManager] Getting extensions for interface: 'GitHub.Runner.Worker.IFileCommandExtension'
[2026-08-18 04:27:35Z INFO ExtensionManager] Getting extensions for interface: 'GitHub.Runner.Worker.IActionCommandExtension'
[2026-08-18 04:27:35Z INFO ActionCommandManager] Register action command extension for command internal-set-repo-path
[2026-08-18 04:27:35Z INFO ActionCommandManager] Register action command extension for command set-env
[2026-08-18 04:27:35Z INFO ActionCommandManager] Register action command extension for command set-output
[2026-08-18 04:27:35Z INFO ActionCommandManager] Register action command extension for command save-state
[2026-08-18 04:27:35Z INFO ActionCommandManager] Register action command extension for command add-path
[2026-08-18 04:27:35Z INFO ActionCommandManager] Register action command extension for command add-mask
[2026-08-18 04:27:35Z INFO ActionCommandManager] Register action command extension for command add-matcher
[2026-08-18 04:27:35Z INFO ActionCommandManager] Register action command extension for command remove-matcher
[2026-08-18 04:27:35Z INFO ActionCommandManager] Register action command extension for command warning
[2026-08-18 04:27:35Z INFO ActionCommandManager] Register action command extension for command error
[2026-08-18 04:27:35Z INFO ActionCommandManager] Register action command extension for command notice
[2026-08-18 04:27:35Z INFO ActionCommandManager] Register action command extension for command debug
[2026-08-18 04:27:35Z INFO ActionCommandManager] Register action command extension for command group
[2026-08-18 04:27:35Z INFO ActionCommandManager] Register action command extension for command endgroup
[2026-08-18 04:27:35Z INFO ActionCommandManager] Register action command extension for command echo
[2026-08-18 04:27:35Z INFO ScriptHandler] Which2: 'pwsh'
[2026-08-18 04:27:35Z INFO ScriptHandler] pwsh: command not found. Make sure 'pwsh' is installed and its location included in the 'Path' environment variable.
[2026-08-18 04:27:35Z INFO ScriptHandler] Defaulting to powershell
[2026-08-18 04:27:35Z INFO ScriptHandler] Which2: 'powershell'
[2026-08-18 04:27:35Z INFO ScriptHandler] Location: 'C:\Windows\System32\WindowsPowerShell\v1.0\powershell.EXE'
[2026-08-18 04:27:35Z INFO HostContext] Well known directory 'Bin': 'E:\devops\Complete Terraform\terraform\terraform 15AUG\terraform15Aug\actions-runner\bin'
[2026-08-18 04:27:35Z INFO HostContext] Well known directory 'Root': 'E:\devops\Complete Terraform\terraform\terraform 15AUG\terraform15Aug\actions-runner'
[2026-08-18 04:27:35Z INFO HostContext] Well known directory 'Work': 'E:\devops\Complete Terraform\terraform\terraform 15AUG\terraform15Aug\actions-runner\_work'
[2026-08-18 04:27:35Z INFO HostContext] Well known directory 'Temp': 'E:\devops\Complete Terraform\terraform\terraform 15AUG\terraform15Aug\actions-runner\_work\_temp'
[2026-08-18 04:27:35Z INFO ScriptHandler] Which2: 'pwsh'
[2026-08-18 04:27:35Z INFO ScriptHandler] pwsh: command not found. Make sure 'pwsh' is installed and its location included in the 'Path' environment variable.
[2026-08-18 04:27:35Z INFO ScriptHandler] Defaulting to powershell
[2026-08-18 04:27:35Z INFO ScriptHandler] Which2: 'powershell'
[2026-08-18 04:27:35Z INFO ScriptHandler] Location: 'C:\Windows\System32\WindowsPowerShell\v1.0\powershell.EXE'
[2026-08-18 04:27:35Z INFO ProcessInvokerWrapper] Starting process:
[2026-08-18 04:27:35Z INFO ProcessInvokerWrapper]   File name: 'C:\Windows\System32\WindowsPowerShell\v1.0\powershell.EXE'
[2026-08-18 04:27:35Z INFO ProcessInvokerWrapper]   Arguments: '-command ". 'E:\devops\Complete Terraform\terraform\terraform 15AUG\terraform15Aug\actions-runner\_work\_temp\59b4e7e2-1975-4ea2-9021-f3b7cbbf5c05.ps1'"'
[2026-08-18 04:27:35Z INFO ProcessInvokerWrapper]   Working directory: 'E:\devops\Complete Terraform\terraform\terraform 15AUG\terraform15Aug\actions-runner\_work\terraform15Aug\terraform15Aug'
[2026-08-18 04:27:35Z INFO ProcessInvokerWrapper]   Require exit code zero: 'False'
[2026-08-18 04:27:35Z INFO ProcessInvokerWrapper]   Encoding web name:  ; code page: ''
[2026-08-18 04:27:35Z INFO ProcessInvokerWrapper]   Force kill process on cancellation: 'False'
[2026-08-18 04:27:35Z INFO ProcessInvokerWrapper]   Redirected STDIN: 'False'
[2026-08-18 04:27:35Z INFO ProcessInvokerWrapper]   Persist current code page: 'True'
[2026-08-18 04:27:35Z INFO ProcessInvokerWrapper]   Keep redirected STDIN open: 'False'
[2026-08-18 04:27:35Z INFO ProcessInvokerWrapper]   High priority process: 'False'
[2026-08-18 04:27:35Z INFO JobServerQueue] Try to append 1 batches web console lines for record '62842c90-e9c1-4231-ad04-47c98d3c97dc', success rate: 1/1.
[2026-08-18 04:27:35Z INFO ProcessInvokerWrapper] Process started with process id 10516, waiting for process exit.
[2026-08-18 04:27:35Z INFO JobServerQueue] Got a step log file to send to results service.
[2026-08-18 04:27:35Z INFO JobServerQueue] Starting upload of step log file to results service ResultsLog, E:\devops\Complete Terraform\terraform\terraform 15AUG\terraform15Aug\actions-runner\_diag\blocks\56da58bb-64cc-4515-a67d-0eab7def44e5_cc8a3a7f-ef20-4e77-afb8-938930fc332a.1
[2026-08-18 04:27:35Z INFO JobServerQueue] Try to upload 1 log files or attachments, success rate: 1/1.
[2026-08-18 04:27:36Z INFO JobServerQueue] Tried to upload 1 file(s) to results, success rate: 1/1.
[2026-08-18 04:27:38Z INFO JobServerQueue] Try to append 1 batches web console lines for record '62842c90-e9c1-4231-ad04-47c98d3c97dc', success rate: 1/1.
[2026-08-18 04:27:39Z INFO ProcessInvokerWrapper] STDOUT/STDERR stream read finished.
[2026-08-18 04:27:39Z INFO ProcessInvokerWrapper] STDOUT/STDERR stream read finished.
[2026-08-18 04:27:39Z INFO ProcessInvokerWrapper] Finished process 10516 with exit code 1, and elapsed time 00:00:03.8899306.
[2026-08-18 04:27:39Z INFO CreateStepSummaryCommand] Step Summary file (E:\devops\Complete Terraform\terraform\terraform 15AUG\terraform15Aug\actions-runner\_work\_temp\_runner_file_commands\step_summary_64a5fae8-a2b5-436a-a1ee-ec98ec509917) is empty; skipping attachment upload
[2026-08-18 04:27:39Z INFO StepsRunner] Step result: Failed
[2026-08-18 04:27:39Z INFO ExecutionContext] Publish step telemetry for current step {
  "action": "powershell",
  "type": "run",
  "stage": "Main",
  "stepId": "62842c90-e9c1-4231-ad04-47c98d3c97dc",
  "stepContextName": "__run_4",
  "result": "failed",
  "errorMessages": [
    "Process completed with exit code 1."
  ],
  "executionTimeInSeconds": 5,
  "startTime": "2026-08-18T04:27:35.1361049Z",
  "finishTime": "2026-08-18T04:27:39.1901379Z"
}.
[2026-08-18 04:27:39Z INFO StepsRunner] Update job result with current step result 'Failed'.
[2026-08-18 04:27:39Z INFO StepsRunner] Current state: job state = 'Failed'
[2026-08-18 04:27:39Z INFO StepsRunner] Processing step: DisplayName='Gitleaks Scan'
[2026-08-18 04:27:39Z INFO StepsRunner] Evaluating: success()
[2026-08-18 04:27:39Z INFO StepsRunner] Result: false
[2026-08-18 04:27:39Z INFO StepsRunner] Skipping step due to condition evaluation.
[2026-08-18 04:27:39Z INFO StepsRunner] No need for updating job result with current step result 'Skipped'.
[2026-08-18 04:27:39Z INFO StepsRunner] Current state: job state = 'Failed'
[2026-08-18 04:27:39Z INFO StepsRunner] Processing step: DisplayName='Post Checkout Code'
[2026-08-18 04:27:39Z INFO StepsRunner] Evaluating: always()
[2026-08-18 04:27:39Z INFO StepsRunner] Result: true
[2026-08-18 04:27:39Z INFO StepsRunner] Starting the step.
[2026-08-18 04:27:39Z INFO HostContext] Well known directory 'Bin': 'E:\devops\Complete Terraform\terraform\terraform 15AUG\terraform15Aug\actions-runner\bin'
[2026-08-18 04:27:39Z INFO HostContext] Well known directory 'Root': 'E:\devops\Complete Terraform\terraform\terraform 15AUG\terraform15Aug\actions-runner'
[2026-08-18 04:27:39Z INFO HostContext] Well known directory 'Work': 'E:\devops\Complete Terraform\terraform\terraform 15AUG\terraform15Aug\actions-runner\_work'
[2026-08-18 04:27:39Z INFO StepsRunner] Which2: 'chcp'
[2026-08-18 04:27:39Z INFO StepsRunner] Location: 'C:\Windows\system32\chcp.COM'
[2026-08-18 04:27:39Z INFO ProcessInvokerWrapper] Starting process:
[2026-08-18 04:27:39Z INFO ProcessInvokerWrapper]   File name: 'C:\Windows\system32\chcp.COM'
[2026-08-18 04:27:39Z INFO ProcessInvokerWrapper]   Arguments: '65001'
[2026-08-18 04:27:39Z INFO ProcessInvokerWrapper]   Working directory: 'E:\devops\Complete Terraform\terraform\terraform 15AUG\terraform15Aug\actions-runner\_work'
[2026-08-18 04:27:39Z INFO ProcessInvokerWrapper]   Require exit code zero: 'False'
[2026-08-18 04:27:39Z INFO ProcessInvokerWrapper]   Encoding web name:  ; code page: ''
[2026-08-18 04:27:39Z INFO ProcessInvokerWrapper]   Force kill process on cancellation: 'False'
[2026-08-18 04:27:39Z INFO ProcessInvokerWrapper]   Redirected STDIN: 'False'
[2026-08-18 04:27:39Z INFO ProcessInvokerWrapper]   Persist current code page: 'True'
[2026-08-18 04:27:39Z INFO ProcessInvokerWrapper]   Keep redirected STDIN open: 'False'
[2026-08-18 04:27:39Z INFO ProcessInvokerWrapper]   High priority process: 'False'
[2026-08-18 04:27:39Z INFO ProcessInvokerWrapper] Process started with process id 12880, waiting for process exit.
[2026-08-18 04:27:39Z INFO ProcessInvokerWrapper] STDOUT/STDERR stream read finished.
[2026-08-18 04:27:39Z INFO ProcessInvokerWrapper] STDOUT/STDERR stream read finished.
[2026-08-18 04:27:39Z INFO ProcessInvokerWrapper] Finished process 12880 with exit code 0, and elapsed time 00:00:00.0242052.
[2026-08-18 04:27:39Z INFO StepsRunner] Successfully returned to code page 65001 (UTF8)
[2026-08-18 04:27:39Z INFO HostContext] Well known directory 'Bin': 'E:\devops\Complete Terraform\terraform\terraform 15AUG\terraform15Aug\actions-runner\bin'
[2026-08-18 04:27:39Z INFO HostContext] Well known directory 'Root': 'E:\devops\Complete Terraform\terraform\terraform 15AUG\terraform15Aug\actions-runner'
[2026-08-18 04:27:39Z INFO HostContext] Well known directory 'Work': 'E:\devops\Complete Terraform\terraform\terraform 15AUG\terraform15Aug\actions-runner\_work'
[2026-08-18 04:27:39Z INFO HostContext] Well known directory 'Actions': 'E:\devops\Complete Terraform\terraform\terraform 15AUG\terraform15Aug\actions-runner\_work\_actions'
[2026-08-18 04:27:39Z INFO ActionManager] Load action that reference repository from 'E:\devops\Complete Terraform\terraform\terraform 15AUG\terraform15Aug\actions-runner\_work\_actions\actions\checkout\v4'
[2026-08-18 04:27:39Z INFO HostContext] Well known directory 'Bin': 'E:\devops\Complete Terraform\terraform\terraform 15AUG\terraform15Aug\actions-runner\bin'
[2026-08-18 04:27:39Z INFO HostContext] Well known directory 'Root': 'E:\devops\Complete Terraform\terraform\terraform 15AUG\terraform15Aug\actions-runner'
[2026-08-18 04:27:39Z INFO HostContext] Well known directory 'Work': 'E:\devops\Complete Terraform\terraform\terraform 15AUG\terraform15Aug\actions-runner\_work'
[2026-08-18 04:27:39Z INFO HostContext] Well known directory 'Actions': 'E:\devops\Complete Terraform\terraform\terraform 15AUG\terraform15Aug\actions-runner\_work\_actions'
[2026-08-18 04:27:39Z INFO ActionManifestManagerLegacy] Loaded action.yml file: {
  "name": "Checkout",
  "description": "Checkout a Git repository at a particular version",
  "inputs": {
    "type": 2,
    "map": [
      {
        "key": {
          "type": 0,
          "file": 2,
          "line": 4,
          "col": 3,
          "lit": "repository"
        },
        "value": {
          "type": 3,
          "file": 2,
          "line": 6,
          "col": 14,
          "expr": "github.repository"
        }
      },
      {
        "key": {
          "type": 0,
          "file": 2,
          "line": 7,
          "col": 3,
          "lit": "ref"
        },
        "value": ""
      },
      {
        "key": {
          "type": 0,
          "file": 2,
          "line": 12,
          "col": 3,
          "lit": "token"
        },
        "value": {
          "type": 3,
          "file": 2,
          "line": 24,
          "col": 14,
          "expr": "github.token"
        }
      },
      {
        "key": {
          "type": 0,
          "file": 2,
          "line": 25,
          "col": 3,
          "lit": "ssh-key"
        },
        "value": ""
      },
      {
        "key": {
          "type": 0,
          "file": 2,
          "line": 37,
          "col": 3,
          "lit": "ssh-known-hosts"
        },
        "value": ""
      },
      {
        "key": {
          "type": 0,
          "file": 2,
          "line": 42,
          "col": 3,
          "lit": "ssh-strict"
        },
        "value": {
          "type": 0,
          "file": 2,
          "line": 47,
          "col": 14,
          "lit": "true"
        }
      },
      {
        "key": {
          "type": 0,
          "file": 2,
          "line": 48,
          "col": 3,
          "lit": "ssh-user"
        },
        "value": {
          "type": 0,
          "file": 2,
          "line": 51,
          "col": 14,
          "lit": "git"
        }
      },
      {
        "key": {
          "type": 0,
          "file": 2,
          "line": 52,
          "col": 3,
          "lit": "persist-credentials"
        },
        "value": {
          "type": 0,
          "file": 2,
          "line": 54,
          "col": 14,
          "lit": "true"
        }
      },
      {
        "key": {
          "type": 0,
          "file": 2,
          "line": 55,
          "col": 3,
          "lit": "path"
        },
        "value": ""
      },
      {
        "key": {
          "type": 0,
          "file": 2,
          "line": 57,
          "col": 3,
          "lit": "clean"
        },
        "value": {
          "type": 0,
          "file": 2,
          "line": 59,
          "col": 14,
          "lit": "true"
        }
      },
      {
        "key": {
          "type": 0,
          "file": 2,
          "line": 60,
          "col": 3,
          "lit": "filter"
        },
        "value": {
          "type": 0,
          "file": 2,
          "line": 64,
          "col": 14,
          "lit": ""
        }
      },
      {
        "key": {
          "type": 0,
          "file": 2,
          "line": 65,
          "col": 3,
          "lit": "sparse-checkout"
        },
        "value": {
          "type": 0,
          "file": 2,
          "line": 69,
          "col": 14,
          "lit": ""
        }
      },
      {
        "key": {
          "type": 0,
          "file": 2,
          "line": 70,
          "col": 3,
          "lit": "sparse-checkout-cone-mode"
        },
        "value": {
          "type": 0,
          "file": 2,
          "line": 73,
          "col": 14,
          "lit": "true"
        }
      },
      {
        "key": {
          "type": 0,
          "file": 2,
          "line": 74,
          "col": 3,
          "lit": "fetch-depth"
        },
        "value": {
          "type": 0,
          "file": 2,
          "line": 76,
          "col": 14,
          "lit": "1"
        }
      },
      {
        "key": {
          "type": 0,
          "file": 2,
          "line": 77,
          "col": 3,
          "lit": "fetch-tags"
        },
        "value": {
          "type": 0,
          "file": 2,
          "line": 79,
          "col": 14,
          "lit": "false"
        }
      },
      {
        "key": {
          "type": 0,
          "file": 2,
          "line": 80,
          "col": 3,
          "lit": "show-progress"
        },
        "value": {
          "type": 0,
          "file": 2,
          "line": 82,
          "col": 14,
          "lit": "true"
        }
      },
      {
        "key": {
          "type": 0,
          "file": 2,
          "line": 83,
          "col": 3,
          "lit": "lfs"
        },
        "value": {
          "type": 0,
          "file": 2,
          "line": 85,
          "col": 14,
          "lit": "false"
        }
      },
      {
        "key": {
          "type": 0,
          "file": 2,
          "line": 86,
          "col": 3,
          "lit": "submodules"
        },
        "value": {
          "type": 0,
          "file": 2,
          "line": 94,
          "col": 14,
          "lit": "false"
        }
      },
      {
        "key": {
          "type": 0,
          "file": 2,
          "line": 95,
          "col": 3,
          "lit": "set-safe-directory"
        },
        "value": {
          "type": 0,
          "file": 2,
          "line": 97,
          "col": 14,
          "lit": "true"
        }
      },
      {
        "key": {
          "type": 0,
          "file": 2,
          "line": 98,
          "col": 3,
          "lit": "github-server-url"
        },
        "value": ""
      },
      {
        "key": {
          "type": 0,
          "file": 2,
          "line": 101,
          "col": 3,
          "lit": "allow-unsafe-pr-checkout"
        },
        "value": {
          "type": 0,
          "file": 2,
          "line": 109,
          "col": 14,
          "lit": "false"
        }
      }
    ]
  },
  "execution": {
    "executionType": "nodeJS",
    "hasPre": false,
    "hasPost": true,
    "script": "dist/index.js",
    "pre": null,
    "post": "dist/index.js",
    "nodeVersion": "node20",
    "cleanupCondition": "always()",
    "initCondition": "always()"
  },
  "deprecated": null
}
[2026-08-18 04:27:39Z INFO ActionManager] Action pre node.js file: N/A.
[2026-08-18 04:27:39Z INFO ActionManager] Action node.js file: dist/index.js.
[2026-08-18 04:27:39Z INFO ActionManager] Action post node.js file: dist/index.js.
[2026-08-18 04:27:39Z INFO HostContext] Well known directory 'Bin': 'E:\devops\Complete Terraform\terraform\terraform 15AUG\terraform15Aug\actions-runner\bin'
[2026-08-18 04:27:39Z INFO HostContext] Well known directory 'Root': 'E:\devops\Complete Terraform\terraform\terraform 15AUG\terraform15Aug\actions-runner'
[2026-08-18 04:27:39Z INFO HostContext] Well known directory 'Work': 'E:\devops\Complete Terraform\terraform\terraform 15AUG\terraform15Aug\actions-runner\_work'
[2026-08-18 04:27:39Z INFO HostContext] Well known directory 'Temp': 'E:\devops\Complete Terraform\terraform\terraform 15AUG\terraform15Aug\actions-runner\_work\_temp'
[2026-08-18 04:27:39Z INFO ExecutionContext] Write event payload to E:\devops\Complete Terraform\terraform\terraform 15AUG\terraform15Aug\actions-runner\_work\_temp\_github_workflow\event.json
[2026-08-18 04:27:39Z INFO HostContext] Well known directory 'Bin': 'E:\devops\Complete Terraform\terraform\terraform 15AUG\terraform15Aug\actions-runner\bin'
[2026-08-18 04:27:39Z INFO HostContext] Well known directory 'Root': 'E:\devops\Complete Terraform\terraform\terraform 15AUG\terraform15Aug\actions-runner'
[2026-08-18 04:27:39Z INFO HostContext] Well known directory 'Work': 'E:\devops\Complete Terraform\terraform\terraform 15AUG\terraform15Aug\actions-runner\_work'
[2026-08-18 04:27:39Z INFO HostContext] Well known directory 'Temp': 'E:\devops\Complete Terraform\terraform\terraform 15AUG\terraform15Aug\actions-runner\_work\_temp'
[2026-08-18 04:27:39Z INFO ExtensionManager] Getting extensions for interface: 'GitHub.Runner.Worker.IFileCommandExtension'
[2026-08-18 04:27:39Z INFO ActionManifestManagerLegacy] Input 'repository': default value evaluate result: {
  "type": 0,
  "file": 2,
  "line": 6,
  "col": 14,
  "lit": "rahulsharma582/terraform15Aug"
}
[2026-08-18 04:27:39Z INFO ActionManifestManagerLegacy] Input 'ref': default value evaluate result: ""
[2026-08-18 04:27:39Z INFO ActionManifestManagerLegacy] Input 'token': default value evaluate result: {
  "type": 0,
  "file": 2,
  "line": 24,
  "col": 14,
  "lit": "***"
}
[2026-08-18 04:27:39Z INFO ActionManifestManagerLegacy] Input 'ssh-key': default value evaluate result: ""
[2026-08-18 04:27:39Z INFO ActionManifestManagerLegacy] Input 'ssh-known-hosts': default value evaluate result: ""
[2026-08-18 04:27:39Z INFO ActionManifestManagerLegacy] Input 'ssh-strict': default value evaluate result: {
  "type": 0,
  "file": 2,
  "line": 47,
  "col": 14,
  "lit": "true"
}
[2026-08-18 04:27:39Z INFO ActionManifestManagerLegacy] Input 'ssh-user': default value evaluate result: {
  "type": 0,
  "file": 2,
  "line": 51,
  "col": 14,
  "lit": "git"
}
[2026-08-18 04:27:39Z INFO ActionManifestManagerLegacy] Input 'persist-credentials': default value evaluate result: {
  "type": 0,
  "file": 2,
  "line": 54,
  "col": 14,
  "lit": "true"
}
[2026-08-18 04:27:39Z INFO ActionManifestManagerLegacy] Input 'path': default value evaluate result: ""
[2026-08-18 04:27:39Z INFO ActionManifestManagerLegacy] Input 'clean': default value evaluate result: {
  "type": 0,
  "file": 2,
  "line": 59,
  "col": 14,
  "lit": "true"
}
[2026-08-18 04:27:39Z INFO ActionManifestManagerLegacy] Input 'filter': default value evaluate result: {
  "type": 0,
  "file": 2,
  "line": 64,
  "col": 14,
  "lit": ""
}
[2026-08-18 04:27:39Z INFO ActionManifestManagerLegacy] Input 'sparse-checkout': default value evaluate result: {
  "type": 0,
  "file": 2,
  "line": 69,
  "col": 14,
  "lit": ""
}
[2026-08-18 04:27:39Z INFO ActionManifestManagerLegacy] Input 'sparse-checkout-cone-mode': default value evaluate result: {
  "type": 0,
  "file": 2,
  "line": 73,
  "col": 14,
  "lit": "true"
}
[2026-08-18 04:27:39Z INFO ActionManifestManagerLegacy] Input 'fetch-tags': default value evaluate result: {
  "type": 0,
  "file": 2,
  "line": 79,
  "col": 14,
  "lit": "false"
}
[2026-08-18 04:27:39Z INFO ActionManifestManagerLegacy] Input 'show-progress': default value evaluate result: {
  "type": 0,
  "file": 2,
  "line": 82,
  "col": 14,
  "lit": "true"
}
[2026-08-18 04:27:39Z INFO ActionManifestManagerLegacy] Input 'lfs': default value evaluate result: {
  "type": 0,
  "file": 2,
  "line": 85,
  "col": 14,
  "lit": "false"
}
[2026-08-18 04:27:39Z INFO ActionManifestManagerLegacy] Input 'submodules': default value evaluate result: {
  "type": 0,
  "file": 2,
  "line": 94,
  "col": 14,
  "lit": "false"
}
[2026-08-18 04:27:39Z INFO ActionManifestManagerLegacy] Input 'set-safe-directory': default value evaluate result: {
  "type": 0,
  "file": 2,
  "line": 97,
  "col": 14,
  "lit": "true"
}
[2026-08-18 04:27:39Z INFO ActionManifestManagerLegacy] Input 'github-server-url': default value evaluate result: ""
[2026-08-18 04:27:39Z INFO ActionManifestManagerLegacy] Input 'allow-unsafe-pr-checkout': default value evaluate result: {
  "type": 0,
  "file": 2,
  "line": 109,
  "col": 14,
  "lit": "false"
}
[2026-08-18 04:27:39Z INFO ExtensionManager] Getting extensions for interface: 'GitHub.Runner.Worker.IActionCommandExtension'
[2026-08-18 04:27:39Z INFO ActionCommandManager] Register action command extension for command internal-set-repo-path
[2026-08-18 04:27:39Z INFO ActionCommandManager] Register action command extension for command set-env
[2026-08-18 04:27:39Z INFO ActionCommandManager] Register action command extension for command set-output
[2026-08-18 04:27:39Z INFO ActionCommandManager] Register action command extension for command save-state
[2026-08-18 04:27:39Z INFO ActionCommandManager] Register action command extension for command add-path
[2026-08-18 04:27:39Z INFO ActionCommandManager] Register action command extension for command add-mask
[2026-08-18 04:27:39Z INFO ActionCommandManager] Register action command extension for command add-matcher
[2026-08-18 04:27:39Z INFO ActionCommandManager] Register action command extension for command remove-matcher
[2026-08-18 04:27:39Z INFO ActionCommandManager] Register action command extension for command warning
[2026-08-18 04:27:39Z INFO ActionCommandManager] Register action command extension for command error
[2026-08-18 04:27:39Z INFO ActionCommandManager] Register action command extension for command notice
[2026-08-18 04:27:39Z INFO ActionCommandManager] Register action command extension for command debug
[2026-08-18 04:27:39Z INFO ActionCommandManager] Register action command extension for command group
[2026-08-18 04:27:39Z INFO ActionCommandManager] Register action command extension for command endgroup
[2026-08-18 04:27:39Z INFO ActionCommandManager] Register action command extension for command echo
[2026-08-18 04:27:39Z INFO HostContext] Well known directory 'Bin': 'E:\devops\Complete Terraform\terraform\terraform 15AUG\terraform15Aug\actions-runner\bin'
[2026-08-18 04:27:39Z INFO HostContext] Well known directory 'Root': 'E:\devops\Complete Terraform\terraform\terraform 15AUG\terraform15Aug\actions-runner'
[2026-08-18 04:27:39Z INFO HostContext] Well known directory 'Externals': 'E:\devops\Complete Terraform\terraform\terraform 15AUG\terraform15Aug\actions-runner\externals'
[2026-08-18 04:27:39Z INFO ProcessInvokerWrapper] Starting process:
[2026-08-18 04:27:39Z INFO ProcessInvokerWrapper]   File name: 'E:\devops\Complete Terraform\terraform\terraform 15AUG\terraform15Aug\actions-runner\externals\node24\bin\node.exe'
[2026-08-18 04:27:39Z INFO ProcessInvokerWrapper]   Arguments: '"E:\devops\Complete Terraform\terraform\terraform 15AUG\terraform15Aug\actions-runner\_work\_actions\actions\checkout\v4\dist/index.js"'
[2026-08-18 04:27:39Z INFO ProcessInvokerWrapper]   Working directory: 'E:\devops\Complete Terraform\terraform\terraform 15AUG\terraform15Aug\actions-runner\_work\terraform15Aug\terraform15Aug'
[2026-08-18 04:27:39Z INFO ProcessInvokerWrapper]   Require exit code zero: 'False'
[2026-08-18 04:27:39Z INFO ProcessInvokerWrapper]   Encoding web name: utf-8 ; code page: '65001'
[2026-08-18 04:27:39Z INFO ProcessInvokerWrapper]   Force kill process on cancellation: 'False'
[2026-08-18 04:27:39Z INFO ProcessInvokerWrapper]   Redirected STDIN: 'False'
[2026-08-18 04:27:39Z INFO ProcessInvokerWrapper]   Persist current code page: 'True'
[2026-08-18 04:27:39Z INFO ProcessInvokerWrapper]   Keep redirected STDIN open: 'False'
[2026-08-18 04:27:39Z INFO ProcessInvokerWrapper]   High priority process: 'False'
[2026-08-18 04:27:39Z INFO ProcessInvokerWrapper] Process started with process id 3612, waiting for process exit.
[2026-08-18 04:27:39Z INFO JobServerQueue] Try to append 1 batches web console lines for record '62842c90-e9c1-4231-ad04-47c98d3c97dc', success rate: 1/1.
[2026-08-18 04:27:39Z INFO JobServerQueue] Try to append 1 batches web console lines for record 'b8173e31-334f-42b7-a321-3ae15f8d4df4', success rate: 1/1.
[2026-08-18 04:27:39Z INFO JobServerQueue] Got a step log file to send to results service.
[2026-08-18 04:27:39Z INFO JobServerQueue] Starting upload of step log file to results service ResultsLog, E:\devops\Complete Terraform\terraform\terraform 15AUG\terraform15Aug\actions-runner\_diag\blocks\56da58bb-64cc-4515-a67d-0eab7def44e5_62842c90-e9c1-4231-ad04-47c98d3c97dc.1
[2026-08-18 04:27:39Z INFO JobServerQueue] Try to upload 1 log files or attachments, success rate: 1/1.
[2026-08-18 04:27:40Z INFO JobServerQueue] Tried to upload 1 file(s) to results, success rate: 1/1.
[2026-08-18 04:27:40Z INFO JobServerQueue] Try to append 1 batches web console lines for record 'b8173e31-334f-42b7-a321-3ae15f8d4df4', success rate: 1/1.
[2026-08-18 04:27:40Z INFO AddMaskCommandExtension] Add new secret mask with length of 32
[2026-08-18 04:27:41Z INFO JobServerQueue] Try to append 1 batches web console lines for record 'b8173e31-334f-42b7-a321-3ae15f8d4df4', success rate: 1/1.
[2026-08-18 04:27:41Z INFO JobServerQueue] Try to append 1 batches web console lines for record 'b8173e31-334f-42b7-a321-3ae15f8d4df4', success rate: 1/1.
[2026-08-18 04:27:43Z INFO HostContext] Well known directory 'Bin': 'E:\devops\Complete Terraform\terraform\terraform 15AUG\terraform15Aug\actions-runner\bin'
[2026-08-18 04:27:43Z INFO HostContext] Well known directory 'Root': 'E:\devops\Complete Terraform\terraform\terraform 15AUG\terraform15Aug\actions-runner'
[2026-08-18 04:27:43Z INFO HostContext] Well known directory 'Work': 'E:\devops\Complete Terraform\terraform\terraform 15AUG\terraform15Aug\actions-runner\_work'
[2026-08-18 04:27:44Z INFO JobServerQueue] Try to append 1 batches web console lines for record 'b8173e31-334f-42b7-a321-3ae15f8d4df4', success rate: 1/1.
[2026-08-18 04:27:44Z INFO JobServerQueue] Try to append 1 batches web console lines for record 'b8173e31-334f-42b7-a321-3ae15f8d4df4', success rate: 1/1.
[2026-08-18 04:27:46Z INFO JobServerQueue] Try to append 1 batches web console lines for record 'b8173e31-334f-42b7-a321-3ae15f8d4df4', success rate: 1/1.
[2026-08-18 04:27:47Z INFO JobServerQueue] Try to append 1 batches web console lines for record 'b8173e31-334f-42b7-a321-3ae15f8d4df4', success rate: 1/1.
[2026-08-18 04:27:49Z INFO ProcessInvokerWrapper] STDOUT/STDERR stream read finished.
[2026-08-18 04:27:49Z INFO ProcessInvokerWrapper] STDOUT/STDERR stream read finished.
[2026-08-18 04:27:49Z INFO ProcessInvokerWrapper] Finished process 3612 with exit code 0, and elapsed time 00:00:09.9311835.
[2026-08-18 04:27:49Z INFO CreateStepSummaryCommand] Step Summary file (E:\devops\Complete Terraform\terraform\terraform 15AUG\terraform15Aug\actions-runner\_work\_temp\_runner_file_commands\step_summary_bd2131a1-610a-4e12-8646-3735e2966896) is empty; skipping attachment upload
[2026-08-18 04:27:49Z INFO StepsRunner] Step result: 
[2026-08-18 04:27:49Z INFO ExecutionContext] Publish step telemetry for current step {
  "action": "actions/checkout",
  "ref": "v4",
  "type": "node24",
  "stage": "Post",
  "stepId": "b8173e31-334f-42b7-a321-3ae15f8d4df4",
  "result": "succeeded",
  "errorMessages": [],
  "executionTimeInSeconds": 11,
  "startTime": "2026-08-18T04:27:39.2148335Z",
  "finishTime": "2026-08-18T04:27:49.2317834Z"
}.
[2026-08-18 04:27:49Z INFO StepsRunner] No need for updating job result with current step result 'Succeeded'.
[2026-08-18 04:27:49Z INFO StepsRunner] Current state: job state = 'Failed'
[2026-08-18 04:27:49Z INFO JobRunner] Finalize job.
[2026-08-18 04:27:49Z INFO HostContext] Well known directory 'Bin': 'E:\devops\Complete Terraform\terraform\terraform 15AUG\terraform15Aug\actions-runner\bin'
[2026-08-18 04:27:49Z INFO HostContext] Well known directory 'Root': 'E:\devops\Complete Terraform\terraform\terraform 15AUG\terraform15Aug\actions-runner'
[2026-08-18 04:27:49Z INFO HostContext] Well known directory 'Diag': 'E:\devops\Complete Terraform\terraform\terraform 15AUG\terraform15Aug\actions-runner\_diag'
[2026-08-18 04:27:49Z INFO HostContext] Well known directory 'Bin': 'E:\devops\Complete Terraform\terraform\terraform 15AUG\terraform15Aug\actions-runner\bin'
[2026-08-18 04:27:49Z INFO HostContext] Well known directory 'Root': 'E:\devops\Complete Terraform\terraform\terraform 15AUG\terraform15Aug\actions-runner'
[2026-08-18 04:27:49Z INFO HostContext] Well known directory 'Diag': 'E:\devops\Complete Terraform\terraform\terraform 15AUG\terraform15Aug\actions-runner\_diag'
[2026-08-18 04:27:49Z INFO JobExtension] Initialize Env context
[2026-08-18 04:27:49Z INFO JobExtension] Initialize steps context
[2026-08-18 04:27:49Z INFO JobExtension] Total accessible running process: 238.
[2026-08-18 04:27:49Z INFO JobExtension] Inspecting process environment variables. PID: 13888 (OpenWith)
[2026-08-18 04:27:49Z INFO JobExtension] Wait for all connectivity checks to finish.
[2026-08-18 04:27:49Z INFO JobExtension] Connectivity check result: {
  "endpointUrl": "https://broker.actions.githubusercontent.com/health",
  "endpointIPs": null,
  "startTime": "2026-08-18T04:25:33.1077584Z",
  "statusCode": "http_OK",
  "requestId": "928D:27491D:6D75E5:6F4F70:6A83DEC4",
  "httpRequestDurationInMs": 697,
  "dnsResolutionDurationInMs": 0,
  "dnsError": null
}
[2026-08-18 04:27:49Z INFO JobExtension] Connectivity check result: {
  "endpointUrl": "https://token.actions.githubusercontent.com/ready",
  "endpointIPs": null,
  "startTime": "2026-08-18T04:25:33.1099469Z",
  "statusCode": "http_NoContent",
  "requestId": "D88B:A1A58:FC44D3:1271ACF:6A83DEC4",
  "httpRequestDurationInMs": 833,
  "dnsResolutionDurationInMs": 0,
  "dnsError": null
}
[2026-08-18 04:27:49Z INFO JobExtension] Connectivity check result: {
  "endpointUrl": "https://run.actions.githubusercontent.com/health",
  "endpointIPs": null,
  "startTime": "2026-08-18T04:25:33.1104503Z",
  "statusCode": "http_OK",
  "requestId": "D88C:2C87B3:6DC657:713264:6A83DEC4",
  "httpRequestDurationInMs": 727,
  "dnsResolutionDurationInMs": 0,
  "dnsError": null
}
[2026-08-18 04:27:49Z INFO ExecutionContext] Publish step telemetry for current step {
  "action": "complete_job",
  "type": "runner",
  "stage": "Post",
  "stepId": "d4b037e9-4c30-4802-ab55-fcc908333afb",
  "result": "succeeded",
  "errorMessages": [
    "Node.js 20 is deprecated. The following actions target Node.js 20 but are being forced to run on Node.js 24: actions/checkout@v4, hashicorp/setup-terraform@v3. For more information see: https://github.blog/changelog/2025-09-19-deprecation-of-node-20-on-git"
  ],
  "executionTimeInSeconds": 1,
  "startTime": "2026-08-18T04:27:49.2526948Z",
  "finishTime": "2026-08-18T04:27:49.4175109Z"
}.
[2026-08-18 04:27:49Z INFO JobRunner] Job result after all job steps finish: Failed
[2026-08-18 04:27:49Z INFO JobRunner] Completing the job execution context.
[2026-08-18 04:27:49Z INFO JobRunner] Shutting down the job server queue.
[2026-08-18 04:27:49Z INFO JobServerQueue] Fire signal to shutdown all queues.
[2026-08-18 04:27:49Z INFO JobServerQueue] All queue process task stopped.
[2026-08-18 04:27:49Z INFO JobServerQueue] Try to append 1 batches web console lines for record 'd4b037e9-4c30-4802-ab55-fcc908333afb', success rate: 1/1.
[2026-08-18 04:27:49Z INFO JobServerQueue] Web console line queue drained.
[2026-08-18 04:27:49Z INFO JobServerQueue] Uploading 3 files in one shot.
[2026-08-18 04:27:49Z INFO JobServerQueue] Try to upload 3 log files or attachments, success rate: 3/3.
[2026-08-18 04:27:49Z INFO JobServerQueue] File upload queue drained.
[2026-08-18 04:27:49Z INFO JobServerQueue] Starting results-based upload queue...
[2026-08-18 04:27:49Z INFO JobServerQueue] Uploading 3 file(s) in one shot through results service.
[2026-08-18 04:27:49Z INFO JobServerQueue] Got a step log file to send to results service.
[2026-08-18 04:27:49Z INFO JobServerQueue] Starting upload of step log file to results service ResultsLog, E:\devops\Complete Terraform\terraform\terraform 15AUG\terraform15Aug\actions-runner\_diag\blocks\56da58bb-64cc-4515-a67d-0eab7def44e5_b8173e31-334f-42b7-a321-3ae15f8d4df4.1
[2026-08-18 04:27:50Z INFO JobServerQueue] Got a step log file to send to results service.
[2026-08-18 04:27:50Z INFO JobServerQueue] Starting upload of step log file to results service ResultsLog, E:\devops\Complete Terraform\terraform\terraform 15AUG\terraform15Aug\actions-runner\_diag\blocks\56da58bb-64cc-4515-a67d-0eab7def44e5_d4b037e9-4c30-4802-ab55-fcc908333afb.1
[2026-08-18 04:27:51Z INFO JobServerQueue] Got a job log file to send to results service.
[2026-08-18 04:27:51Z INFO JobServerQueue] Starting upload of job log file to results service ResultsLog, E:\devops\Complete Terraform\terraform\terraform 15AUG\terraform15Aug\actions-runner\_diag\blocks\56da58bb-64cc-4515-a67d-0eab7def44e5_5e94a014-23f1-54d7-b059-6b7bcaf122c8.1
[2026-08-18 04:27:52Z INFO JobServerQueue] Tried to upload 3 file(s) to results, success rate: 3/3.
[2026-08-18 04:27:52Z INFO JobServerQueue] Results upload queue drained.
[2026-08-18 04:27:52Z INFO JobServerQueue] Timeline update queue drained.
[2026-08-18 04:27:52Z INFO JobServerQueue] Disposing job server ...
[2026-08-18 04:27:52Z INFO JobServerQueue] Disposing results server ...
[2026-08-18 04:27:52Z INFO JobServerQueue] All queue process tasks have been stopped, and all queues are drained.
[2026-08-18 04:27:52Z INFO TempDirectoryManager] Cleaning runner temp folder: E:\devops\Complete Terraform\terraform\terraform 15AUG\terraform15Aug\actions-runner\_work\_temp
[2026-08-18 04:27:52Z INFO HostContext] Well known directory 'Bin': 'E:\devops\Complete Terraform\terraform\terraform 15AUG\terraform15Aug\actions-runner\bin'
[2026-08-18 04:27:52Z INFO HostContext] Well known directory 'Root': 'E:\devops\Complete Terraform\terraform\terraform 15AUG\terraform15Aug\actions-runner'
[2026-08-18 04:27:52Z INFO HostContext] Well known directory 'Diag': 'E:\devops\Complete Terraform\terraform\terraform 15AUG\terraform15Aug\actions-runner\_diag'
[2026-08-18 04:27:52Z INFO HostContext] Well known config file 'Telemetry': 'E:\devops\Complete Terraform\terraform\terraform 15AUG\terraform15Aug\actions-runner\_diag\.telemetry'
[2026-08-18 04:27:52Z INFO JobRunner] Raising job completed against run service
[2026-08-18 04:27:53Z INFO Worker] Job completed.
