[2026-08-17 20:30:29Z INFO HostContext] No proxy settings were found based on environmental variables (http_proxy/https_proxy/HTTP_PROXY/HTTPS_PROXY)
[2026-08-17 20:30:29Z INFO HostContext] Well known directory 'Bin': 'E:\devops\Complete Terraform\terraform\terraform 15AUG\terraform15Aug\actions-runner\bin'
[2026-08-17 20:30:29Z INFO HostContext] Well known directory 'Root': 'E:\devops\Complete Terraform\terraform\terraform 15AUG\terraform15Aug\actions-runner'
[2026-08-17 20:30:29Z INFO HostContext] Well known config file 'Credentials': 'E:\devops\Complete Terraform\terraform\terraform 15AUG\terraform15Aug\actions-runner\.credentials'
[2026-08-17 20:30:29Z INFO HostContext] Well known directory 'Bin': 'E:\devops\Complete Terraform\terraform\terraform 15AUG\terraform15Aug\actions-runner\bin'
[2026-08-17 20:30:29Z INFO HostContext] Well known directory 'Root': 'E:\devops\Complete Terraform\terraform\terraform 15AUG\terraform15Aug\actions-runner'
[2026-08-17 20:30:29Z INFO HostContext] Well known config file 'Runner': 'E:\devops\Complete Terraform\terraform\terraform 15AUG\terraform15Aug\actions-runner\.runner'
[2026-08-17 20:30:29Z INFO Worker] Version: 2.336.0
[2026-08-17 20:30:29Z INFO Worker] Commit: 98aabcd429c4e8402406c56ce2d26387fed3b9ce
[2026-08-17 20:30:29Z INFO Worker] Culture: en-IN
[2026-08-17 20:30:29Z INFO Worker] UI Culture: en-US
[2026-08-17 20:30:29Z INFO Worker] Waiting to receive the job message from the channel.
[2026-08-17 20:30:29Z INFO ProcessChannel] Receiving message of length 46903, with hash 'bcf33c4aefe96152afacb2120a7a2ac846344b9e8dfbc55ee9cdd6a8c699b5d6'
[2026-08-17 20:30:29Z INFO Worker] Message received.
[2026-08-17 20:30:29Z INFO Worker] Job message:
 {
  "environmentVariables": [
    {
      "type": 2,
      "file": 1,
      "line": 17,
      "col": 3,
      "map": [
        {
          "key": {
            "type": 0,
            "file": 1,
            "line": 17,
            "col": 3,
            "lit": "TF_WORKING_DIR"
          },
          "value": {
            "type": 0,
            "file": 1,
            "line": 17,
            "col": 19,
            "lit": "./prod_parent_module"
          }
        },
        {
          "key": {
            "type": 0,
            "file": 1,
            "line": 18,
            "col": 3,
            "lit": "ARM_USE_OIDC"
          },
          "value": {
            "type": 0,
            "file": 1,
            "line": 18,
            "col": 17,
            "lit": "true"
          }
        }
      ]
    }
  ],
  "fileTable": [
    ".github/workflows/CI.yml"
  ],
  "mask": [
    {
      "type": "regex",
      "value": "***"
    },
    {
      "type": "regex",
      "value": "***"
    },
    {
      "type": "regex",
      "value": "***"
    },
    {
      "type": "regex",
      "value": "***"
    },
    {
      "type": "regex",
      "value": "***"
    },
    {
      "type": "regex",
      "value": "***"
    },
    {
      "type": "regex",
      "value": "***"
    },
    {
      "type": "regex",
      "value": "***"
    },
    {
      "type": "regex",
      "value": "***"
    },
    {
      "type": "regex",
      "value": "***"
    },
    {
      "type": "regex",
      "value": "***"
    },
    {
      "type": "regex",
      "value": "***"
    },
    {
      "type": "regex",
      "value": "***"
    },
    {
      "type": "regex",
      "value": "***"
    },
    {
      "type": "regex",
      "value": "***"
    },
    {
      "type": "regex",
      "value": "***"
    },
    {
      "type": "regex",
      "value": "***"
    },
    {
      "type": "regex",
      "value": "***"
    },
    {
      "type": "regex",
      "value": "***"
    },
    {
      "type": "regex",
      "value": "***"
    },
    {
      "type": "regex",
      "value": "***"
    },
    {
      "type": "regex",
      "value": "***"
    },
    {
      "type": "regex",
      "value": "***"
    }
  ],
  "steps": [
    {
      "type": "action",
      "reference": {
        "type": "repository",
        "name": "actions/checkout",
        "ref": "v4",
        "repositoryType": "GitHub"
      },
      "displayNameToken": {
        "type": 0,
        "file": 1,
        "line": 31,
        "col": 15,
        "lit": "Checkout Code"
      },
      "contextName": "__actions_checkout",
      "inputs": {
        "type": 2,
        "file": 1,
        "line": 34,
        "col": 11,
        "map": [
          {
            "key": {
              "type": 0,
              "file": 1,
              "line": 34,
              "col": 11,
              "lit": "fetch-depth"
            },
            "value": {
              "type": 0,
              "file": 1,
              "line": 34,
              "col": 24,
              "lit": "0"
            }
          }
        ]
      },
      "condition": "success()",
      "id": "0040a36f-5454-40fe-a33f-d58850c6d1be",
      "name": "__actions_checkout"
    },
    {
      "type": "action",
      "reference": {
        "type": "repository",
        "name": "hashicorp/setup-terraform",
        "ref": "v3",
        "repositoryType": "GitHub"
      },
      "displayNameToken": {
        "type": 0,
        "file": 1,
        "line": 36,
        "col": 15,
        "lit": "Setup Terraform"
      },
      "contextName": "__hashicorp_setup-terraform",
      "condition": "success()",
      "id": "822bbb75-f60e-4586-af2e-04ffcf4002b8",
      "name": "__hashicorp_setup-terraform"
    },
    {
      "type": "action",
      "reference": {
        "type": "script"
      },
      "displayNameToken": {
        "type": 0,
        "file": 1,
        "line": 39,
        "col": 15,
        "lit": "Terraform Format Check"
      },
      "contextName": "__run",
      "inputs": {
        "type": 2,
        "map": [
          {
            "key": "script",
            "value": {
              "type": 0,
              "file": 1,
              "line": 41,
              "col": 14,
              "lit": "terraform fmt -check -recursive"
            }
          },
          {
            "key": "workingDirectory",
            "value": {
              "type": 3,
              "file": 1,
              "line": 40,
              "col": 28,
              "expr": "env.TF_WORKING_DIR"
            }
          }
        ]
      },
      "condition": "success()",
      "id": "999eb7aa-5cc0-459b-9098-a42d3f5a0280",
      "name": "__run"
    },
    {
      "type": "action",
      "reference": {
        "type": "script"
      },
      "displayNameToken": {
        "type": 0,
        "file": 1,
        "line": 43,
        "col": 15,
        "lit": "Terraform Init"
      },
      "contextName": "__run_2",
      "inputs": {
        "type": 2,
        "map": [
          {
            "key": "script",
            "value": {
              "type": 0,
              "file": 1,
              "line": 45,
              "col": 14,
              "lit": "terraform init -backend=false"
            }
          },
          {
            "key": "workingDirectory",
            "value": {
              "type": 3,
              "file": 1,
              "line": 44,
              "col": 28,
              "expr": "env.TF_WORKING_DIR"
            }
          }
        ]
      },
      "condition": "success()",
      "id": "43b9fa5b-d6bb-437b-9997-6faed76fec07",
      "name": "__run_2"
    },
    {
      "type": "action",
      "reference": {
        "type": "script"
      },
      "displayNameToken": {
        "type": 0,
        "file": 1,
        "line": 47,
        "col": 15,
        "lit": "Terraform Validate"
      },
      "contextName": "__run_3",
      "inputs": {
        "type": 2,
        "map": [
          {
            "key": "script",
            "value": {
              "type": 0,
              "file": 1,
              "line": 49,
              "col": 14,
              "lit": "terraform validate"
            }
          },
          {
            "key": "workingDirectory",
            "value": {
              "type": 3,
              "file": 1,
              "line": 48,
              "col": 28,
              "expr": "env.TF_WORKING_DIR"
            }
          }
        ]
      },
      "condition": "success()",
      "id": "1e6778d7-9177-4cfe-b25b-0f0d96614bb7",
      "name": "__run_3"
    },
    {
      "type": "action",
      "reference": {
        "type": "script"
      },
      "displayNameToken": {
        "type": 0,
        "file": 1,
        "line": 54,
        "col": 15,
        "lit": "Install Gitleaks"
      },
      "contextName": "__run_4",
      "inputs": {
        "type": 2,
        "map": [
          {
            "key": "script",
            "value": {
              "type": 0,
              "file": 1,
              "line": 55,
              "col": 14,
              "lit": "sudo apt-get update\nsudo apt-get install -y gitleaks\n"
            }
          }
        ]
      },
      "condition": "success()",
      "id": "dff4f8ca-177c-4c03-8952-989ab8251fa9",
      "name": "__run_4"
    },
    {
      "type": "action",
      "reference": {
        "type": "script"
      },
      "displayNameToken": {
        "type": 0,
        "file": 1,
        "line": 59,
        "col": 15,
        "lit": "Gitleaks Scan"
      },
      "contextName": "__run_5",
      "inputs": {
        "type": 2,
        "map": [
          {
            "key": "script",
            "value": {
              "type": 0,
              "file": 1,
              "line": 60,
              "col": 14,
              "lit": "gitleaks detect \\\n  --source . \\\n  --no-banner \\\n  --redact\n"
            }
          }
        ]
      },
      "condition": "success()",
      "id": "5f59e2b7-0395-494f-b9d9-c72236151c32",
      "name": "__run_5"
    }
  ],
  "variables": {
    "Actions.EnableHttpRedirects": {
      "value": "true"
    },
    "DistributedTask.AddWarningToNode12Action": {
      "value": "true"
    },
    "DistributedTask.AddWarningToNode16Action": {
      "value": "true"
    },
    "DistributedTask.AllowRunnerContainerHooks": {
      "value": "true"
    },
    "DistributedTask.DeprecateStepOutputCommands": {
      "value": "true"
    },
    "DistributedTask.DetailUntarFailure": {
      "value": "true"
    },
    "DistributedTask.EnableCompositeActions": {
      "value": "true"
    },
    "DistributedTask.EnableJobServerQueueTelemetry": {
      "value": "true"
    },
    "DistributedTask.EnhancedAnnotations": {
      "value": "true"
    },
    "DistributedTask.ForceGithubJavascriptActionsToNode16": {
      "value": "true"
    },
    "DistributedTask.ForceGithubJavascriptActionsToNode20": {
      "value": "true"
    },
    "DistributedTask.LogTemplateErrorsAsDebugMessages": {
      "value": "true"
    },
    "DistributedTask.MarkJobAsFailedOnWorkerCrash": {
      "value": "true"
    },
    "DistributedTask.NewActionMetadata": {
      "value": "true"
    },
    "DistributedTask.UploadStepSummary": {
      "value": "true"
    },
    "DistributedTask.UseActionArchiveCache": {
      "value": "true"
    },
    "DistributedTask.UseWhich2": {
      "value": "true"
    },
    "RunService.FixEmbeddedIssues": {
      "value": "true"
    },
    "actions.runner.requirenode24": {
      "value": "false"
    },
    "actions.runner.usenode24bydefault": {
      "value": "true"
    },
    "actions.runner.warnonnode20": {
      "value": "true"
    },
    "actions_add_check_run_id_to_job_context": {
      "value": "true"
    },
    "actions_batch_action_resolution": {
      "value": "false"
    },
    "actions_container_action_runner_temp": {
      "value": "true"
    },
    "actions_display_helpful_actions_download_errors": {
      "value": "true"
    },
    "actions_runner_allow_artifacts_file": {
      "value": "false"
    },
    "actions_runner_compare_workflow_parser": {
      "value": "false"
    },
    "actions_runner_deprecate_linux_arm32": {
      "value": "true"
    },
    "actions_runner_emit_composite_markers": {
      "value": "true"
    },
    "actions_runner_kill_linux_arm32": {
      "value": "false"
    },
    "actions_runner_node20_removal_date": {
      "value": ""
    },
    "actions_runner_node24_default_date": {
      "value": "June 16th, 2026"
    },
    "actions_self_repository": {
      "value": "true"
    },
    "actions_service_container_command": {
      "value": "true"
    },
    "actions_set_orchestration_id_env_for_actions": {
      "value": "true"
    },
    "actions_skip_retry_complete_job_upon_known_errors": {
      "value": "true"
    },
    "actions_snapshot_preflight_hosted_runner_check": {
      "value": "false"
    },
    "actions_snapshot_preflight_image_gen_pool_check": {
      "value": "false"
    },
    "actions_use_bearer_token_for_codeload": {
      "value": "false"
    },
    "actions_uses_cache_service_v2": {
      "value": "true"
    },
    "github_token": {
      "value": "***",
      "isSecret": true
    },
    "system.from_run_service": {
      "value": "true"
    },
    "system.github.job": {
      "value": "scan"
    },
    "system.github.launch_endpoint": {
      "value": "https://launch.actions.githubusercontent.com"
    },
    "system.github.results_endpoint": {
      "value": "https://results-receiver.actions.githubusercontent.com/"
    },
    "system.github.results_upload_with_sdk": {
      "value": "true"
    },
    "system.github.token": {
      "value": "***",
      "isSecret": true
    },
    "system.github.token.permissions": {
      "value": "{\"Contents\":\"read\",\"Metadata\":\"read\"}"
    },
    "system.orchestrationId": {
      "value": "00c0bdd4-47af-4be1-94c5-22e28cceea00.scan.__default"
    },
    "system.phaseDisplayName": {
      "value": "Terraform Security Scan"
    },
    "system.runner.lowdiskspacethreshold": {
      "value": "100"
    },
    "system.runnerEnvironment": {
      "value": "self-hosted"
    },
    "system.runnerGroupName": {
      "value": "Default"
    }
  },
  "messageType": "RunnerJobRequest",
  "plan": {
    "scopeIdentifier": "00000000-0000-0000-0000-000000000000",
    "planType": "actions",
    "version": 0,
    "planId": "00c0bdd4-47af-4be1-94c5-22e28cceea00",
    "planGroup": null,
    "artifactUri": null,
    "artifactLocation": null,
    "definition": null,
    "owner": null
  },
  "timeline": {
    "id": "00c0bdd4-47af-4be1-94c5-22e28cceea00",
    "changeId": 0,
    "location": null
  },
  "jobId": "40815218-2943-528d-80b5-aae6e8fad8c7",
  "jobDisplayName": "Terraform Security Scan",
  "jobName": "__default",
  "requestId": 0,
  "lockedUntil": "0001-01-01T00:00:00",
  "resources": {
    "endpoints": [
      {
        "data": {
          "ServerId": "",
          "ServerName": "",
          "CacheServerUrl": "https://artifactcache.actions.githubusercontent.com/y8lifPeM7LoSev5b8ZD7afup9AuljtieLTtckKzCN1Ij2ZZudF/",
          "FeedStreamUrl": "wss://results-receiver.actions.githubusercontent.com/_ws/ingest.sock",
          "ResultsServiceUrl": "https://results-receiver.actions.githubusercontent.com/",
          "PipelinesServiceUrl": "https://pipelinesghubeus14.actions.githubusercontent.com/y8lifPeM7LoSev5b8ZD7afup9AuljtieLTtckKzCN1Ij2ZZudF/",
          "GenerateIdTokenUrl": "https://run-actions-3-azure-eastus.actions.githubusercontent.com/44//idtoken/00c0bdd4-47af-4be1-94c5-22e28cceea00/40815218-2943-528d-80b5-aae6e8fad8c7?api-version=2.0",
          "ConnectivityChecks": "[\"https://broker.actions.githubusercontent.com/health\",\"https://token.actions.githubusercontent.com/ready\",\"https://run.actions.githubusercontent.com/health\"]",
          "ConnectivityAndDNSChecks": ""
        },
        "name": "SystemVssConnection",
        "url": "https://run-actions-3-azure-eastus.actions.githubusercontent.com/44/",
        "authorization": {
          "parameters": {
            "AccessToken": "***"
          },
          "scheme": "OAuth"
        },
        "isShared": false,
        "isReady": true
      }
    ]
  },
  "contextData": {
    "github": {
      "t": 2,
      "d": [
        {
          "k": "ref",
          "v": "refs/pull/1/merge"
        },
        {
          "k": "sha",
          "v": "cb974dfca360c9a33903d5d39bd356842ffe750a"
        },
        {
          "k": "repository",
          "v": "rahulsharma582/terraform15Aug"
        },
        {
          "k": "repository_owner",
          "v": "rahulsharma582"
        },
        {
          "k": "repository_owner_id",
          "v": "287917171"
        },
        {
          "k": "repositoryUrl",
          "v": "git://github.com/rahulsharma582/terraform15Aug.git"
        },
        {
          "k": "run_id",
          "v": "32065869888"
        },
        {
          "k": "run_number",
          "v": "9"
        },
        {
          "k": "retention_days",
          "v": "90"
        },
        {
          "k": "run_attempt",
          "v": "1"
        },
        {
          "k": "artifact_cache_size_limit",
          "v": "10"
        },
        {
          "k": "repository_visibility",
          "v": "public"
        },
        {
          "k": "actor_id",
          "v": "287917171"
        },
        {
          "k": "actor",
          "v": "rahulsharma582"
        },
        {
          "k": "workflow",
          "v": "Terraform CI-CD"
        },
        {
          "k": "head_ref",
          "v": "features/CIpipeline"
        },
        {
          "k": "base_ref",
          "v": "main"
        },
        {
          "k": "event_name",
          "v": "pull_request"
        },
        {
          "k": "server_url",
          "v": "https://github.com"
        },
        {
          "k": "api_url",
          "v": "https://api.github.com"
        },
        {
          "k": "graphql_url",
          "v": "https://api.github.com/graphql"
        },
        {
          "k": "ref_name",
          "v": "1/merge"
        },
        {
          "k": "ref_protected",
          "v": false
        },
        {
          "k": "ref_type",
          "v": "branch"
        },
        {
          "k": "secret_source",
          "v": "Actions"
        },
        {
          "k": "event",
          "v": {
            "t": 2,
            "d": [
              {
                "k": "action",
                "v": "synchronize"
              },
              {
                "k": "after",
                "v": "90ce94e61e8e6d5b45ba00f4a7d1157a54dd323a"
              },
              {
                "k": "before",
                "v": "8c12ddce886d1b1bf7502e8de0729e1fbaad01e9"
              },
              {
                "k": "number",
                "v": 1.0
              },
              {
                "k": "pull_request",
                "v": {
                  "t": 2,
                  "d": [
                    {
                      "k": "_links",
                      "v": {
                        "t": 2,
                        "d": [
                          {
                            "k": "comments",
                            "v": {
                              "t": 2,
                              "d": [
                                {
                                  "k": "href",
                                  "v": "https://api.github.com/repos/rahulsharma582/terraform15Aug/issues/1/comments"
                                }
                              ]
                            }
                          },
                          {
                            "k": "commits",
                            "v": {
                              "t": 2,
                              "d": [
                                {
                                  "k": "href",
                                  "v": "https://api.github.com/repos/rahulsharma582/terraform15Aug/pulls/1/commits"
                                }
                              ]
                            }
                          },
                          {
                            "k": "html",
                            "v": {
                              "t": 2,
                              "d": [
                                {
                                  "k": "href",
                                  "v": "https://github.com/rahulsharma582/terraform15Aug/pull/1"
                                }
                              ]
                            }
                          },
                          {
                            "k": "issue",
                            "v": {
                              "t": 2,
                              "d": [
                                {
                                  "k": "href",
                                  "v": "https://api.github.com/repos/rahulsharma582/terraform15Aug/issues/1"
                                }
                              ]
                            }
                          },
                          {
                            "k": "review_comment",
                            "v": {
                              "t": 2,
                              "d": [
                                {
                                  "k": "href",
                                  "v": "https://api.github.com/repos/rahulsharma582/terraform15Aug/pulls/comments{/number}"
                                }
                              ]
                            }
                          },
                          {
                            "k": "review_comments",
                            "v": {
                              "t": 2,
                              "d": [
                                {
                                  "k": "href",
                                  "v": "https://api.github.com/repos/rahulsharma582/terraform15Aug/pulls/1/comments"
                                }
                              ]
                            }
                          },
                          {
                            "k": "self",
                            "v": {
                              "t": 2,
                              "d": [
                                {
                                  "k": "href",
                                  "v": "https://api.github.com/repos/rahulsharma582/terraform15Aug/pulls/1"
                                }
                              ]
                            }
                          },
                          {
                            "k": "statuses",
                            "v": {
                              "t": 2,
                              "d": [
                                {
                                  "k": "href",
                                  "v": "https://api.github.com/repos/rahulsharma582/terraform15Aug/statuses/90ce94e61e8e6d5b45ba00f4a7d1157a54dd323a"
                                }
                              ]
                            }
                          }
                        ]
                      }
                    },
                    {
                      "k": "active_lock_reason",
                      "v": null
                    },
                    {
                      "k": "additions",
                      "v": 25494.0
                    },
                    {
                      "k": "assignee",
                      "v": null
                    },
                    {
                      "k": "assignees",
                      "v": {
                        "t": 1
                      }
                    },
                    {
                      "k": "author_association",
                      "v": "OWNER"
                    },
                    {
                      "k": "auto_merge",
                      "v": null
                    },
                    {
                      "k": "base",
                      "v": {
                        "t": 2,
                        "d": [
                          {
                            "k": "label",
                            "v": "rahulsharma582:main"
                          },
                          {
                            "k": "ref",
                            "v": "main"
                          },
                          {
                            "k": "repo",
                            "v": {
                              "t": 2,
                              "d": [
                                {
                                  "k": "allow_auto_merge",
                                  "v": false
                                },
                                {
                                  "k": "allow_forking",
                                  "v": true
                                },
                                {
                                  "k": "allow_merge_commit",
                                  "v": true
                                },
                                {
                                  "k": "allow_rebase_merge",
                                  "v": true
                                },
                                {
                                  "k": "allow_squash_merge",
                                  "v": true
                                },
                                {
                                  "k": "allow_update_branch",
                                  "v": false
                                },
                                {
                                  "k": "archive_url",
                                  "v": "https://api.github.com/repos/rahulsharma582/terraform15Aug/{archive_format}{/ref}"
                                },
                                {
                                  "k": "archived",
                                  "v": false
                                },
                                {
                                  "k": "assignees_url",
                                  "v": "https://api.github.com/repos/rahulsharma582/terraform15Aug/assignees{/user}"
                                },
                                {
                                  "k": "blobs_url",
                                  "v": "https://api.github.com/repos/rahulsharma582/terraform15Aug/git/blobs{/sha}"
                                },
                                {
                                  "k": "branches_url",
                                  "v": "https://api.github.com/repos/rahulsharma582/terraform15Aug/branches{/branch}"
                                },
                                {
                                  "k": "clone_url",
                                  "v": "https://github.com/rahulsharma582/terraform15Aug.git"
                                },
                                {
                                  "k": "collaborators_url",
                                  "v": "https://api.github.com/repos/rahulsharma582/terraform15Aug/collaborators{/collaborator}"
                                },
                                {
                                  "k": "comments_url",
                                  "v": "https://api.github.com/repos/rahulsharma582/terraform15Aug/comments{/number}"
                                },
                                {
                                  "k": "commits_url",
                                  "v": "https://api.github.com/repos/rahulsharma582/terraform15Aug/commits{/sha}"
                                },
                                {
                                  "k": "compare_url",
                                  "v": "https://api.github.com/repos/rahulsharma582/terraform15Aug/compare/{base}...{head}"
                                },
                                {
                                  "k": "contents_url",
                                  "v": "https://api.github.com/repos/rahulsharma582/terraform15Aug/contents/{+path}"
                                },
                                {
                                  "k": "contributors_url",
                                  "v": "https://api.github.com/repos/rahulsharma582/terraform15Aug/contributors"
                                },
                                {
                                  "k": "created_at",
                                  "v": "2026-08-15T20:44:24Z"
                                },
                                {
                                  "k": "default_branch",
                                  "v": "main"
                                },
                                {
                                  "k": "delete_branch_on_merge",
                                  "v": false
                                },
                                {
                                  "k": "deployments_url",
                                  "v": "https://api.github.com/repos/rahulsharma582/terraform15Aug/deployments"
                                },
                                {
                                  "k": "description",
                                  "v": null
                                },
                                {
                                  "k": "disabled",
                                  "v": false
                                },
                                {
                                  "k": "downloads_url",
                                  "v": "https://api.github.com/repos/rahulsharma582/terraform15Aug/downloads"
                                },
                                {
                                  "k": "events_url",
                                  "v": "https://api.github.com/repos/rahulsharma582/terraform15Aug/events"
                                },
                                {
                                  "k": "fork",
                                  "v": false
                                },
                                {
                                  "k": "forks",
                                  "v": 0.0
                                },
                                {
                                  "k": "forks_count",
                                  "v": 0.0
                                },
                                {
                                  "k": "forks_url",
                                  "v": "https://api.github.com/repos/rahulsharma582/terraform15Aug/forks"
                                },
                                {
                                  "k": "full_name",
                                  "v": "rahulsharma582/terraform15Aug"
                                },
                                {
                                  "k": "git_commits_url",
                                  "v": "https://api.github.com/repos/rahulsharma582/terraform15Aug/git/commits{/sha}"
                                },
                                {
                                  "k": "git_refs_url",
                                  "v": "https://api.github.com/repos/rahulsharma582/terraform15Aug/git/refs{/sha}"
                                },
                                {
                                  "k": "git_tags_url",
                                  "v": "https://api.github.com/repos/rahulsharma582/terraform15Aug/git/tags{/sha}"
                                },
                                {
                                  "k": "git_url",
                                  "v": "git://github.com/rahulsharma582/terraform15Aug.git"
                                },
                                {
                                  "k": "has_discussions",
                                  "v": false
                                },
                                {
                                  "k": "has_downloads",
                                  "v": false
                                },
                                {
                                  "k": "has_issues",
                                  "v": true
                                },
                                {
                                  "k": "has_pages",
                                  "v": false
                                },
                                {
                                  "k": "has_projects",
                                  "v": true
                                },
                                {
                                  "k": "has_pull_requests",
                                  "v": true
                                },
                                {
                                  "k": "has_wiki",
                                  "v": true
                                },
                                {
                                  "k": "homepage",
                                  "v": null
                                },
                                {
                                  "k": "hooks_url",
                                  "v": "https://api.github.com/repos/rahulsharma582/terraform15Aug/hooks"
                                },
                                {
                                  "k": "html_url",
                                  "v": "https://github.com/rahulsharma582/terraform15Aug"
                                },
                                {
                                  "k": "id",
                                  "v": 1335397659.0
                                },
                                {
                                  "k": "is_template",
                                  "v": false
                                },
                                {
                                  "k": "issue_comment_url",
                                  "v": "https://api.github.com/repos/rahulsharma582/terraform15Aug/issues/comments{/number}"
                                },
                                {
                                  "k": "issue_events_url",
                                  "v": "https://api.github.com/repos/rahulsharma582/terraform15Aug/issues/events{/number}"
                                },
                                {
                                  "k": "issues_url",
                                  "v": "https://api.github.com/repos/rahulsharma582/terraform15Aug/issues{/number}"
                                },
                                {
                                  "k": "keys_url",
                                  "v": "https://api.github.com/repos/rahulsharma582/terraform15Aug/keys{/key_id}"
                                },
                                {
                                  "k": "labels_url",
                                  "v": "https://api.github.com/repos/rahulsharma582/terraform15Aug/labels{/name}"
                                },
                                {
                                  "k": "language",
                                  "v": "HCL"
                                },
                                {
                                  "k": "languages_url",
                                  "v": "https://api.github.com/repos/rahulsharma582/terraform15Aug/languages"
                                },
                                {
                                  "k": "license",
                                  "v": {
                                    "t": 2,
                                    "d": [
                                      {
                                        "k": "key",
                                        "v": "gpl-3.0"
                                      },
                                      {
                                        "k": "name",
                                        "v": "GNU General Public License v3.0"
                                      },
                                      {
                                        "k": "node_id",
                                        "v": "MDc6TGljZW5zZTk="
                                      },
                                      {
                                        "k": "spdx_id",
                                        "v": "GPL-3.0"
                                      },
                                      {
                                        "k": "url",
                                        "v": "https://api.github.com/licenses/gpl-3.0"
                                      }
                                    ]
                                  }
                                },
                                {
                                  "k": "merge_commit_message",
                                  "v": "PR_TITLE"
                                },
                                {
                                  "k": "merge_commit_title",
                                  "v": "MERGE_MESSAGE"
                                },
                                {
                                  "k": "merges_url",
                                  "v": "https://api.github.com/repos/rahulsharma582/terraform15Aug/merges"
                                },
                                {
                                  "k": "milestones_url",
                                  "v": "https://api.github.com/repos/rahulsharma582/terraform15Aug/milestones{/number}"
                                },
                                {
                                  "k": "mirror_url",
                                  "v": null
                                },
                                {
                                  "k": "name",
                                  "v": "terraform15Aug"
                                },
                                {
                                  "k": "node_id",
                                  "v": "R_kgDOT5iNGw"
                                },
                                {
                                  "k": "notifications_url",
                                  "v": "https://api.github.com/repos/rahulsharma582/terraform15Aug/notifications{?since,all,participating}"
                                },
                                {
                                  "k": "open_issues",
                                  "v": 1.0
                                },
                                {
                                  "k": "open_issues_count",
                                  "v": 1.0
                                },
                                {
                                  "k": "owner",
                                  "v": {
                                    "t": 2,
                                    "d": [
                                      {
                                        "k": "avatar_url",
                                        "v": "https://avatars.githubusercontent.com/u/287917171?v=4"
                                      },
                                      {
                                        "k": "events_url",
                                        "v": "https://api.github.com/users/rahulsharma582/events{/privacy}"
                                      },
                                      {
                                        "k": "followers_url",
                                        "v": "https://api.github.com/users/rahulsharma582/followers"
                                      },
                                      {
                                        "k": "following_url",
                                        "v": "https://api.github.com/users/rahulsharma582/following{/other_user}"
                                      },
                                      {
                                        "k": "gists_url",
                                        "v": "https://api.github.com/users/rahulsharma582/gists{/gist_id}"
                                      },
                                      {
                                        "k": "gravatar_id",
                                        "v": ""
                                      },
                                      {
                                        "k": "html_url",
                                        "v": "https://github.com/rahulsharma582"
                                      },
                                      {
                                        "k": "id",
                                        "v": 287917171.0
                                      },
                                      {
                                        "k": "login",
                                        "v": "rahulsharma582"
                                      },
                                      {
                                        "k": "node_id",
                                        "v": "U_kgDOESlEcw"
                                      },
                                      {
                                        "k": "organizations_url",
                                        "v": "https://api.github.com/users/rahulsharma582/orgs"
                                      },
                                      {
                                        "k": "received_events_url",
                                        "v": "https://api.github.com/users/rahulsharma582/received_events"
                                      },
                                      {
                                        "k": "repos_url",
                                        "v": "https://api.github.com/users/rahulsharma582/repos"
                                      },
                                      {
                                        "k": "site_admin",
                                        "v": false
                                      },
                                      {
                                        "k": "starred_url",
                                        "v": "https://api.github.com/users/rahulsharma582/starred{/owner}{/repo}"
                                      },
                                      {
                                        "k": "subscriptions_url",
                                        "v": "https://api.github.com/users/rahulsharma582/subscriptions"
                                      },
                                      {
                                        "k": "type",
                                        "v": "User"
                                      },
                                      {
                                        "k": "url",
                                        "v": "https://api.github.com/users/rahulsharma582"
                                      },
                                      {
                                        "k": "user_view_type",
                                        "v": "public"
                                      }
                                    ]
                                  }
                                },
                                {
                                  "k": "private",
                                  "v": false
                                },
                                {
                                  "k": "pull_request_creation_policy",
                                  "v": "all"
                                },
                                {
                                  "k": "pulls_url",
                                  "v": "https://api.github.com/repos/rahulsharma582/terraform15Aug/pulls{/number}"
                                },
                                {
                                  "k": "pushed_at",
                                  "v": "2026-08-17T20:27:07Z"
                                },
                                {
                                  "k": "releases_url",
                                  "v": "https://api.github.com/repos/rahulsharma582/terraform15Aug/releases{/id}"
                                },
                                {
                                  "k": "size",
                                  "v": 21.0
                                },
                                {
                                  "k": "squash_merge_commit_message",
                                  "v": "COMMIT_MESSAGES"
                                },
                                {
                                  "k": "squash_merge_commit_title",
                                  "v": "COMMIT_OR_PR_TITLE"
                                },
                                {
                                  "k": "ssh_url",
                                  "v": "git@github.com:rahulsharma582/terraform15Aug.git"
                                },
                                {
                                  "k": "stargazers_count",
                                  "v": 0.0
                                },
                                {
                                  "k": "stargazers_url",
                                  "v": "https://api.github.com/repos/rahulsharma582/terraform15Aug/stargazers"
                                },
                                {
                                  "k": "statuses_url",
                                  "v": "https://api.github.com/repos/rahulsharma582/terraform15Aug/statuses/{sha}"
                                },
                                {
                                  "k": "subscribers_url",
                                  "v": "https://api.github.com/repos/rahulsharma582/terraform15Aug/subscribers"
                                },
                                {
                                  "k": "subscription_url",
                                  "v": "https://api.github.com/repos/rahulsharma582/terraform15Aug/subscription"
                                },
                                {
                                  "k": "svn_url",
                                  "v": "https://github.com/rahulsharma582/terraform15Aug"
                                },
                                {
                                  "k": "tags_url",
                                  "v": "https://api.github.com/repos/rahulsharma582/terraform15Aug/tags"
                                },
                                {
                                  "k": "teams_url",
                                  "v": "https://api.github.com/repos/rahulsharma582/terraform15Aug/teams"
                                },
                                {
                                  "k": "topics",
                                  "v": {
                                    "t": 1
                                  }
                                },
                                {
                                  "k": "trees_url",
                                  "v": "https://api.github.com/repos/rahulsharma582/terraform15Aug/git/trees{/sha}"
                                },
                                {
                                  "k": "updated_at",
                                  "v": "2026-08-16T00:15:06Z"
                                },
                                {
                                  "k": "url",
                                  "v": "https://api.github.com/repos/rahulsharma582/terraform15Aug"
                                },
                                {
                                  "k": "use_squash_pr_title_as_default",
                                  "v": false
                                },
                                {
                                  "k": "visibility",
                                  "v": "public"
                                },
                                {
                                  "k": "watchers",
                                  "v": 0.0
                                },
                                {
                                  "k": "watchers_count",
                                  "v": 0.0
                                },
                                {
                                  "k": "web_commit_signoff_required",
                                  "v": false
                                }
                              ]
                            }
                          },
                          {
                            "k": "sha",
                            "v": "6d9d659f94aeb8222dd06c8fff206b61a0a07a54"
                          },
                          {
                            "k": "user",
                            "v": {
                              "t": 2,
                              "d": [
                                {
                                  "k": "avatar_url",
                                  "v": "https://avatars.githubusercontent.com/u/287917171?v=4"
                                },
                                {
                                  "k": "events_url",
                                  "v": "https://api.github.com/users/rahulsharma582/events{/privacy}"
                                },
                                {
                                  "k": "followers_url",
                                  "v": "https://api.github.com/users/rahulsharma582/followers"
                                },
                                {
                                  "k": "following_url",
                                  "v": "https://api.github.com/users/rahulsharma582/following{/other_user}"
                                },
                                {
                                  "k": "gists_url",
                                  "v": "https://api.github.com/users/rahulsharma582/gists{/gist_id}"
                                },
                                {
                                  "k": "gravatar_id",
                                  "v": ""
                                },
                                {
                                  "k": "html_url",
                                  "v": "https://github.com/rahulsharma582"
                                },
                                {
                                  "k": "id",
                                  "v": 287917171.0
                                },
                                {
                                  "k": "login",
                                  "v": "rahulsharma582"
                                },
                                {
                                  "k": "node_id",
                                  "v": "U_kgDOESlEcw"
                                },
                                {
                                  "k": "organizations_url",
                                  "v": "https://api.github.com/users/rahulsharma582/orgs"
                                },
                                {
                                  "k": "received_events_url",
                                  "v": "https://api.github.com/users/rahulsharma582/received_events"
                                },
                                {
                                  "k": "repos_url",
                                  "v": "https://api.github.com/users/rahulsharma582/repos"
                                },
                                {
                                  "k": "site_admin",
                                  "v": false
                                },
                                {
                                  "k": "starred_url",
                                  "v": "https://api.github.com/users/rahulsharma582/starred{/owner}{/repo}"
                                },
                                {
                                  "k": "subscriptions_url",
                                  "v": "https://api.github.com/users/rahulsharma582/subscriptions"
                                },
                                {
                                  "k": "type",
                                  "v": "User"
                                },
                                {
                                  "k": "url",
                                  "v": "https://api.github.com/users/rahulsharma582"
                                },
                                {
                                  "k": "user_view_type",
                                  "v": "public"
                                }
                              ]
                            }
                          }
                        ]
                      }
                    },
                    {
                      "k": "body",
                      "v": null
                    },
                    {
                      "k": "changed_files",
                      "v": 278.0
                    },
                    {
                      "k": "closed_at",
                      "v": null
                    },
                    {
                      "k": "comments",
                      "v": 0.0
                    },
                    {
                      "k": "comments_url",
                      "v": "https://api.github.com/repos/rahulsharma582/terraform15Aug/issues/1/comments"
                    },
                    {
                      "k": "commits",
                      "v": 8.0
                    },
                    {
                      "k": "commits_url",
                      "v": "https://api.github.com/repos/rahulsharma582/terraform15Aug/pulls/1/commits"
                    },
                    {
                      "k": "created_at",
                      "v": "2026-08-16T21:55:52Z"
                    },
                    {
                      "k": "deletions",
                      "v": 26.0
                    },
                    {
                      "k": "diff_url",
                      "v": "https://github.com/rahulsharma582/terraform15Aug/pull/1.diff"
                    },
                    {
                      "k": "draft",
                      "v": false
                    },
                    {
                      "k": "head",
                      "v": {
                        "t": 2,
                        "d": [
                          {
                            "k": "label",
                            "v": "rahulsharma582:features/CIpipeline"
                          },
                          {
                            "k": "ref",
                            "v": "features/CIpipeline"
                          },
                          {
                            "k": "repo",
                            "v": {
                              "t": 2,
                              "d": [
                                {
                                  "k": "allow_auto_merge",
                                  "v": false
                                },
                                {
                                  "k": "allow_forking",
                                  "v": true
                                },
                                {
                                  "k": "allow_merge_commit",
                                  "v": true
                                },
                                {
                                  "k": "allow_rebase_merge",
                                  "v": true
                                },
                                {
                                  "k": "allow_squash_merge",
                                  "v": true
                                },
                                {
                                  "k": "allow_update_branch",
                                  "v": false
                                },
                                {
                                  "k": "archive_url",
                                  "v": "https://api.github.com/repos/rahulsharma582/terraform15Aug/{archive_format}{/ref}"
                                },
                                {
                                  "k": "archived",
                                  "v": false
                                },
                                {
                                  "k": "assignees_url",
                                  "v": "https://api.github.com/repos/rahulsharma582/terraform15Aug/assignees{/user}"
                                },
                                {
                                  "k": "blobs_url",
                                  "v": "https://api.github.com/repos/rahulsharma582/terraform15Aug/git/blobs{/sha}"
                                },
                                {
                                  "k": "branches_url",
                                  "v": "https://api.github.com/repos/rahulsharma582/terraform15Aug/branches{/branch}"
                                },
                                {
                                  "k": "clone_url",
                                  "v": "https://github.com/rahulsharma582/terraform15Aug.git"
                                },
                                {
                                  "k": "collaborators_url",
                                  "v": "https://api.github.com/repos/rahulsharma582/terraform15Aug/collaborators{/collaborator}"
                                },
                                {
                                  "k": "comments_url",
                                  "v": "https://api.github.com/repos/rahulsharma582/terraform15Aug/comments{/number}"
                                },
                                {
                                  "k": "commits_url",
                                  "v": "https://api.github.com/repos/rahulsharma582/terraform15Aug/commits{/sha}"
                                },
                                {
                                  "k": "compare_url",
                                  "v": "https://api.github.com/repos/rahulsharma582/terraform15Aug/compare/{base}...{head}"
                                },
                                {
                                  "k": "contents_url",
                                  "v": "https://api.github.com/repos/rahulsharma582/terraform15Aug/contents/{+path}"
                                },
                                {
                                  "k": "contributors_url",
                                  "v": "https://api.github.com/repos/rahulsharma582/terraform15Aug/contributors"
                                },
                                {
                                  "k": "created_at",
                                  "v": "2026-08-15T20:44:24Z"
                                },
                                {
                                  "k": "default_branch",
                                  "v": "main"
                                },
                                {
                                  "k": "delete_branch_on_merge",
                                  "v": false
                                },
                                {
                                  "k": "deployments_url",
                                  "v": "https://api.github.com/repos/rahulsharma582/terraform15Aug/deployments"
                                },
                                {
                                  "k": "description",
                                  "v": null
                                },
                                {
                                  "k": "disabled",
                                  "v": false
                                },
                                {
                                  "k": "downloads_url",
                                  "v": "https://api.github.com/repos/rahulsharma582/terraform15Aug/downloads"
                                },
                                {
                                  "k": "events_url",
                                  "v": "https://api.github.com/repos/rahulsharma582/terraform15Aug/events"
                                },
                                {
                                  "k": "fork",
                                  "v": false
                                },
                                {
                                  "k": "forks",
                                  "v": 0.0
                                },
                                {
                                  "k": "forks_count",
                                  "v": 0.0
                                },
                                {
                                  "k": "forks_url",
                                  "v": "https://api.github.com/repos/rahulsharma582/terraform15Aug/forks"
                                },
                                {
                                  "k": "full_name",
                                  "v": "rahulsharma582/terraform15Aug"
                                },
                                {
                                  "k": "git_commits_url",
                                  "v": "https://api.github.com/repos/rahulsharma582/terraform15Aug/git/commits{/sha}"
                                },
                                {
                                  "k": "git_refs_url",
                                  "v": "https://api.github.com/repos/rahulsharma582/terraform15Aug/git/refs{/sha}"
                                },
                                {
                                  "k": "git_tags_url",
                                  "v": "https://api.github.com/repos/rahulsharma582/terraform15Aug/git/tags{/sha}"
                                },
                                {
                                  "k": "git_url",
                                  "v": "git://github.com/rahulsharma582/terraform15Aug.git"
                                },
                                {
                                  "k": "has_discussions",
                                  "v": false
                                },
                                {
                                  "k": "has_downloads",
                                  "v": false
                                },
                                {
                                  "k": "has_issues",
                                  "v": true
                                },
                                {
                                  "k": "has_pages",
                                  "v": false
                                },
                                {
                                  "k": "has_projects",
                                  "v": true
                                },
                                {
                                  "k": "has_pull_requests",
                                  "v": true
                                },
                                {
                                  "k": "has_wiki",
                                  "v": true
                                },
                                {
                                  "k": "homepage",
                                  "v": null
                                },
                                {
                                  "k": "hooks_url",
                                  "v": "https://api.github.com/repos/rahulsharma582/terraform15Aug/hooks"
                                },
                                {
                                  "k": "html_url",
                                  "v": "https://github.com/rahulsharma582/terraform15Aug"
                                },
                                {
                                  "k": "id",
                                  "v": 1335397659.0
                                },
                                {
                                  "k": "is_template",
                                  "v": false
                                },
                                {
                                  "k": "issue_comment_url",
                                  "v": "https://api.github.com/repos/rahulsharma582/terraform15Aug/issues/comments{/number}"
                                },
                                {
                                  "k": "issue_events_url",
                                  "v": "https://api.github.com/repos/rahulsharma582/terraform15Aug/issues/events{/number}"
                                },
                                {
                                  "k": "issues_url",
                                  "v": "https://api.github.com/repos/rahulsharma582/terraform15Aug/issues{/number}"
                                },
                                {
                                  "k": "keys_url",
                                  "v": "https://api.github.com/repos/rahulsharma582/terraform15Aug/keys{/key_id}"
                                },
                                {
                                  "k": "labels_url",
                                  "v": "https://api.github.com/repos/rahulsharma582/terraform15Aug/labels{/name}"
                                },
                                {
                                  "k": "language",
                                  "v": "HCL"
                                },
                                {
                                  "k": "languages_url",
                                  "v": "https://api.github.com/repos/rahulsharma582/terraform15Aug/languages"
                                },
                                {
                                  "k": "license",
                                  "v": {
                                    "t": 2,
                                    "d": [
                                      {
                                        "k": "key",
                                        "v": "gpl-3.0"
                                      },
                                      {
                                        "k": "name",
                                        "v": "GNU General Public License v3.0"
                                      },
                                      {
                                        "k": "node_id",
                                        "v": "MDc6TGljZW5zZTk="
                                      },
                                      {
                                        "k": "spdx_id",
                                        "v": "GPL-3.0"
                                      },
                                      {
                                        "k": "url",
                                        "v": "https://api.github.com/licenses/gpl-3.0"
                                      }
                                    ]
                                  }
                                },
                                {
                                  "k": "merge_commit_message",
                                  "v": "PR_TITLE"
                                },
                                {
                                  "k": "merge_commit_title",
                                  "v": "MERGE_MESSAGE"
                                },
                                {
                                  "k": "merges_url",
                                  "v": "https://api.github.com/repos/rahulsharma582/terraform15Aug/merges"
                                },
                                {
                                  "k": "milestones_url",
                                  "v": "https://api.github.com/repos/rahulsharma582/terraform15Aug/milestones{/number}"
                                },
                                {
                                  "k": "mirror_url",
                                  "v": null
                                },
                                {
                                  "k": "name",
                                  "v": "terraform15Aug"
                                },
                                {
                                  "k": "node_id",
                                  "v": "R_kgDOT5iNGw"
                                },
                                {
                                  "k": "notifications_url",
                                  "v": "https://api.github.com/repos/rahulsharma582/terraform15Aug/notifications{?since,all,participating}"
                                },
                                {
                                  "k": "open_issues",
                                  "v": 1.0
                                },
                                {
                                  "k": "open_issues_count",
                                  "v": 1.0
                                },
                                {
                                  "k": "owner",
                                  "v": {
                                    "t": 2,
                                    "d": [
                                      {
                                        "k": "avatar_url",
                                        "v": "https://avatars.githubusercontent.com/u/287917171?v=4"
                                      },
                                      {
                                        "k": "events_url",
                                        "v": "https://api.github.com/users/rahulsharma582/events{/privacy}"
                                      },
                                      {
                                        "k": "followers_url",
                                        "v": "https://api.github.com/users/rahulsharma582/followers"
                                      },
                                      {
                                        "k": "following_url",
                                        "v": "https://api.github.com/users/rahulsharma582/following{/other_user}"
                                      },
                                      {
                                        "k": "gists_url",
                                        "v": "https://api.github.com/users/rahulsharma582/gists{/gist_id}"
                                      },
                                      {
                                        "k": "gravatar_id",
                                        "v": ""
                                      },
                                      {
                                        "k": "html_url",
                                        "v": "https://github.com/rahulsharma582"
                                      },
                                      {
                                        "k": "id",
                                        "v": 287917171.0
                                      },
                                      {
                                        "k": "login",
                                        "v": "rahulsharma582"
                                      },
                                      {
                                        "k": "node_id",
                                        "v": "U_kgDOESlEcw"
                                      },
                                      {
                                        "k": "organizations_url",
                                        "v": "https://api.github.com/users/rahulsharma582/orgs"
                                      },
                                      {
                                        "k": "received_events_url",
                                        "v": "https://api.github.com/users/rahulsharma582/received_events"
                                      },
                                      {
                                        "k": "repos_url",
                                        "v": "https://api.github.com/users/rahulsharma582/repos"
                                      },
                                      {
                                        "k": "site_admin",
                                        "v": false
                                      },
                                      {
                                        "k": "starred_url",
                                        "v": "https://api.github.com/users/rahulsharma582/starred{/owner}{/repo}"
                                      },
                                      {
                                        "k": "subscriptions_url",
                                        "v": "https://api.github.com/users/rahulsharma582/subscriptions"
                                      },
                                      {
                                        "k": "type",
                                        "v": "User"
                                      },
                                      {
                                        "k": "url",
                                        "v": "https://api.github.com/users/rahulsharma582"
                                      },
                                      {
                                        "k": "user_view_type",
                                        "v": "public"
                                      }
                                    ]
                                  }
                                },
                                {
                                  "k": "private",
                                  "v": false
                                },
                                {
                                  "k": "pull_request_creation_policy",
                                  "v": "all"
                                },
                                {
                                  "k": "pulls_url",
                                  "v": "https://api.github.com/repos/rahulsharma582/terraform15Aug/pulls{/number}"
                                },
                                {
                                  "k": "pushed_at",
                                  "v": "2026-08-17T20:27:07Z"
                                },
                                {
                                  "k": "releases_url",
                                  "v": "https://api.github.com/repos/rahulsharma582/terraform15Aug/releases{/id}"
                                },
                                {
                                  "k": "size",
                                  "v": 21.0
                                },
                                {
                                  "k": "squash_merge_commit_message",
                                  "v": "COMMIT_MESSAGES"
                                },
                                {
                                  "k": "squash_merge_commit_title",
                                  "v": "COMMIT_OR_PR_TITLE"
                                },
                                {
                                  "k": "ssh_url",
                                  "v": "git@github.com:rahulsharma582/terraform15Aug.git"
                                },
                                {
                                  "k": "stargazers_count",
                                  "v": 0.0
                                },
                                {
                                  "k": "stargazers_url",
                                  "v": "https://api.github.com/repos/rahulsharma582/terraform15Aug/stargazers"
                                },
                                {
                                  "k": "statuses_url",
                                  "v": "https://api.github.com/repos/rahulsharma582/terraform15Aug/statuses/{sha}"
                                },
                                {
                                  "k": "subscribers_url",
                                  "v": "https://api.github.com/repos/rahulsharma582/terraform15Aug/subscribers"
                                },
                                {
                                  "k": "subscription_url",
                                  "v": "https://api.github.com/repos/rahulsharma582/terraform15Aug/subscription"
                                },
                                {
                                  "k": "svn_url",
                                  "v": "https://github.com/rahulsharma582/terraform15Aug"
                                },
                                {
                                  "k": "tags_url",
                                  "v": "https://api.github.com/repos/rahulsharma582/terraform15Aug/tags"
                                },
                                {
                                  "k": "teams_url",
                                  "v": "https://api.github.com/repos/rahulsharma582/terraform15Aug/teams"
                                },
                                {
                                  "k": "topics",
                                  "v": {
                                    "t": 1
                                  }
                                },
                                {
                                  "k": "trees_url",
                                  "v": "https://api.github.com/repos/rahulsharma582/terraform15Aug/git/trees{/sha}"
                                },
                                {
                                  "k": "updated_at",
                                  "v": "2026-08-16T00:15:06Z"
                                },
                                {
                                  "k": "url",
                                  "v": "https://api.github.com/repos/rahulsharma582/terraform15Aug"
                                },
                                {
                                  "k": "use_squash_pr_title_as_default",
                                  "v": false
                                },
                                {
                                  "k": "visibility",
                                  "v": "public"
                                },
                                {
                                  "k": "watchers",
                                  "v": 0.0
                                },
                                {
                                  "k": "watchers_count",
                                  "v": 0.0
                                },
                                {
                                  "k": "web_commit_signoff_required",
                                  "v": false
                                }
                              ]
                            }
                          },
                          {
                            "k": "sha",
                            "v": "90ce94e61e8e6d5b45ba00f4a7d1157a54dd323a"
                          },
                          {
                            "k": "user",
                            "v": {
                              "t": 2,
                              "d": [
                                {
                                  "k": "avatar_url",
                                  "v": "https://avatars.githubusercontent.com/u/287917171?v=4"
                                },
                                {
                                  "k": "events_url",
                                  "v": "https://api.github.com/users/rahulsharma582/events{/privacy}"
                                },
                                {
                                  "k": "followers_url",
                                  "v": "https://api.github.com/users/rahulsharma582/followers"
                                },
                                {
                                  "k": "following_url",
                                  "v": "https://api.github.com/users/rahulsharma582/following{/other_user}"
                                },
                                {
                                  "k": "gists_url",
                                  "v": "https://api.github.com/users/rahulsharma582/gists{/gist_id}"
                                },
                                {
                                  "k": "gravatar_id",
                                  "v": ""
                                },
                                {
                                  "k": "html_url",
                                  "v": "https://github.com/rahulsharma582"
                                },
                                {
                                  "k": "id",
                                  "v": 287917171.0
                                },
                                {
                                  "k": "login",
                                  "v": "rahulsharma582"
                                },
                                {
                                  "k": "node_id",
                                  "v": "U_kgDOESlEcw"
                                },
                                {
                                  "k": "organizations_url",
                                  "v": "https://api.github.com/users/rahulsharma582/orgs"
                                },
                                {
                                  "k": "received_events_url",
                                  "v": "https://api.github.com/users/rahulsharma582/received_events"
                                },
                                {
                                  "k": "repos_url",
                                  "v": "https://api.github.com/users/rahulsharma582/repos"
                                },
                                {
                                  "k": "site_admin",
                                  "v": false
                                },
                                {
                                  "k": "starred_url",
                                  "v": "https://api.github.com/users/rahulsharma582/starred{/owner}{/repo}"
                                },
                                {
                                  "k": "subscriptions_url",
                                  "v": "https://api.github.com/users/rahulsharma582/subscriptions"
                                },
                                {
                                  "k": "type",
                                  "v": "User"
                                },
                                {
                                  "k": "url",
                                  "v": "https://api.github.com/users/rahulsharma582"
                                },
                                {
                                  "k": "user_view_type",
                                  "v": "public"
                                }
                              ]
                            }
                          }
                        ]
                      }
                    },
                    {
                      "k": "html_url",
                      "v": "https://github.com/rahulsharma582/terraform15Aug/pull/1"
                    },
                    {
                      "k": "id",
                      "v": 4291841609.0
                    },
                    {
                      "k": "issue_url",
                      "v": "https://api.github.com/repos/rahulsharma582/terraform15Aug/issues/1"
                    },
                    {
                      "k": "labels",
                      "v": {
                        "t": 1
                      }
                    },
                    {
                      "k": "locked",
                      "v": false
                    },
                    {
                      "k": "maintainer_can_modify",
                      "v": false
                    },
                    {
                      "k": "merge_commit_sha",
                      "v": "f1e9aef43001c64abbe1a5d01fc6040be19f0b87"
                    },
                    {
                      "k": "mergeable",
                      "v": null
                    },
                    {
                      "k": "mergeable_state",
                      "v": "unknown"
                    },
                    {
                      "k": "merged",
                      "v": false
                    },
                    {
                      "k": "merged_at",
                      "v": null
                    },
                    {
                      "k": "merged_by",
                      "v": null
                    },
                    {
                      "k": "milestone",
                      "v": null
                    },
                    {
                      "k": "node_id",
                      "v": "PR_kwDOT5iNG87_0E5J"
                    },
                    {
                      "k": "number",
                      "v": 1.0
                    },
                    {
                      "k": "patch_url",
                      "v": "https://github.com/rahulsharma582/terraform15Aug/pull/1.patch"
                    },
                    {
                      "k": "rebaseable",
                      "v": null
                    },
                    {
                      "k": "requested_reviewers",
                      "v": {
                        "t": 1
                      }
                    },
                    {
                      "k": "requested_teams",
                      "v": {
                        "t": 1
                      }
                    },
                    {
                      "k": "review_comment_url",
                      "v": "https://api.github.com/repos/rahulsharma582/terraform15Aug/pulls/comments{/number}"
                    },
                    {
                      "k": "review_comments",
                      "v": 0.0
                    },
                    {
                      "k": "review_comments_url",
                      "v": "https://api.github.com/repos/rahulsharma582/terraform15Aug/pulls/1/comments"
                    },
                    {
                      "k": "state",
                      "v": "open"
                    },
                    {
                      "k": "statuses_url",
                      "v": "https://api.github.com/repos/rahulsharma582/terraform15Aug/statuses/90ce94e61e8e6d5b45ba00f4a7d1157a54dd323a"
                    },
                    {
                      "k": "title",
                      "v": "add cred"
                    },
                    {
                      "k": "updated_at",
                      "v": "2026-08-17T20:27:08Z"
                    },
                    {
                      "k": "url",
                      "v": "https://api.github.com/repos/rahulsharma582/terraform15Aug/pulls/1"
                    },
                    {
                      "k": "user",
                      "v": {
                        "t": 2,
                        "d": [
                          {
                            "k": "avatar_url",
                            "v": "https://avatars.githubusercontent.com/u/287917171?v=4"
                          },
                          {
                            "k": "events_url",
                            "v": "https://api.github.com/users/rahulsharma582/events{/privacy}"
                          },
                          {
                            "k": "followers_url",
                            "v": "https://api.github.com/users/rahulsharma582/followers"
                          },
                          {
                            "k": "following_url",
                            "v": "https://api.github.com/users/rahulsharma582/following{/other_user}"
                          },
                          {
                            "k": "gists_url",
                            "v": "https://api.github.com/users/rahulsharma582/gists{/gist_id}"
                          },
                          {
                            "k": "gravatar_id",
                            "v": ""
                          },
                          {
                            "k": "html_url",
                            "v": "https://github.com/rahulsharma582"
                          },
                          {
                            "k": "id",
                            "v": 287917171.0
                          },
                          {
                            "k": "login",
                            "v": "rahulsharma582"
                          },
                          {
                            "k": "node_id",
                            "v": "U_kgDOESlEcw"
                          },
                          {
                            "k": "organizations_url",
                            "v": "https://api.github.com/users/rahulsharma582/orgs"
                          },
                          {
                            "k": "received_events_url",
                            "v": "https://api.github.com/users/rahulsharma582/received_events"
                          },
                          {
                            "k": "repos_url",
                            "v": "https://api.github.com/users/rahulsharma582/repos"
                          },
                          {
                            "k": "site_admin",
                            "v": false
                          },
                          {
                            "k": "starred_url",
                            "v": "https://api.github.com/users/rahulsharma582/starred{/owner}{/repo}"
                          },
                          {
                            "k": "subscriptions_url",
                            "v": "https://api.github.com/users/rahulsharma582/subscriptions"
                          },
                          {
                            "k": "type",
                            "v": "User"
                          },
                          {
                            "k": "url",
                            "v": "https://api.github.com/users/rahulsharma582"
                          },
                          {
                            "k": "user_view_type",
                            "v": "public"
                          }
                        ]
                      }
                    }
                  ]
                }
              },
              {
                "k": "repository",
                "v": {
                  "t": 2,
                  "d": [
                    {
                      "k": "allow_forking",
                      "v": true
                    },
                    {
                      "k": "archive_url",
                      "v": "https://api.github.com/repos/rahulsharma582/terraform15Aug/{archive_format}{/ref}"
                    },
                    {
                      "k": "archived",
                      "v": false
                    },
                    {
                      "k": "assignees_url",
                      "v": "https://api.github.com/repos/rahulsharma582/terraform15Aug/assignees{/user}"
                    },
                    {
                      "k": "blobs_url",
                      "v": "https://api.github.com/repos/rahulsharma582/terraform15Aug/git/blobs{/sha}"
                    },
                    {
                      "k": "branches_url",
                      "v": "https://api.github.com/repos/rahulsharma582/terraform15Aug/branches{/branch}"
                    },
                    {
                      "k": "clone_url",
                      "v": "https://github.com/rahulsharma582/terraform15Aug.git"
                    },
                    {
                      "k": "collaborators_url",
                      "v": "https://api.github.com/repos/rahulsharma582/terraform15Aug/collaborators{/collaborator}"
                    },
                    {
                      "k": "comments_url",
                      "v": "https://api.github.com/repos/rahulsharma582/terraform15Aug/comments{/number}"
                    },
                    {
                      "k": "commits_url",
                      "v": "https://api.github.com/repos/rahulsharma582/terraform15Aug/commits{/sha}"
                    },
                    {
                      "k": "compare_url",
                      "v": "https://api.github.com/repos/rahulsharma582/terraform15Aug/compare/{base}...{head}"
                    },
                    {
                      "k": "contents_url",
                      "v": "https://api.github.com/repos/rahulsharma582/terraform15Aug/contents/{+path}"
                    },
                    {
                      "k": "contributors_url",
                      "v": "https://api.github.com/repos/rahulsharma582/terraform15Aug/contributors"
                    },
                    {
                      "k": "created_at",
                      "v": "2026-08-15T20:44:24Z"
                    },
                    {
                      "k": "default_branch",
                      "v": "main"
                    },
                    {
                      "k": "deployments_url",
                      "v": "https://api.github.com/repos/rahulsharma582/terraform15Aug/deployments"
                    },
                    {
                      "k": "description",
                      "v": null
                    },
                    {
                      "k": "disabled",
                      "v": false
                    },
                    {
                      "k": "downloads_url",
                      "v": "https://api.github.com/repos/rahulsharma582/terraform15Aug/downloads"
                    },
                    {
                      "k": "events_url",
                      "v": "https://api.github.com/repos/rahulsharma582/terraform15Aug/events"
                    },
                    {
                      "k": "fork",
                      "v": false
                    },
                    {
                      "k": "forks",
                      "v": 0.0
                    },
                    {
                      "k": "forks_count",
                      "v": 0.0
                    },
                    {
                      "k": "forks_url",
                      "v": "https://api.github.com/repos/rahulsharma582/terraform15Aug/forks"
                    },
                    {
                      "k": "full_name",
                      "v": "rahulsharma582/terraform15Aug"
                    },
                    {
                      "k": "git_commits_url",
                      "v": "https://api.github.com/repos/rahulsharma582/terraform15Aug/git/commits{/sha}"
                    },
                    {
                      "k": "git_refs_url",
                      "v": "https://api.github.com/repos/rahulsharma582/terraform15Aug/git/refs{/sha}"
                    },
                    {
                      "k": "git_tags_url",
                      "v": "https://api.github.com/repos/rahulsharma582/terraform15Aug/git/tags{/sha}"
                    },
                    {
                      "k": "git_url",
                      "v": "git://github.com/rahulsharma582/terraform15Aug.git"
                    },
                    {
                      "k": "has_discussions",
                      "v": false
                    },
                    {
                      "k": "has_downloads",
                      "v": false
                    },
                    {
                      "k": "has_issues",
                      "v": true
                    },
                    {
                      "k": "has_pages",
                      "v": false
                    },
                    {
                      "k": "has_projects",
                      "v": true
                    },
                    {
                      "k": "has_pull_requests",
                      "v": true
                    },
                    {
                      "k": "has_wiki",
                      "v": true
                    },
                    {
                      "k": "homepage",
                      "v": null
                    },
                    {
                      "k": "hooks_url",
                      "v": "https://api.github.com/repos/rahulsharma582/terraform15Aug/hooks"
                    },
                    {
                      "k": "html_url",
                      "v": "https://github.com/rahulsharma582/terraform15Aug"
                    },
                    {
                      "k": "id",
                      "v": 1335397659.0
                    },
                    {
                      "k": "is_template",
                      "v": false
                    },
                    {
                      "k": "issue_comment_url",
                      "v": "https://api.github.com/repos/rahulsharma582/terraform15Aug/issues/comments{/number}"
                    },
                    {
                      "k": "issue_events_url",
                      "v": "https://api.github.com/repos/rahulsharma582/terraform15Aug/issues/events{/number}"
                    },
                    {
                      "k": "issues_url",
                      "v": "https://api.github.com/repos/rahulsharma582/terraform15Aug/issues{/number}"
                    },
                    {
                      "k": "keys_url",
                      "v": "https://api.github.com/repos/rahulsharma582/terraform15Aug/keys{/key_id}"
                    },
                    {
                      "k": "labels_url",
                      "v": "https://api.github.com/repos/rahulsharma582/terraform15Aug/labels{/name}"
                    },
                    {
                      "k": "language",
                      "v": "HCL"
                    },
                    {
                      "k": "languages_url",
                      "v": "https://api.github.com/repos/rahulsharma582/terraform15Aug/languages"
                    },
                    {
                      "k": "license",
                      "v": {
                        "t": 2,
                        "d": [
                          {
                            "k": "key",
                            "v": "gpl-3.0"
                          },
                          {
                            "k": "name",
                            "v": "GNU General Public License v3.0"
                          },
                          {
                            "k": "node_id",
                            "v": "MDc6TGljZW5zZTk="
                          },
                          {
                            "k": "spdx_id",
                            "v": "GPL-3.0"
                          },
                          {
                            "k": "url",
                            "v": "https://api.github.com/licenses/gpl-3.0"
                          }
                        ]
                      }
                    },
                    {
                      "k": "merges_url",
                      "v": "https://api.github.com/repos/rahulsharma582/terraform15Aug/merges"
                    },
                    {
                      "k": "milestones_url",
                      "v": "https://api.github.com/repos/rahulsharma582/terraform15Aug/milestones{/number}"
                    },
                    {
                      "k": "mirror_url",
                      "v": null
                    },
                    {
                      "k": "name",
                      "v": "terraform15Aug"
                    },
                    {
                      "k": "node_id",
                      "v": "R_kgDOT5iNGw"
                    },
                    {
                      "k": "notifications_url",
                      "v": "https://api.github.com/repos/rahulsharma582/terraform15Aug/notifications{?since,all,participating}"
                    },
                    {
                      "k": "open_issues",
                      "v": 1.0
                    },
                    {
                      "k": "open_issues_count",
                      "v": 1.0
                    },
                    {
                      "k": "owner",
                      "v": {
                        "t": 2,
                        "d": [
                          {
                            "k": "avatar_url",
                            "v": "https://avatars.githubusercontent.com/u/287917171?v=4"
                          },
                          {
                            "k": "events_url",
                            "v": "https://api.github.com/users/rahulsharma582/events{/privacy}"
                          },
                          {
                            "k": "followers_url",
                            "v": "https://api.github.com/users/rahulsharma582/followers"
                          },
                          {
                            "k": "following_url",
                            "v": "https://api.github.com/users/rahulsharma582/following{/other_user}"
                          },
                          {
                            "k": "gists_url",
                            "v": "https://api.github.com/users/rahulsharma582/gists{/gist_id}"
                          },
                          {
                            "k": "gravatar_id",
                            "v": ""
                          },
                          {
                            "k": "html_url",
                            "v": "https://github.com/rahulsharma582"
                          },
                          {
                            "k": "id",
                            "v": 287917171.0
                          },
                          {
                            "k": "login",
                            "v": "rahulsharma582"
                          },
                          {
                            "k": "node_id",
                            "v": "U_kgDOESlEcw"
                          },
                          {
                            "k": "organizations_url",
                            "v": "https://api.github.com/users/rahulsharma582/orgs"
                          },
                          {
                            "k": "received_events_url",
                            "v": "https://api.github.com/users/rahulsharma582/received_events"
                          },
                          {
                            "k": "repos_url",
                            "v": "https://api.github.com/users/rahulsharma582/repos"
                          },
                          {
                            "k": "site_admin",
                            "v": false
                          },
                          {
                            "k": "starred_url",
                            "v": "https://api.github.com/users/rahulsharma582/starred{/owner}{/repo}"
                          },
                          {
                            "k": "subscriptions_url",
                            "v": "https://api.github.com/users/rahulsharma582/subscriptions"
                          },
                          {
                            "k": "type",
                            "v": "User"
                          },
                          {
                            "k": "url",
                            "v": "https://api.github.com/users/rahulsharma582"
                          },
                          {
                            "k": "user_view_type",
                            "v": "public"
                          }
                        ]
                      }
                    },
                    {
                      "k": "private",
                      "v": false
                    },
                    {
                      "k": "pull_request_creation_policy",
                      "v": "all"
                    },
                    {
                      "k": "pulls_url",
                      "v": "https://api.github.com/repos/rahulsharma582/terraform15Aug/pulls{/number}"
                    },
                    {
                      "k": "pushed_at",
                      "v": "2026-08-17T20:27:07Z"
                    },
                    {
                      "k": "releases_url",
                      "v": "https://api.github.com/repos/rahulsharma582/terraform15Aug/releases{/id}"
                    },
                    {
                      "k": "size",
                      "v": 21.0
                    },
                    {
                      "k": "ssh_url",
                      "v": "git@github.com:rahulsharma582/terraform15Aug.git"
                    },
                    {
                      "k": "stargazers_count",
                      "v": 0.0
                    },
                    {
                      "k": "stargazers_url",
                      "v": "https://api.github.com/repos/rahulsharma582/terraform15Aug/stargazers"
                    },
                    {
                      "k": "statuses_url",
                      "v": "https://api.github.com/repos/rahulsharma582/terraform15Aug/statuses/{sha}"
                    },
                    {
                      "k": "subscribers_url",
                      "v": "https://api.github.com/repos/rahulsharma582/terraform15Aug/subscribers"
                    },
                    {
                      "k": "subscription_url",
                      "v": "https://api.github.com/repos/rahulsharma582/terraform15Aug/subscription"
                    },
                    {
                      "k": "svn_url",
                      "v": "https://github.com/rahulsharma582/terraform15Aug"
                    },
                    {
                      "k": "tags_url",
                      "v": "https://api.github.com/repos/rahulsharma582/terraform15Aug/tags"
                    },
                    {
                      "k": "teams_url",
                      "v": "https://api.github.com/repos/rahulsharma582/terraform15Aug/teams"
                    },
                    {
                      "k": "topics",
                      "v": {
                        "t": 1
                      }
                    },
                    {
                      "k": "trees_url",
                      "v": "https://api.github.com/repos/rahulsharma582/terraform15Aug/git/trees{/sha}"
                    },
                    {
                      "k": "updated_at",
                      "v": "2026-08-16T00:15:06Z"
                    },
                    {
                      "k": "url",
                      "v": "https://api.github.com/repos/rahulsharma582/terraform15Aug"
                    },
                    {
                      "k": "visibility",
                      "v": "public"
                    },
                    {
                      "k": "watchers",
                      "v": 0.0
                    },
                    {
                      "k": "watchers_count",
                      "v": 0.0
                    },
                    {
                      "k": "web_commit_signoff_required",
                      "v": false
                    }
                  ]
                }
              },
              {
                "k": "sender",
                "v": {
                  "t": 2,
                  "d": [
                    {
                      "k": "avatar_url",
                      "v": "https://avatars.githubusercontent.com/u/287917171?v=4"
                    },
                    {
                      "k": "events_url",
                      "v": "https://api.github.com/users/rahulsharma582/events{/privacy}"
                    },
                    {
                      "k": "followers_url",
                      "v": "https://api.github.com/users/rahulsharma582/followers"
                    },
                    {
                      "k": "following_url",
                      "v": "https://api.github.com/users/rahulsharma582/following{/other_user}"
                    },
                    {
                      "k": "gists_url",
                      "v": "https://api.github.com/users/rahulsharma582/gists{/gist_id}"
                    },
                    {
                      "k": "gravatar_id",
                      "v": ""
                    },
                    {
                      "k": "html_url",
                      "v": "https://github.com/rahulsharma582"
                    },
                    {
                      "k": "id",
                      "v": 287917171.0
                    },
                    {
                      "k": "login",
                      "v": "rahulsharma582"
                    },
                    {
                      "k": "node_id",
                      "v": "U_kgDOESlEcw"
                    },
                    {
                      "k": "organizations_url",
                      "v": "https://api.github.com/users/rahulsharma582/orgs"
                    },
                    {
                      "k": "received_events_url",
                      "v": "https://api.github.com/users/rahulsharma582/received_events"
                    },
                    {
                      "k": "repos_url",
                      "v": "https://api.github.com/users/rahulsharma582/repos"
                    },
                    {
                      "k": "site_admin",
                      "v": false
                    },
                    {
                      "k": "starred_url",
                      "v": "https://api.github.com/users/rahulsharma582/starred{/owner}{/repo}"
                    },
                    {
                      "k": "subscriptions_url",
                      "v": "https://api.github.com/users/rahulsharma582/subscriptions"
                    },
                    {
                      "k": "type",
                      "v": "User"
                    },
                    {
                      "k": "url",
                      "v": "https://api.github.com/users/rahulsharma582"
                    },
                    {
                      "k": "user_view_type",
                      "v": "public"
                    }
                  ]
                }
              }
            ]
          }
        },
        {
          "k": "workflow_ref",
          "v": "rahulsharma582/terraform15Aug/.github/workflows/CI.yml@refs/pull/1/merge"
        },
        {
          "k": "workflow_sha",
          "v": "cb974dfca360c9a33903d5d39bd356842ffe750a"
        },
        {
          "k": "repository_id",
          "v": "1335397659"
        },
        {
          "k": "triggering_actor",
          "v": "rahulsharma582"
        }
      ]
    },
    "inputs": {
      "t": 2
    },
    "job": {
      "t": 2,
      "d": [
        {
          "k": "check_run_id",
          "v": 95497721793.0
        },
        {
          "k": "workflow_ref",
          "v": "rahulsharma582/terraform15Aug/.github/workflows/CI.yml@refs/pull/1/merge"
        },
        {
          "k": "workflow_sha",
          "v": "cb974dfca360c9a33903d5d39bd356842ffe750a"
        },
        {
          "k": "workflow_repository",
          "v": "rahulsharma582/terraform15Aug"
        },
        {
          "k": "workflow_file_path",
          "v": ".github/workflows/CI.yml"
        }
      ]
    },
    "matrix": null,
    "needs": {
      "t": 2
    },
    "strategy": {
      "t": 2,
      "d": [
        {
          "k": "fail-fast",
          "v": true
        },
        {
          "k": "job-index",
          "v": 0.0
        },
        {
          "k": "job-total",
          "v": 1.0
        },
        {
          "k": "max-parallel",
          "v": 1.0
        }
      ]
    },
    "vars": {
      "t": 2
    }
  },
  "billingOwnerId": "U_kgDOESlEcw"
}
[2026-08-17 20:30:29Z INFO JobRunner] Job ID 40815218-2943-528d-80b5-aae6e8fad8c7
[2026-08-17 20:30:29Z INFO ConfigurationStore] currentAssemblyLocation: E:\devops\Complete Terraform\terraform\terraform 15AUG\terraform15Aug\actions-runner\bin\Runner.Worker.dll
[2026-08-17 20:30:29Z INFO HostContext] Well known directory 'Bin': 'E:\devops\Complete Terraform\terraform\terraform 15AUG\terraform15Aug\actions-runner\bin'
[2026-08-17 20:30:29Z INFO ConfigurationStore] binPath: E:\devops\Complete Terraform\terraform\terraform 15AUG\terraform15Aug\actions-runner\bin
[2026-08-17 20:30:29Z INFO HostContext] Well known directory 'Bin': 'E:\devops\Complete Terraform\terraform\terraform 15AUG\terraform15Aug\actions-runner\bin'
[2026-08-17 20:30:29Z INFO HostContext] Well known directory 'Root': 'E:\devops\Complete Terraform\terraform\terraform 15AUG\terraform15Aug\actions-runner'
[2026-08-17 20:30:29Z INFO ConfigurationStore] RootFolder: E:\devops\Complete Terraform\terraform\terraform 15AUG\terraform15Aug\actions-runner
[2026-08-17 20:30:29Z INFO HostContext] Well known directory 'Bin': 'E:\devops\Complete Terraform\terraform\terraform 15AUG\terraform15Aug\actions-runner\bin'
[2026-08-17 20:30:29Z INFO HostContext] Well known directory 'Root': 'E:\devops\Complete Terraform\terraform\terraform 15AUG\terraform15Aug\actions-runner'
[2026-08-17 20:30:29Z INFO HostContext] Well known config file 'Runner': 'E:\devops\Complete Terraform\terraform\terraform 15AUG\terraform15Aug\actions-runner\.runner'
[2026-08-17 20:30:29Z INFO ConfigurationStore] ConfigFilePath: E:\devops\Complete Terraform\terraform\terraform 15AUG\terraform15Aug\actions-runner\.runner
[2026-08-17 20:30:29Z INFO HostContext] Well known directory 'Bin': 'E:\devops\Complete Terraform\terraform\terraform 15AUG\terraform15Aug\actions-runner\bin'
[2026-08-17 20:30:29Z INFO HostContext] Well known directory 'Root': 'E:\devops\Complete Terraform\terraform\terraform 15AUG\terraform15Aug\actions-runner'
[2026-08-17 20:30:29Z INFO HostContext] Well known config file 'MigratedRunner': 'E:\devops\Complete Terraform\terraform\terraform 15AUG\terraform15Aug\actions-runner\.runner_migrated'
[2026-08-17 20:30:29Z INFO ConfigurationStore] MigratedConfigFilePath: E:\devops\Complete Terraform\terraform\terraform 15AUG\terraform15Aug\actions-runner\.runner_migrated
[2026-08-17 20:30:29Z INFO HostContext] Well known directory 'Bin': 'E:\devops\Complete Terraform\terraform\terraform 15AUG\terraform15Aug\actions-runner\bin'
[2026-08-17 20:30:29Z INFO HostContext] Well known directory 'Root': 'E:\devops\Complete Terraform\terraform\terraform 15AUG\terraform15Aug\actions-runner'
[2026-08-17 20:30:29Z INFO HostContext] Well known config file 'Credentials': 'E:\devops\Complete Terraform\terraform\terraform 15AUG\terraform15Aug\actions-runner\.credentials'
[2026-08-17 20:30:29Z INFO ConfigurationStore] CredFilePath: E:\devops\Complete Terraform\terraform\terraform 15AUG\terraform15Aug\actions-runner\.credentials
[2026-08-17 20:30:29Z INFO HostContext] Well known directory 'Bin': 'E:\devops\Complete Terraform\terraform\terraform 15AUG\terraform15Aug\actions-runner\bin'
[2026-08-17 20:30:29Z INFO HostContext] Well known directory 'Root': 'E:\devops\Complete Terraform\terraform\terraform 15AUG\terraform15Aug\actions-runner'
[2026-08-17 20:30:29Z INFO HostContext] Well known config file 'MigratedCredentials': 'E:\devops\Complete Terraform\terraform\terraform 15AUG\terraform15Aug\actions-runner\.credentials_migrated'
[2026-08-17 20:30:29Z INFO ConfigurationStore] MigratedCredFilePath: E:\devops\Complete Terraform\terraform\terraform 15AUG\terraform15Aug\actions-runner\.credentials_migrated
[2026-08-17 20:30:29Z INFO HostContext] Well known directory 'Bin': 'E:\devops\Complete Terraform\terraform\terraform 15AUG\terraform15Aug\actions-runner\bin'
[2026-08-17 20:30:29Z INFO HostContext] Well known directory 'Root': 'E:\devops\Complete Terraform\terraform\terraform 15AUG\terraform15Aug\actions-runner'
[2026-08-17 20:30:29Z INFO HostContext] Well known config file 'Service': 'E:\devops\Complete Terraform\terraform\terraform 15AUG\terraform15Aug\actions-runner\.service'
[2026-08-17 20:30:29Z INFO ConfigurationStore] ServiceConfigFilePath: E:\devops\Complete Terraform\terraform\terraform 15AUG\terraform15Aug\actions-runner\.service
[2026-08-17 20:30:29Z INFO ConfigurationStore] Read setting file: 409 chars
[2026-08-17 20:30:29Z INFO JobRunner] Initializing launch client
[2026-08-17 20:30:29Z INFO JobServerQueue] Initializing results client
[2026-08-17 20:30:29Z INFO ResultServer] Creating websocket client ...wss://results-receiver.actions.githubusercontent.com/_ws/ingest.sock
[2026-08-17 20:30:29Z INFO ResultServer] Attempting to start websocket client with delay 00:00:00.
[2026-08-17 20:30:29Z INFO JobServerQueue] Start process web console line queue.
[2026-08-17 20:30:29Z INFO JobServerQueue] Start process file upload queue.
[2026-08-17 20:30:29Z INFO JobServerQueue] Start results file upload queue.
[2026-08-17 20:30:29Z INFO JobServerQueue] Starting results-based upload queue...
[2026-08-17 20:30:29Z INFO JobServerQueue] Start process timeline update queue.
[2026-08-17 20:30:29Z INFO ExecutionContext] Initializing Job context
[2026-08-17 20:30:29Z INFO ExecutionContext] Initialize GitHub context
[2026-08-17 20:30:29Z INFO ExecutionContext] Initialize Env context
[2026-08-17 20:30:29Z INFO HostContext] Well known directory 'Bin': 'E:\devops\Complete Terraform\terraform\terraform 15AUG\terraform15Aug\actions-runner\bin'
[2026-08-17 20:30:29Z INFO HostContext] Well known directory 'Root': 'E:\devops\Complete Terraform\terraform\terraform 15AUG\terraform15Aug\actions-runner'
[2026-08-17 20:30:29Z INFO HostContext] Well known directory 'Diag': 'E:\devops\Complete Terraform\terraform\terraform 15AUG\terraform15Aug\actions-runner\_diag'
[2026-08-17 20:30:29Z INFO HostContext] Well known directory 'Bin': 'E:\devops\Complete Terraform\terraform\terraform 15AUG\terraform15Aug\actions-runner\bin'
[2026-08-17 20:30:29Z INFO HostContext] Well known directory 'Root': 'E:\devops\Complete Terraform\terraform\terraform 15AUG\terraform15Aug\actions-runner'
[2026-08-17 20:30:29Z INFO HostContext] Well known directory 'Diag': 'E:\devops\Complete Terraform\terraform\terraform 15AUG\terraform15Aug\actions-runner\_diag'
[2026-08-17 20:30:29Z INFO JobRunner] Starting the job execution context.
[2026-08-17 20:30:29Z INFO HostContext] Well known directory 'Bin': 'E:\devops\Complete Terraform\terraform\terraform 15AUG\terraform15Aug\actions-runner\bin'
[2026-08-17 20:30:29Z INFO HostContext] Well known directory 'Root': 'E:\devops\Complete Terraform\terraform\terraform 15AUG\terraform15Aug\actions-runner'
[2026-08-17 20:30:29Z INFO HostContext] Well known directory 'Work': 'E:\devops\Complete Terraform\terraform\terraform 15AUG\terraform15Aug\actions-runner\_work'
[2026-08-17 20:30:29Z INFO JobRunner] Validating directory permissions for: 'E:\devops\Complete Terraform\terraform\terraform 15AUG\terraform15Aug\actions-runner\_work'
[2026-08-17 20:30:29Z INFO HostContext] Well known directory 'Bin': 'E:\devops\Complete Terraform\terraform\terraform 15AUG\terraform15Aug\actions-runner\bin'
[2026-08-17 20:30:29Z INFO HostContext] Well known directory 'Root': 'E:\devops\Complete Terraform\terraform\terraform 15AUG\terraform15Aug\actions-runner'
[2026-08-17 20:30:29Z INFO HostContext] Well known directory 'Work': 'E:\devops\Complete Terraform\terraform\terraform 15AUG\terraform15Aug\actions-runner\_work'
[2026-08-17 20:30:29Z INFO HostContext] Well known directory 'Tools': 'E:\devops\Complete Terraform\terraform\terraform 15AUG\terraform15Aug\actions-runner\_work\_tool'
[2026-08-17 20:30:29Z INFO HostContext] Well known directory 'Bin': 'E:\devops\Complete Terraform\terraform\terraform 15AUG\terraform15Aug\actions-runner\bin'
[2026-08-17 20:30:29Z INFO HostContext] Well known directory 'Root': 'E:\devops\Complete Terraform\terraform\terraform 15AUG\terraform15Aug\actions-runner'
[2026-08-17 20:30:29Z INFO HostContext] Well known directory 'Work': 'E:\devops\Complete Terraform\terraform\terraform 15AUG\terraform15Aug\actions-runner\_work'
[2026-08-17 20:30:29Z INFO HostContext] Well known directory 'Temp': 'E:\devops\Complete Terraform\terraform\terraform 15AUG\terraform15Aug\actions-runner\_work\_temp'
[2026-08-17 20:30:29Z INFO JobRunner] Getting job extension.
[2026-08-17 20:30:29Z INFO JobRunner] Initialize job. Getting all job steps.
[2026-08-17 20:30:29Z INFO HostContext] Well known directory 'Bin': 'E:\devops\Complete Terraform\terraform\terraform 15AUG\terraform15Aug\actions-runner\bin'
[2026-08-17 20:30:29Z INFO HostContext] Well known directory 'Root': 'E:\devops\Complete Terraform\terraform\terraform 15AUG\terraform15Aug\actions-runner'
[2026-08-17 20:30:29Z INFO HostContext] Well known directory 'Diag': 'E:\devops\Complete Terraform\terraform\terraform 15AUG\terraform15Aug\actions-runner\_diag'
[2026-08-17 20:30:29Z INFO HostContext] Well known directory 'Bin': 'E:\devops\Complete Terraform\terraform\terraform 15AUG\terraform15Aug\actions-runner\bin'
[2026-08-17 20:30:29Z INFO HostContext] Well known directory 'Root': 'E:\devops\Complete Terraform\terraform\terraform 15AUG\terraform15Aug\actions-runner'
[2026-08-17 20:30:29Z INFO HostContext] Well known directory 'Diag': 'E:\devops\Complete Terraform\terraform\terraform 15AUG\terraform15Aug\actions-runner\_diag'
[2026-08-17 20:30:29Z INFO HostContext] Well known directory 'Bin': 'E:\devops\Complete Terraform\terraform\terraform 15AUG\terraform15Aug\actions-runner\bin'
[2026-08-17 20:30:29Z INFO HostContext] Well known directory 'Root': 'E:\devops\Complete Terraform\terraform\terraform 15AUG\terraform15Aug\actions-runner'
[2026-08-17 20:30:29Z INFO HostContext] Well known config file 'Credentials': 'E:\devops\Complete Terraform\terraform\terraform 15AUG\terraform15Aug\actions-runner\.credentials'
[2026-08-17 20:30:29Z INFO HostContext] Well known directory 'Bin': 'E:\devops\Complete Terraform\terraform\terraform 15AUG\terraform15Aug\actions-runner\bin'
[2026-08-17 20:30:29Z INFO HostContext] Well known directory 'Root': 'E:\devops\Complete Terraform\terraform\terraform 15AUG\terraform15Aug\actions-runner'
[2026-08-17 20:30:29Z INFO HostContext] Well known config file 'SetupInfo': 'E:\devops\Complete Terraform\terraform\terraform 15AUG\terraform15Aug\actions-runner\.setup_info'
[2026-08-17 20:30:29Z INFO HostContext] Well known directory 'Bin': 'E:\devops\Complete Terraform\terraform\terraform 15AUG\terraform15Aug\actions-runner\bin'
[2026-08-17 20:30:29Z INFO HostContext] Well known directory 'Root': 'E:\devops\Complete Terraform\terraform\terraform 15AUG\terraform15Aug\actions-runner'
[2026-08-17 20:30:29Z INFO HostContext] Well known directory 'Work': 'E:\devops\Complete Terraform\terraform\terraform 15AUG\terraform15Aug\actions-runner\_work'
[2026-08-17 20:30:29Z INFO PipelineDirectoryManager] Loading tracking config if exists: E:\devops\Complete Terraform\terraform\terraform 15AUG\terraform15Aug\actions-runner\_work\_PipelineMapping\rahulsharma582/terraform15Aug\PipelineFolder.json
[2026-08-17 20:30:29Z INFO PipelineDirectoryManager] Creating a new tracking config file.
[2026-08-17 20:30:29Z INFO HostContext] Well known directory 'Bin': 'E:\devops\Complete Terraform\terraform\terraform 15AUG\terraform15Aug\actions-runner\bin'
[2026-08-17 20:30:29Z INFO HostContext] Well known directory 'Root': 'E:\devops\Complete Terraform\terraform\terraform 15AUG\terraform15Aug\actions-runner'
[2026-08-17 20:30:29Z INFO HostContext] Well known directory 'Work': 'E:\devops\Complete Terraform\terraform\terraform 15AUG\terraform15Aug\actions-runner\_work'
[2026-08-17 20:30:29Z INFO PipelineDirectoryManager] Creating pipeline directory.
[2026-08-17 20:30:29Z INFO HostContext] Well known directory 'Bin': 'E:\devops\Complete Terraform\terraform\terraform 15AUG\terraform15Aug\actions-runner\bin'
[2026-08-17 20:30:29Z INFO HostContext] Well known directory 'Root': 'E:\devops\Complete Terraform\terraform\terraform 15AUG\terraform15Aug\actions-runner'
[2026-08-17 20:30:29Z INFO HostContext] Well known directory 'Work': 'E:\devops\Complete Terraform\terraform\terraform 15AUG\terraform15Aug\actions-runner\_work'
[2026-08-17 20:30:29Z INFO PipelineDirectoryManager] Creating workspace directory.
[2026-08-17 20:30:29Z INFO HostContext] Well known directory 'Bin': 'E:\devops\Complete Terraform\terraform\terraform 15AUG\terraform15Aug\actions-runner\bin'
[2026-08-17 20:30:29Z INFO HostContext] Well known directory 'Root': 'E:\devops\Complete Terraform\terraform\terraform 15AUG\terraform15Aug\actions-runner'
[2026-08-17 20:30:29Z INFO HostContext] Well known directory 'Work': 'E:\devops\Complete Terraform\terraform\terraform 15AUG\terraform15Aug\actions-runner\_work'
[2026-08-17 20:30:29Z INFO JobExtension] Downloading actions
[2026-08-17 20:30:29Z INFO HostContext] Well known directory 'Bin': 'E:\devops\Complete Terraform\terraform\terraform 15AUG\terraform15Aug\actions-runner\bin'
[2026-08-17 20:30:29Z INFO HostContext] Well known directory 'Root': 'E:\devops\Complete Terraform\terraform\terraform 15AUG\terraform15Aug\actions-runner'
[2026-08-17 20:30:29Z INFO HostContext] Well known directory 'Work': 'E:\devops\Complete Terraform\terraform\terraform 15AUG\terraform15Aug\actions-runner\_work'
[2026-08-17 20:30:29Z INFO HostContext] Well known directory 'Actions': 'E:\devops\Complete Terraform\terraform\terraform 15AUG\terraform15Aug\actions-runner\_work\_actions'
[2026-08-17 20:30:30Z INFO Worker] Listening for cancel message from the channel.
[2026-08-17 20:30:30Z INFO Worker] Waiting for the job to complete or for a cancel message from the channel.
[2026-08-17 20:30:30Z INFO ResultServer] Successfully started websocket client.
[2026-08-17 20:30:30Z INFO JobServerQueue] Try to append 1 batches web console lines for record 'c01943d4-8f48-434d-b7c8-f88f76217cec', success rate: 1/1.
[2026-08-17 20:30:30Z INFO HostContext] Well known directory 'Bin': 'E:\devops\Complete Terraform\terraform\terraform 15AUG\terraform15Aug\actions-runner\bin'
[2026-08-17 20:30:30Z INFO HostContext] Well known directory 'Root': 'E:\devops\Complete Terraform\terraform\terraform 15AUG\terraform15Aug\actions-runner'
[2026-08-17 20:30:30Z INFO HostContext] Well known directory 'Work': 'E:\devops\Complete Terraform\terraform\terraform 15AUG\terraform15Aug\actions-runner\_work'
[2026-08-17 20:30:30Z INFO HostContext] Well known directory 'Actions': 'E:\devops\Complete Terraform\terraform\terraform 15AUG\terraform15Aug\actions-runner\_work\_actions'
[2026-08-17 20:30:30Z INFO HostContext] Well known directory 'Bin': 'E:\devops\Complete Terraform\terraform\terraform 15AUG\terraform15Aug\actions-runner\bin'
[2026-08-17 20:30:30Z INFO HostContext] Well known directory 'Root': 'E:\devops\Complete Terraform\terraform\terraform 15AUG\terraform15Aug\actions-runner'
[2026-08-17 20:30:30Z INFO HostContext] Well known directory 'Work': 'E:\devops\Complete Terraform\terraform\terraform 15AUG\terraform15Aug\actions-runner\_work'
[2026-08-17 20:30:30Z INFO HostContext] Well known directory 'Actions': 'E:\devops\Complete Terraform\terraform\terraform 15AUG\terraform15Aug\actions-runner\_work\_actions'
[2026-08-17 20:30:30Z INFO ActionManager] Save archive 'https://codeload.github.com/actions/checkout/zip/11d5960a326750d5838078e36cf38b85af677262' into E:\devops\Complete Terraform\terraform\terraform 15AUG\terraform15Aug\actions-runner\_work\_actions\_temp_b97289f8-f62b-4c71-baec-3ab84d3866f7\369398e9-651b-406c-83ca-6e40d16f3128.zip.
[2026-08-17 20:30:30Z INFO ActionManager] Using Basic token for action archive download.
[2026-08-17 20:30:30Z INFO JobServerQueue] Try to append 1 batches web console lines for record 'c01943d4-8f48-434d-b7c8-f88f76217cec', success rate: 1/1.
[2026-08-17 20:30:31Z INFO JobServerQueue] Job timeline record has been updated for the first time.
[2026-08-17 20:30:31Z INFO ActionManager] Request URL: https://codeload.github.com/actions/checkout/zip/11d5960a326750d5838078e36cf38b85af677262 X-GitHub-Request-Id: CB67:141507:869C:68C6B:6A836F6D Http Status: OK
[2026-08-17 20:30:32Z INFO ActionManager] Finished getting action repository.
[2026-08-17 20:30:32Z INFO HostContext] Well known directory 'Bin': 'E:\devops\Complete Terraform\terraform\terraform 15AUG\terraform15Aug\actions-runner\bin'
[2026-08-17 20:30:32Z INFO HostContext] Well known directory 'Root': 'E:\devops\Complete Terraform\terraform\terraform 15AUG\terraform15Aug\actions-runner'
[2026-08-17 20:30:32Z INFO HostContext] Well known directory 'Work': 'E:\devops\Complete Terraform\terraform\terraform 15AUG\terraform15Aug\actions-runner\_work'
[2026-08-17 20:30:32Z INFO HostContext] Well known directory 'Actions': 'E:\devops\Complete Terraform\terraform\terraform 15AUG\terraform15Aug\actions-runner\_work\_actions'
[2026-08-17 20:30:32Z INFO HostContext] Well known directory 'Bin': 'E:\devops\Complete Terraform\terraform\terraform 15AUG\terraform15Aug\actions-runner\bin'
[2026-08-17 20:30:32Z INFO HostContext] Well known directory 'Root': 'E:\devops\Complete Terraform\terraform\terraform 15AUG\terraform15Aug\actions-runner'
[2026-08-17 20:30:32Z INFO HostContext] Well known directory 'Work': 'E:\devops\Complete Terraform\terraform\terraform 15AUG\terraform15Aug\actions-runner\_work'
[2026-08-17 20:30:32Z INFO HostContext] Well known directory 'Actions': 'E:\devops\Complete Terraform\terraform\terraform 15AUG\terraform15Aug\actions-runner\_work\_actions'
[2026-08-17 20:30:32Z INFO ActionManager] Save archive 'https://codeload.github.com/hashicorp/setup-terraform/zip/b9cd54a3c349d3f38e8881555d616ced269862dd' into E:\devops\Complete Terraform\terraform\terraform 15AUG\terraform15Aug\actions-runner\_work\_actions\_temp_0019e521-59ae-43f4-9793-083c9228758e\303d24d8-65d3-4293-84e4-24f6291aa453.zip.
[2026-08-17 20:30:32Z INFO ActionManager] Using Basic token for action archive download.
[2026-08-17 20:30:32Z INFO JobServerQueue] Try to append 1 batches web console lines for record 'c01943d4-8f48-434d-b7c8-f88f76217cec', success rate: 1/1.
[2026-08-17 20:30:33Z INFO ActionManager] Request URL: https://codeload.github.com/hashicorp/setup-terraform/zip/b9cd54a3c349d3f38e8881555d616ced269862dd X-GitHub-Request-Id: CB68:6199D:8637:6896C:6A836F6F Http Status: OK
[2026-08-17 20:30:33Z INFO ActionManager] Finished getting action repository.
[2026-08-17 20:30:33Z INFO HostContext] Well known directory 'Bin': 'E:\devops\Complete Terraform\terraform\terraform 15AUG\terraform15Aug\actions-runner\bin'
[2026-08-17 20:30:33Z INFO HostContext] Well known directory 'Root': 'E:\devops\Complete Terraform\terraform\terraform 15AUG\terraform15Aug\actions-runner'
[2026-08-17 20:30:33Z INFO HostContext] Well known directory 'Work': 'E:\devops\Complete Terraform\terraform\terraform 15AUG\terraform15Aug\actions-runner\_work'
[2026-08-17 20:30:33Z INFO HostContext] Well known directory 'Actions': 'E:\devops\Complete Terraform\terraform\terraform 15AUG\terraform15Aug\actions-runner\_work\_actions'
[2026-08-17 20:30:33Z INFO ActionManifestManagerLegacy] Load schema file with definitions: [
  "null",
  "boolean",
  "number",
  "string",
  "sequence",
  "mapping",
  "any",
  "action-root",
  "inputs",
  "input",
  "outputs",
  "output-definition",
  "runs",
  "container-runs",
  "container-runs-args",
  "container-runs-env",
  "node-runs",
  "plugin-runs",
  "composite-runs",
  "composite-steps",
  "composite-step",
  "run-step",
  "uses-step",
  "container-runs-context",
  "output-value",
  "input-default-context",
  "non-empty-string",
  "string-steps-context",
  "boolean-steps-context",
  "step-env",
  "step-if",
  "step-with"
]
[2026-08-17 20:30:33Z INFO ActionManifestManager] Load schema file with definitions: [
  "null",
  "boolean",
  "number",
  "string",
  "sequence",
  "mapping",
  "any",
  "action-root",
  "inputs",
  "input",
  "outputs",
  "output-definition",
  "runs",
  "container-runs",
  "container-runs-args",
  "container-runs-env",
  "node-runs",
  "plugin-runs",
  "composite-runs",
  "composite-steps",
  "composite-step",
  "run-step",
  "uses-step",
  "container-runs-context",
  "output-value",
  "input-default-context",
  "non-empty-string",
  "string-steps-context",
  "boolean-steps-context",
  "step-env",
  "step-if",
  "step-with"
]
[2026-08-17 20:30:33Z INFO HostContext] Well known directory 'Bin': 'E:\devops\Complete Terraform\terraform\terraform 15AUG\terraform15Aug\actions-runner\bin'
[2026-08-17 20:30:33Z INFO HostContext] Well known directory 'Root': 'E:\devops\Complete Terraform\terraform\terraform 15AUG\terraform15Aug\actions-runner'
[2026-08-17 20:30:33Z INFO HostContext] Well known directory 'Work': 'E:\devops\Complete Terraform\terraform\terraform 15AUG\terraform15Aug\actions-runner\_work'
[2026-08-17 20:30:33Z INFO HostContext] Well known directory 'Actions': 'E:\devops\Complete Terraform\terraform\terraform 15AUG\terraform15Aug\actions-runner\_work\_actions'
[2026-08-17 20:30:33Z INFO ActionManifestManagerLegacy] Loaded action.yml file: {
  "name": "Checkout",
  "description": "Checkout a Git repository at a particular version",
  "inputs": {
    "type": 2,
    "map": [
      {
        "key": {
          "type": 0,
          "file": 2,
          "line": 4,
          "col": 3,
          "lit": "repository"
        },
        "value": {
          "type": 3,
          "file": 2,
          "line": 6,
          "col": 14,
          "expr": "github.repository"
        }
      },
      {
        "key": {
          "type": 0,
          "file": 2,
          "line": 7,
          "col": 3,
          "lit": "ref"
        },
        "value": ""
      },
      {
        "key": {
          "type": 0,
          "file": 2,
          "line": 12,
          "col": 3,
          "lit": "token"
        },
        "value": {
          "type": 3,
          "file": 2,
          "line": 24,
          "col": 14,
          "expr": "github.token"
        }
      },
      {
        "key": {
          "type": 0,
          "file": 2,
          "line": 25,
          "col": 3,
          "lit": "ssh-key"
        },
        "value": ""
      },
      {
        "key": {
          "type": 0,
          "file": 2,
          "line": 37,
          "col": 3,
          "lit": "ssh-known-hosts"
        },
        "value": ""
      },
      {
        "key": {
          "type": 0,
          "file": 2,
          "line": 42,
          "col": 3,
          "lit": "ssh-strict"
        },
        "value": {
          "type": 0,
          "file": 2,
          "line": 47,
          "col": 14,
          "lit": "true"
        }
      },
      {
        "key": {
          "type": 0,
          "file": 2,
          "line": 48,
          "col": 3,
          "lit": "ssh-user"
        },
        "value": {
          "type": 0,
          "file": 2,
          "line": 51,
          "col": 14,
          "lit": "git"
        }
      },
      {
        "key": {
          "type": 0,
          "file": 2,
          "line": 52,
          "col": 3,
          "lit": "persist-credentials"
        },
        "value": {
          "type": 0,
          "file": 2,
          "line": 54,
          "col": 14,
          "lit": "true"
        }
      },
      {
        "key": {
          "type": 0,
          "file": 2,
          "line": 55,
          "col": 3,
          "lit": "path"
        },
        "value": ""
      },
      {
        "key": {
          "type": 0,
          "file": 2,
          "line": 57,
          "col": 3,
          "lit": "clean"
        },
        "value": {
          "type": 0,
          "file": 2,
          "line": 59,
          "col": 14,
          "lit": "true"
        }
      },
      {
        "key": {
          "type": 0,
          "file": 2,
          "line": 60,
          "col": 3,
          "lit": "filter"
        },
        "value": {
          "type": 0,
          "file": 2,
          "line": 64,
          "col": 14,
          "lit": ""
        }
      },
      {
        "key": {
          "type": 0,
          "file": 2,
          "line": 65,
          "col": 3,
          "lit": "sparse-checkout"
        },
        "value": {
          "type": 0,
          "file": 2,
          "line": 69,
          "col": 14,
          "lit": ""
        }
      },
      {
        "key": {
          "type": 0,
          "file": 2,
          "line": 70,
          "col": 3,
          "lit": "sparse-checkout-cone-mode"
        },
        "value": {
          "type": 0,
          "file": 2,
          "line": 73,
          "col": 14,
          "lit": "true"
        }
      },
      {
        "key": {
          "type": 0,
          "file": 2,
          "line": 74,
          "col": 3,
          "lit": "fetch-depth"
        },
        "value": {
          "type": 0,
          "file": 2,
          "line": 76,
          "col": 14,
          "lit": "1"
        }
      },
      {
        "key": {
          "type": 0,
          "file": 2,
          "line": 77,
          "col": 3,
          "lit": "fetch-tags"
        },
        "value": {
          "type": 0,
          "file": 2,
          "line": 79,
          "col": 14,
          "lit": "false"
        }
      },
      {
        "key": {
          "type": 0,
          "file": 2,
          "line": 80,
          "col": 3,
          "lit": "show-progress"
        },
        "value": {
          "type": 0,
          "file": 2,
          "line": 82,
          "col": 14,
          "lit": "true"
        }
      },
      {
        "key": {
          "type": 0,
          "file": 2,
          "line": 83,
          "col": 3,
          "lit": "lfs"
        },
        "value": {
          "type": 0,
          "file": 2,
          "line": 85,
          "col": 14,
          "lit": "false"
        }
      },
      {
        "key": {
          "type": 0,
          "file": 2,
          "line": 86,
          "col": 3,
          "lit": "submodules"
        },
        "value": {
          "type": 0,
          "file": 2,
          "line": 94,
          "col": 14,
          "lit": "false"
        }
      },
      {
        "key": {
          "type": 0,
          "file": 2,
          "line": 95,
          "col": 3,
          "lit": "set-safe-directory"
        },
        "value": {
          "type": 0,
          "file": 2,
          "line": 97,
          "col": 14,
          "lit": "true"
        }
      },
      {
        "key": {
          "type": 0,
          "file": 2,
          "line": 98,
          "col": 3,
          "lit": "github-server-url"
        },
        "value": ""
      },
      {
        "key": {
          "type": 0,
          "file": 2,
          "line": 101,
          "col": 3,
          "lit": "allow-unsafe-pr-checkout"
        },
        "value": {
          "type": 0,
          "file": 2,
          "line": 109,
          "col": 14,
          "lit": "false"
        }
      }
    ]
  },
  "execution": {
    "executionType": "nodeJS",
    "hasPre": false,
    "hasPost": true,
    "script": "dist/index.js",
    "pre": null,
    "post": "dist/index.js",
    "nodeVersion": "node20",
    "cleanupCondition": "always()",
    "initCondition": "always()"
  },
  "deprecated": null
}
[2026-08-17 20:30:33Z INFO ActionManager] Action node.js file: dist/index.js, no more preparation.
[2026-08-17 20:30:33Z INFO HostContext] Well known directory 'Bin': 'E:\devops\Complete Terraform\terraform\terraform 15AUG\terraform15Aug\actions-runner\bin'
[2026-08-17 20:30:33Z INFO HostContext] Well known directory 'Root': 'E:\devops\Complete Terraform\terraform\terraform 15AUG\terraform15Aug\actions-runner'
[2026-08-17 20:30:33Z INFO HostContext] Well known directory 'Work': 'E:\devops\Complete Terraform\terraform\terraform 15AUG\terraform15Aug\actions-runner\_work'
[2026-08-17 20:30:33Z INFO HostContext] Well known directory 'Actions': 'E:\devops\Complete Terraform\terraform\terraform 15AUG\terraform15Aug\actions-runner\_work\_actions'
[2026-08-17 20:30:33Z INFO ActionManager] Load action that reference repository from 'E:\devops\Complete Terraform\terraform\terraform 15AUG\terraform15Aug\actions-runner\_work\_actions\actions\checkout\v4'
[2026-08-17 20:30:33Z INFO HostContext] Well known directory 'Bin': 'E:\devops\Complete Terraform\terraform\terraform 15AUG\terraform15Aug\actions-runner\bin'
[2026-08-17 20:30:33Z INFO HostContext] Well known directory 'Root': 'E:\devops\Complete Terraform\terraform\terraform 15AUG\terraform15Aug\actions-runner'
[2026-08-17 20:30:33Z INFO HostContext] Well known directory 'Work': 'E:\devops\Complete Terraform\terraform\terraform 15AUG\terraform15Aug\actions-runner\_work'
[2026-08-17 20:30:33Z INFO HostContext] Well known directory 'Actions': 'E:\devops\Complete Terraform\terraform\terraform 15AUG\terraform15Aug\actions-runner\_work\_actions'
[2026-08-17 20:30:33Z INFO ActionManifestManagerLegacy] Loaded action.yml file: {
  "name": "Checkout",
  "description": "Checkout a Git repository at a particular version",
  "inputs": {
    "type": 2,
    "map": [
      {
        "key": {
          "type": 0,
          "file": 2,
          "line": 4,
          "col": 3,
          "lit": "repository"
        },
        "value": {
          "type": 3,
          "file": 2,
          "line": 6,
          "col": 14,
          "expr": "github.repository"
        }
      },
      {
        "key": {
          "type": 0,
          "file": 2,
          "line": 7,
          "col": 3,
          "lit": "ref"
        },
        "value": ""
      },
      {
        "key": {
          "type": 0,
          "file": 2,
          "line": 12,
          "col": 3,
          "lit": "token"
        },
        "value": {
          "type": 3,
          "file": 2,
          "line": 24,
          "col": 14,
          "expr": "github.token"
        }
      },
      {
        "key": {
          "type": 0,
          "file": 2,
          "line": 25,
          "col": 3,
          "lit": "ssh-key"
        },
        "value": ""
      },
      {
        "key": {
          "type": 0,
          "file": 2,
          "line": 37,
          "col": 3,
          "lit": "ssh-known-hosts"
        },
        "value": ""
      },
      {
        "key": {
          "type": 0,
          "file": 2,
          "line": 42,
          "col": 3,
          "lit": "ssh-strict"
        },
        "value": {
          "type": 0,
          "file": 2,
          "line": 47,
          "col": 14,
          "lit": "true"
        }
      },
      {
        "key": {
          "type": 0,
          "file": 2,
          "line": 48,
          "col": 3,
          "lit": "ssh-user"
        },
        "value": {
          "type": 0,
          "file": 2,
          "line": 51,
          "col": 14,
          "lit": "git"
        }
      },
      {
        "key": {
          "type": 0,
          "file": 2,
          "line": 52,
          "col": 3,
          "lit": "persist-credentials"
        },
        "value": {
          "type": 0,
          "file": 2,
          "line": 54,
          "col": 14,
          "lit": "true"
        }
      },
      {
        "key": {
          "type": 0,
          "file": 2,
          "line": 55,
          "col": 3,
          "lit": "path"
        },
        "value": ""
      },
      {
        "key": {
          "type": 0,
          "file": 2,
          "line": 57,
          "col": 3,
          "lit": "clean"
        },
        "value": {
          "type": 0,
          "file": 2,
          "line": 59,
          "col": 14,
          "lit": "true"
        }
      },
      {
        "key": {
          "type": 0,
          "file": 2,
          "line": 60,
          "col": 3,
          "lit": "filter"
        },
        "value": {
          "type": 0,
          "file": 2,
          "line": 64,
          "col": 14,
          "lit": ""
        }
      },
      {
        "key": {
          "type": 0,
          "file": 2,
          "line": 65,
          "col": 3,
          "lit": "sparse-checkout"
        },
        "value": {
          "type": 0,
          "file": 2,
          "line": 69,
          "col": 14,
          "lit": ""
        }
      },
      {
        "key": {
          "type": 0,
          "file": 2,
          "line": 70,
          "col": 3,
          "lit": "sparse-checkout-cone-mode"
        },
        "value": {
          "type": 0,
          "file": 2,
          "line": 73,
          "col": 14,
          "lit": "true"
        }
      },
      {
        "key": {
          "type": 0,
          "file": 2,
          "line": 74,
          "col": 3,
          "lit": "fetch-depth"
        },
        "value": {
          "type": 0,
          "file": 2,
          "line": 76,
          "col": 14,
          "lit": "1"
        }
      },
      {
        "key": {
          "type": 0,
          "file": 2,
          "line": 77,
          "col": 3,
          "lit": "fetch-tags"
        },
        "value": {
          "type": 0,
          "file": 2,
          "line": 79,
          "col": 14,
          "lit": "false"
        }
      },
      {
        "key": {
          "type": 0,
          "file": 2,
          "line": 80,
          "col": 3,
          "lit": "show-progress"
        },
        "value": {
          "type": 0,
          "file": 2,
          "line": 82,
          "col": 14,
          "lit": "true"
        }
      },
      {
        "key": {
          "type": 0,
          "file": 2,
          "line": 83,
          "col": 3,
          "lit": "lfs"
        },
        "value": {
          "type": 0,
          "file": 2,
          "line": 85,
          "col": 14,
          "lit": "false"
        }
      },
      {
        "key": {
          "type": 0,
          "file": 2,
          "line": 86,
          "col": 3,
          "lit": "submodules"
        },
        "value": {
          "type": 0,
          "file": 2,
          "line": 94,
          "col": 14,
          "lit": "false"
        }
      },
      {
        "key": {
          "type": 0,
          "file": 2,
          "line": 95,
          "col": 3,
          "lit": "set-safe-directory"
        },
        "value": {
          "type": 0,
          "file": 2,
          "line": 97,
          "col": 14,
          "lit": "true"
        }
      },
      {
        "key": {
          "type": 0,
          "file": 2,
          "line": 98,
          "col": 3,
          "lit": "github-server-url"
        },
        "value": ""
      },
      {
        "key": {
          "type": 0,
          "file": 2,
          "line": 101,
          "col": 3,
          "lit": "allow-unsafe-pr-checkout"
        },
        "value": {
          "type": 0,
          "file": 2,
          "line": 109,
          "col": 14,
          "lit": "false"
        }
      }
    ]
  },
  "execution": {
    "executionType": "nodeJS",
    "hasPre": false,
    "hasPost": true,
    "script": "dist/index.js",
    "pre": null,
    "post": "dist/index.js",
    "nodeVersion": "node20",
    "cleanupCondition": "always()",
    "initCondition": "always()"
  },
  "deprecated": null
}
[2026-08-17 20:30:33Z INFO ActionManager] Action pre node.js file: N/A.
[2026-08-17 20:30:33Z INFO ActionManager] Action node.js file: dist/index.js.
[2026-08-17 20:30:33Z INFO ActionManager] Action post node.js file: dist/index.js.
[2026-08-17 20:30:33Z INFO HostContext] Well known directory 'Bin': 'E:\devops\Complete Terraform\terraform\terraform 15AUG\terraform15Aug\actions-runner\bin'
[2026-08-17 20:30:33Z INFO HostContext] Well known directory 'Root': 'E:\devops\Complete Terraform\terraform\terraform 15AUG\terraform15Aug\actions-runner'
[2026-08-17 20:30:33Z INFO HostContext] Well known directory 'Work': 'E:\devops\Complete Terraform\terraform\terraform 15AUG\terraform15Aug\actions-runner\_work'
[2026-08-17 20:30:33Z INFO HostContext] Well known directory 'Actions': 'E:\devops\Complete Terraform\terraform\terraform 15AUG\terraform15Aug\actions-runner\_work\_actions'
[2026-08-17 20:30:33Z INFO HostContext] Well known directory 'Bin': 'E:\devops\Complete Terraform\terraform\terraform 15AUG\terraform15Aug\actions-runner\bin'
[2026-08-17 20:30:33Z INFO HostContext] Well known directory 'Root': 'E:\devops\Complete Terraform\terraform\terraform 15AUG\terraform15Aug\actions-runner'
[2026-08-17 20:30:33Z INFO HostContext] Well known directory 'Work': 'E:\devops\Complete Terraform\terraform\terraform 15AUG\terraform15Aug\actions-runner\_work'
[2026-08-17 20:30:33Z INFO HostContext] Well known directory 'Actions': 'E:\devops\Complete Terraform\terraform\terraform 15AUG\terraform15Aug\actions-runner\_work\_actions'
[2026-08-17 20:30:33Z INFO ActionManifestManagerLegacy] Ignore action property author.
[2026-08-17 20:30:33Z INFO ActionManifestManagerLegacy] Ignore action property branding.
[2026-08-17 20:30:33Z INFO ActionManifestManagerLegacy] Loaded action.yml file: {
  "name": "HashiCorp - Setup Terraform",
  "description": "Sets up Terraform CLI in your GitHub Actions workflow.",
  "inputs": {
    "type": 2,
    "map": [
      {
        "key": {
          "type": 0,
          "file": 3,
          "line": 5,
          "col": 3,
          "lit": "cli_config_credentials_hostname"
        },
        "value": {
          "type": 0,
          "file": 3,
          "line": 7,
          "col": 14,
          "lit": "app.terraform.io"
        }
      },
      {
        "key": {
          "type": 0,
          "file": 3,
          "line": 9,
          "col": 3,
          "lit": "cli_config_credentials_token"
        },
        "value": ""
      },
      {
        "key": {
          "type": 0,
          "file": 3,
          "line": 12,
          "col": 3,
          "lit": "terraform_version"
        },
        "value": {
          "type": 0,
          "file": 3,
          "line": 14,
          "col": 14,
          "lit": "latest"
        }
      },
      {
        "key": {
          "type": 0,
          "file": 3,
          "line": 16,
          "col": 3,
          "lit": "terraform_wrapper"
        },
        "value": {
          "type": 0,
          "file": 3,
          "line": 18,
          "col": 14,
          "lit": "true"
        }
      }
    ]
  },
  "execution": {
    "executionType": "nodeJS",
    "hasPre": false,
    "hasPost": false,
    "script": "dist/index.js",
    "pre": null,
    "post": null,
    "nodeVersion": "node20",
    "cleanupCondition": "always()",
    "initCondition": "always()"
  },
  "deprecated": null
}
[2026-08-17 20:30:33Z INFO ActionManager] Action node.js file: dist/index.js, no more preparation.
[2026-08-17 20:30:33Z INFO HostContext] Well known directory 'Bin': 'E:\devops\Complete Terraform\terraform\terraform 15AUG\terraform15Aug\actions-runner\bin'
[2026-08-17 20:30:33Z INFO HostContext] Well known directory 'Root': 'E:\devops\Complete Terraform\terraform\terraform 15AUG\terraform15Aug\actions-runner'
[2026-08-17 20:30:33Z INFO HostContext] Well known directory 'Work': 'E:\devops\Complete Terraform\terraform\terraform 15AUG\terraform15Aug\actions-runner\_work'
[2026-08-17 20:30:33Z INFO HostContext] Well known directory 'Actions': 'E:\devops\Complete Terraform\terraform\terraform 15AUG\terraform15Aug\actions-runner\_work\_actions'
[2026-08-17 20:30:33Z INFO ActionManager] Load action that reference repository from 'E:\devops\Complete Terraform\terraform\terraform 15AUG\terraform15Aug\actions-runner\_work\_actions\hashicorp\setup-terraform\v3'
[2026-08-17 20:30:33Z INFO HostContext] Well known directory 'Bin': 'E:\devops\Complete Terraform\terraform\terraform 15AUG\terraform15Aug\actions-runner\bin'
[2026-08-17 20:30:33Z INFO HostContext] Well known directory 'Root': 'E:\devops\Complete Terraform\terraform\terraform 15AUG\terraform15Aug\actions-runner'
[2026-08-17 20:30:33Z INFO HostContext] Well known directory 'Work': 'E:\devops\Complete Terraform\terraform\terraform 15AUG\terraform15Aug\actions-runner\_work'
[2026-08-17 20:30:33Z INFO HostContext] Well known directory 'Actions': 'E:\devops\Complete Terraform\terraform\terraform 15AUG\terraform15Aug\actions-runner\_work\_actions'
[2026-08-17 20:30:33Z INFO ActionManifestManagerLegacy] Ignore action property author.
[2026-08-17 20:30:33Z INFO ActionManifestManagerLegacy] Ignore action property branding.
[2026-08-17 20:30:33Z INFO ActionManifestManagerLegacy] Loaded action.yml file: {
  "name": "HashiCorp - Setup Terraform",
  "description": "Sets up Terraform CLI in your GitHub Actions workflow.",
  "inputs": {
    "type": 2,
    "map": [
      {
        "key": {
          "type": 0,
          "file": 3,
          "line": 5,
          "col": 3,
          "lit": "cli_config_credentials_hostname"
        },
        "value": {
          "type": 0,
          "file": 3,
          "line": 7,
          "col": 14,
          "lit": "app.terraform.io"
        }
      },
      {
        "key": {
          "type": 0,
          "file": 3,
          "line": 9,
          "col": 3,
          "lit": "cli_config_credentials_token"
        },
        "value": ""
      },
      {
        "key": {
          "type": 0,
          "file": 3,
          "line": 12,
          "col": 3,
          "lit": "terraform_version"
        },
        "value": {
          "type": 0,
          "file": 3,
          "line": 14,
          "col": 14,
          "lit": "latest"
        }
      },
      {
        "key": {
          "type": 0,
          "file": 3,
          "line": 16,
          "col": 3,
          "lit": "terraform_wrapper"
        },
        "value": {
          "type": 0,
          "file": 3,
          "line": 18,
          "col": 14,
          "lit": "true"
        }
      }
    ]
  },
  "execution": {
    "executionType": "nodeJS",
    "hasPre": false,
    "hasPost": false,
    "script": "dist/index.js",
    "pre": null,
    "post": null,
    "nodeVersion": "node20",
    "cleanupCondition": "always()",
    "initCondition": "always()"
  },
  "deprecated": null
}
[2026-08-17 20:30:33Z INFO ActionManager] Action pre node.js file: N/A.
[2026-08-17 20:30:33Z INFO ActionManager] Action node.js file: dist/index.js.
[2026-08-17 20:30:33Z INFO ActionManager] Action post node.js file: N/A.
[2026-08-17 20:30:33Z INFO JobExtension] Adding .
[2026-08-17 20:30:33Z INFO JobExtension] Adding .
[2026-08-17 20:30:33Z INFO JobExtension] Adding .
[2026-08-17 20:30:33Z INFO JobExtension] Adding .
[2026-08-17 20:30:33Z INFO JobExtension] Adding .
[2026-08-17 20:30:33Z INFO JobExtension] Adding .
[2026-08-17 20:30:33Z INFO JobExtension] Adding .
[2026-08-17 20:30:33Z INFO HostContext] Well known directory 'Bin': 'E:\devops\Complete Terraform\terraform\terraform 15AUG\terraform15Aug\actions-runner\bin'
[2026-08-17 20:30:33Z INFO HostContext] Well known directory 'Root': 'E:\devops\Complete Terraform\terraform\terraform 15AUG\terraform15Aug\actions-runner'
[2026-08-17 20:30:33Z INFO HostContext] Well known directory 'Diag': 'E:\devops\Complete Terraform\terraform\terraform 15AUG\terraform15Aug\actions-runner\_diag'
[2026-08-17 20:30:33Z INFO HostContext] Well known directory 'Bin': 'E:\devops\Complete Terraform\terraform\terraform 15AUG\terraform15Aug\actions-runner\bin'
[2026-08-17 20:30:33Z INFO HostContext] Well known directory 'Root': 'E:\devops\Complete Terraform\terraform\terraform 15AUG\terraform15Aug\actions-runner'
[2026-08-17 20:30:33Z INFO HostContext] Well known directory 'Diag': 'E:\devops\Complete Terraform\terraform\terraform 15AUG\terraform15Aug\actions-runner\_diag'
[2026-08-17 20:30:33Z INFO HostContext] Well known directory 'Bin': 'E:\devops\Complete Terraform\terraform\terraform 15AUG\terraform15Aug\actions-runner\bin'
[2026-08-17 20:30:33Z INFO HostContext] Well known directory 'Root': 'E:\devops\Complete Terraform\terraform\terraform 15AUG\terraform15Aug\actions-runner'
[2026-08-17 20:30:33Z INFO HostContext] Well known directory 'Diag': 'E:\devops\Complete Terraform\terraform\terraform 15AUG\terraform15Aug\actions-runner\_diag'
[2026-08-17 20:30:33Z INFO HostContext] Well known directory 'Bin': 'E:\devops\Complete Terraform\terraform\terraform 15AUG\terraform15Aug\actions-runner\bin'
[2026-08-17 20:30:33Z INFO HostContext] Well known directory 'Root': 'E:\devops\Complete Terraform\terraform\terraform 15AUG\terraform15Aug\actions-runner'
[2026-08-17 20:30:33Z INFO HostContext] Well known directory 'Diag': 'E:\devops\Complete Terraform\terraform\terraform 15AUG\terraform15Aug\actions-runner\_diag'
[2026-08-17 20:30:33Z INFO HostContext] Well known directory 'Bin': 'E:\devops\Complete Terraform\terraform\terraform 15AUG\terraform15Aug\actions-runner\bin'
[2026-08-17 20:30:33Z INFO HostContext] Well known directory 'Root': 'E:\devops\Complete Terraform\terraform\terraform 15AUG\terraform15Aug\actions-runner'
[2026-08-17 20:30:33Z INFO HostContext] Well known directory 'Diag': 'E:\devops\Complete Terraform\terraform\terraform 15AUG\terraform15Aug\actions-runner\_diag'
[2026-08-17 20:30:33Z INFO HostContext] Well known directory 'Bin': 'E:\devops\Complete Terraform\terraform\terraform 15AUG\terraform15Aug\actions-runner\bin'
[2026-08-17 20:30:33Z INFO HostContext] Well known directory 'Root': 'E:\devops\Complete Terraform\terraform\terraform 15AUG\terraform15Aug\actions-runner'
[2026-08-17 20:30:33Z INFO HostContext] Well known directory 'Diag': 'E:\devops\Complete Terraform\terraform\terraform 15AUG\terraform15Aug\actions-runner\_diag'
[2026-08-17 20:30:33Z INFO HostContext] Well known directory 'Bin': 'E:\devops\Complete Terraform\terraform\terraform 15AUG\terraform15Aug\actions-runner\bin'
[2026-08-17 20:30:33Z INFO HostContext] Well known directory 'Root': 'E:\devops\Complete Terraform\terraform\terraform 15AUG\terraform15Aug\actions-runner'
[2026-08-17 20:30:33Z INFO HostContext] Well known directory 'Diag': 'E:\devops\Complete Terraform\terraform\terraform 15AUG\terraform15Aug\actions-runner\_diag'
[2026-08-17 20:30:33Z INFO HostContext] Well known directory 'Bin': 'E:\devops\Complete Terraform\terraform\terraform 15AUG\terraform15Aug\actions-runner\bin'
[2026-08-17 20:30:33Z INFO HostContext] Well known directory 'Root': 'E:\devops\Complete Terraform\terraform\terraform 15AUG\terraform15Aug\actions-runner'
[2026-08-17 20:30:33Z INFO HostContext] Well known directory 'Diag': 'E:\devops\Complete Terraform\terraform\terraform 15AUG\terraform15Aug\actions-runner\_diag'
[2026-08-17 20:30:33Z INFO HostContext] Well known directory 'Bin': 'E:\devops\Complete Terraform\terraform\terraform 15AUG\terraform15Aug\actions-runner\bin'
[2026-08-17 20:30:33Z INFO HostContext] Well known directory 'Root': 'E:\devops\Complete Terraform\terraform\terraform 15AUG\terraform15Aug\actions-runner'
[2026-08-17 20:30:33Z INFO HostContext] Well known directory 'Diag': 'E:\devops\Complete Terraform\terraform\terraform 15AUG\terraform15Aug\actions-runner\_diag'
[2026-08-17 20:30:33Z INFO HostContext] Well known directory 'Bin': 'E:\devops\Complete Terraform\terraform\terraform 15AUG\terraform15Aug\actions-runner\bin'
[2026-08-17 20:30:33Z INFO HostContext] Well known directory 'Root': 'E:\devops\Complete Terraform\terraform\terraform 15AUG\terraform15Aug\actions-runner'
[2026-08-17 20:30:33Z INFO HostContext] Well known directory 'Diag': 'E:\devops\Complete Terraform\terraform\terraform 15AUG\terraform15Aug\actions-runner\_diag'
[2026-08-17 20:30:33Z INFO HostContext] Well known directory 'Bin': 'E:\devops\Complete Terraform\terraform\terraform 15AUG\terraform15Aug\actions-runner\bin'
[2026-08-17 20:30:33Z INFO HostContext] Well known directory 'Root': 'E:\devops\Complete Terraform\terraform\terraform 15AUG\terraform15Aug\actions-runner'
[2026-08-17 20:30:33Z INFO HostContext] Well known directory 'Diag': 'E:\devops\Complete Terraform\terraform\terraform 15AUG\terraform15Aug\actions-runner\_diag'
[2026-08-17 20:30:33Z INFO HostContext] Well known directory 'Bin': 'E:\devops\Complete Terraform\terraform\terraform 15AUG\terraform15Aug\actions-runner\bin'
[2026-08-17 20:30:33Z INFO HostContext] Well known directory 'Root': 'E:\devops\Complete Terraform\terraform\terraform 15AUG\terraform15Aug\actions-runner'
[2026-08-17 20:30:33Z INFO HostContext] Well known directory 'Diag': 'E:\devops\Complete Terraform\terraform\terraform 15AUG\terraform15Aug\actions-runner\_diag'
[2026-08-17 20:30:33Z INFO HostContext] Well known directory 'Bin': 'E:\devops\Complete Terraform\terraform\terraform 15AUG\terraform15Aug\actions-runner\bin'
[2026-08-17 20:30:33Z INFO HostContext] Well known directory 'Root': 'E:\devops\Complete Terraform\terraform\terraform 15AUG\terraform15Aug\actions-runner'
[2026-08-17 20:30:33Z INFO HostContext] Well known directory 'Diag': 'E:\devops\Complete Terraform\terraform\terraform 15AUG\terraform15Aug\actions-runner\_diag'
[2026-08-17 20:30:33Z INFO HostContext] Well known directory 'Bin': 'E:\devops\Complete Terraform\terraform\terraform 15AUG\terraform15Aug\actions-runner\bin'
[2026-08-17 20:30:33Z INFO HostContext] Well known directory 'Root': 'E:\devops\Complete Terraform\terraform\terraform 15AUG\terraform15Aug\actions-runner'
[2026-08-17 20:30:33Z INFO HostContext] Well known directory 'Diag': 'E:\devops\Complete Terraform\terraform\terraform 15AUG\terraform15Aug\actions-runner\_diag'
[2026-08-17 20:30:33Z INFO JobExtension] Total accessible running process: 229.
[2026-08-17 20:30:33Z INFO HostContext] Well known directory 'Bin': 'E:\devops\Complete Terraform\terraform\terraform 15AUG\terraform15Aug\actions-runner\bin'
[2026-08-17 20:30:33Z INFO HostContext] Well known directory 'Root': 'E:\devops\Complete Terraform\terraform\terraform 15AUG\terraform15Aug\actions-runner'
[2026-08-17 20:30:33Z INFO HostContext] Well known directory 'Work': 'E:\devops\Complete Terraform\terraform\terraform 15AUG\terraform15Aug\actions-runner\_work'
[2026-08-17 20:30:33Z INFO JobExtension] Start checking server connectivity.
[2026-08-17 20:30:33Z INFO JobExtension] Check server connectivity for https://broker.actions.githubusercontent.com/health.
[2026-08-17 20:30:33Z INFO JobExtension] Check server connectivity for https://token.actions.githubusercontent.com/ready.
[2026-08-17 20:30:33Z INFO JobExtension] Check server connectivity for https://run.actions.githubusercontent.com/health.
[2026-08-17 20:30:33Z INFO JobExtension] Start checking service connectivity in background.
[2026-08-17 20:30:33Z INFO ExecutionContext] Publish step telemetry for current step {
  "action": "setup_job",
  "type": "runner",
  "stage": "Pre",
  "stepId": "c01943d4-8f48-434d-b7c8-f88f76217cec",
  "result": "succeeded",
  "errorMessages": [],
  "executionTimeInSeconds": 5,
  "startTime": "2026-08-17T20:30:29.8993459Z",
  "finishTime": "2026-08-17T20:30:33.9210346Z"
}.
[2026-08-17 20:30:33Z INFO JobRunner] Total job steps: 7.
[2026-08-17 20:30:33Z INFO JobRunner] Waiting for job to be marked as started.
[2026-08-17 20:30:33Z INFO JobRunner] Run all job steps.
[2026-08-17 20:30:33Z INFO DapDebugger] DapDebugger initialized
[2026-08-17 20:30:33Z INFO StepsRunner] Processing step: DisplayName='Checkout Code'
[2026-08-17 20:30:33Z INFO StepsRunner] Evaluating: success()
[2026-08-17 20:30:33Z INFO StepsRunner] Result: true
[2026-08-17 20:30:34Z INFO StepsRunner] Starting the step.
[2026-08-17 20:30:34Z INFO JobServerQueue] Try to append 1 batches web console lines for record 'c01943d4-8f48-434d-b7c8-f88f76217cec', success rate: 1/1.
[2026-08-17 20:30:34Z INFO HostContext] Well known directory 'Bin': 'E:\devops\Complete Terraform\terraform\terraform 15AUG\terraform15Aug\actions-runner\bin'
[2026-08-17 20:30:34Z INFO HostContext] Well known directory 'Root': 'E:\devops\Complete Terraform\terraform\terraform 15AUG\terraform15Aug\actions-runner'
[2026-08-17 20:30:34Z INFO HostContext] Well known directory 'Work': 'E:\devops\Complete Terraform\terraform\terraform 15AUG\terraform15Aug\actions-runner\_work'
[2026-08-17 20:30:34Z INFO StepsRunner] Which2: 'chcp'
[2026-08-17 20:30:34Z INFO StepsRunner] Location: 'C:\Windows\system32\chcp.COM'
[2026-08-17 20:30:34Z INFO ProcessInvokerWrapper] Starting process:
[2026-08-17 20:30:34Z INFO ProcessInvokerWrapper]   File name: 'C:\Windows\system32\chcp.COM'
[2026-08-17 20:30:34Z INFO ProcessInvokerWrapper]   Arguments: '65001'
[2026-08-17 20:30:34Z INFO ProcessInvokerWrapper]   Working directory: 'E:\devops\Complete Terraform\terraform\terraform 15AUG\terraform15Aug\actions-runner\_work'
[2026-08-17 20:30:34Z INFO ProcessInvokerWrapper]   Require exit code zero: 'False'
[2026-08-17 20:30:34Z INFO ProcessInvokerWrapper]   Encoding web name:  ; code page: ''
[2026-08-17 20:30:34Z INFO ProcessInvokerWrapper]   Force kill process on cancellation: 'False'
[2026-08-17 20:30:34Z INFO ProcessInvokerWrapper]   Redirected STDIN: 'False'
[2026-08-17 20:30:34Z INFO ProcessInvokerWrapper]   Persist current code page: 'True'
[2026-08-17 20:30:34Z INFO ProcessInvokerWrapper]   Keep redirected STDIN open: 'False'
[2026-08-17 20:30:34Z INFO ProcessInvokerWrapper]   High priority process: 'False'
[2026-08-17 20:30:34Z INFO ProcessInvokerWrapper] Process started with process id 12192, waiting for process exit.
[2026-08-17 20:30:34Z INFO ProcessInvokerWrapper] STDOUT/STDERR stream read finished.
[2026-08-17 20:30:34Z INFO ProcessInvokerWrapper] STDOUT/STDERR stream read finished.
[2026-08-17 20:30:34Z INFO ProcessInvokerWrapper] Finished process 12192 with exit code 0, and elapsed time 00:00:00.0578702.
[2026-08-17 20:30:34Z INFO StepsRunner] Successfully returned to code page 65001 (UTF8)
[2026-08-17 20:30:34Z INFO HostContext] Well known directory 'Bin': 'E:\devops\Complete Terraform\terraform\terraform 15AUG\terraform15Aug\actions-runner\bin'
[2026-08-17 20:30:34Z INFO HostContext] Well known directory 'Root': 'E:\devops\Complete Terraform\terraform\terraform 15AUG\terraform15Aug\actions-runner'
[2026-08-17 20:30:34Z INFO HostContext] Well known directory 'Work': 'E:\devops\Complete Terraform\terraform\terraform 15AUG\terraform15Aug\actions-runner\_work'
[2026-08-17 20:30:34Z INFO HostContext] Well known directory 'Actions': 'E:\devops\Complete Terraform\terraform\terraform 15AUG\terraform15Aug\actions-runner\_work\_actions'
[2026-08-17 20:30:34Z INFO ActionManager] Load action that reference repository from 'E:\devops\Complete Terraform\terraform\terraform 15AUG\terraform15Aug\actions-runner\_work\_actions\actions\checkout\v4'
[2026-08-17 20:30:34Z INFO HostContext] Well known directory 'Bin': 'E:\devops\Complete Terraform\terraform\terraform 15AUG\terraform15Aug\actions-runner\bin'
[2026-08-17 20:30:34Z INFO HostContext] Well known directory 'Root': 'E:\devops\Complete Terraform\terraform\terraform 15AUG\terraform15Aug\actions-runner'
[2026-08-17 20:30:34Z INFO HostContext] Well known directory 'Work': 'E:\devops\Complete Terraform\terraform\terraform 15AUG\terraform15Aug\actions-runner\_work'
[2026-08-17 20:30:34Z INFO HostContext] Well known directory 'Actions': 'E:\devops\Complete Terraform\terraform\terraform 15AUG\terraform15Aug\actions-runner\_work\_actions'
[2026-08-17 20:30:34Z INFO ActionManifestManagerLegacy] Loaded action.yml file: {
  "name": "Checkout",
  "description": "Checkout a Git repository at a particular version",
  "inputs": {
    "type": 2,
    "map": [
      {
        "key": {
          "type": 0,
          "file": 2,
          "line": 4,
          "col": 3,
          "lit": "repository"
        },
        "value": {
          "type": 3,
          "file": 2,
          "line": 6,
          "col": 14,
          "expr": "github.repository"
        }
      },
      {
        "key": {
          "type": 0,
          "file": 2,
          "line": 7,
          "col": 3,
          "lit": "ref"
        },
        "value": ""
      },
      {
        "key": {
          "type": 0,
          "file": 2,
          "line": 12,
          "col": 3,
          "lit": "token"
        },
        "value": {
          "type": 3,
          "file": 2,
          "line": 24,
          "col": 14,
          "expr": "github.token"
        }
      },
      {
        "key": {
          "type": 0,
          "file": 2,
          "line": 25,
          "col": 3,
          "lit": "ssh-key"
        },
        "value": ""
      },
      {
        "key": {
          "type": 0,
          "file": 2,
          "line": 37,
          "col": 3,
          "lit": "ssh-known-hosts"
        },
        "value": ""
      },
      {
        "key": {
          "type": 0,
          "file": 2,
          "line": 42,
          "col": 3,
          "lit": "ssh-strict"
        },
        "value": {
          "type": 0,
          "file": 2,
          "line": 47,
          "col": 14,
          "lit": "true"
        }
      },
      {
        "key": {
          "type": 0,
          "file": 2,
          "line": 48,
          "col": 3,
          "lit": "ssh-user"
        },
        "value": {
          "type": 0,
          "file": 2,
          "line": 51,
          "col": 14,
          "lit": "git"
        }
      },
      {
        "key": {
          "type": 0,
          "file": 2,
          "line": 52,
          "col": 3,
          "lit": "persist-credentials"
        },
        "value": {
          "type": 0,
          "file": 2,
          "line": 54,
          "col": 14,
          "lit": "true"
        }
      },
      {
        "key": {
          "type": 0,
          "file": 2,
          "line": 55,
          "col": 3,
          "lit": "path"
        },
        "value": ""
      },
      {
        "key": {
          "type": 0,
          "file": 2,
          "line": 57,
          "col": 3,
          "lit": "clean"
        },
        "value": {
          "type": 0,
          "file": 2,
          "line": 59,
          "col": 14,
          "lit": "true"
        }
      },
      {
        "key": {
          "type": 0,
          "file": 2,
          "line": 60,
          "col": 3,
          "lit": "filter"
        },
        "value": {
          "type": 0,
          "file": 2,
          "line": 64,
          "col": 14,
          "lit": ""
        }
      },
      {
        "key": {
          "type": 0,
          "file": 2,
          "line": 65,
          "col": 3,
          "lit": "sparse-checkout"
        },
        "value": {
          "type": 0,
          "file": 2,
          "line": 69,
          "col": 14,
          "lit": ""
        }
      },
      {
        "key": {
          "type": 0,
          "file": 2,
          "line": 70,
          "col": 3,
          "lit": "sparse-checkout-cone-mode"
        },
        "value": {
          "type": 0,
          "file": 2,
          "line": 73,
          "col": 14,
          "lit": "true"
        }
      },
      {
        "key": {
          "type": 0,
          "file": 2,
          "line": 74,
          "col": 3,
          "lit": "fetch-depth"
        },
        "value": {
          "type": 0,
          "file": 2,
          "line": 76,
          "col": 14,
          "lit": "1"
        }
      },
      {
        "key": {
          "type": 0,
          "file": 2,
          "line": 77,
          "col": 3,
          "lit": "fetch-tags"
        },
        "value": {
          "type": 0,
          "file": 2,
          "line": 79,
          "col": 14,
          "lit": "false"
        }
      },
      {
        "key": {
          "type": 0,
          "file": 2,
          "line": 80,
          "col": 3,
          "lit": "show-progress"
        },
        "value": {
          "type": 0,
          "file": 2,
          "line": 82,
          "col": 14,
          "lit": "true"
        }
      },
      {
        "key": {
          "type": 0,
          "file": 2,
          "line": 83,
          "col": 3,
          "lit": "lfs"
        },
        "value": {
          "type": 0,
          "file": 2,
          "line": 85,
          "col": 14,
          "lit": "false"
        }
      },
      {
        "key": {
          "type": 0,
          "file": 2,
          "line": 86,
          "col": 3,
          "lit": "submodules"
        },
        "value": {
          "type": 0,
          "file": 2,
          "line": 94,
          "col": 14,
          "lit": "false"
        }
      },
      {
        "key": {
          "type": 0,
          "file": 2,
          "line": 95,
          "col": 3,
          "lit": "set-safe-directory"
        },
        "value": {
          "type": 0,
          "file": 2,
          "line": 97,
          "col": 14,
          "lit": "true"
        }
      },
      {
        "key": {
          "type": 0,
          "file": 2,
          "line": 98,
          "col": 3,
          "lit": "github-server-url"
        },
        "value": ""
      },
      {
        "key": {
          "type": 0,
          "file": 2,
          "line": 101,
          "col": 3,
          "lit": "allow-unsafe-pr-checkout"
        },
        "value": {
          "type": 0,
          "file": 2,
          "line": 109,
          "col": 14,
          "lit": "false"
        }
      }
    ]
  },
  "execution": {
    "executionType": "nodeJS",
    "hasPre": false,
    "hasPost": true,
    "script": "dist/index.js",
    "pre": null,
    "post": "dist/index.js",
    "nodeVersion": "node20",
    "cleanupCondition": "always()",
    "initCondition": "always()"
  },
  "deprecated": null
}
[2026-08-17 20:30:34Z INFO ActionManager] Action pre node.js file: N/A.
[2026-08-17 20:30:34Z INFO ActionManager] Action node.js file: dist/index.js.
[2026-08-17 20:30:34Z INFO ActionManager] Action post node.js file: dist/index.js.
[2026-08-17 20:30:34Z INFO ExecutionContext] Reserve record order 9 to 16 for post job actions.
[2026-08-17 20:30:34Z INFO HostContext] Well known directory 'Bin': 'E:\devops\Complete Terraform\terraform\terraform 15AUG\terraform15Aug\actions-runner\bin'
[2026-08-17 20:30:34Z INFO HostContext] Well known directory 'Root': 'E:\devops\Complete Terraform\terraform\terraform 15AUG\terraform15Aug\actions-runner'
[2026-08-17 20:30:34Z INFO HostContext] Well known directory 'Diag': 'E:\devops\Complete Terraform\terraform\terraform 15AUG\terraform15Aug\actions-runner\_diag'
[2026-08-17 20:30:34Z INFO HostContext] Well known directory 'Bin': 'E:\devops\Complete Terraform\terraform\terraform 15AUG\terraform15Aug\actions-runner\bin'
[2026-08-17 20:30:34Z INFO HostContext] Well known directory 'Root': 'E:\devops\Complete Terraform\terraform\terraform 15AUG\terraform15Aug\actions-runner'
[2026-08-17 20:30:34Z INFO HostContext] Well known directory 'Diag': 'E:\devops\Complete Terraform\terraform\terraform 15AUG\terraform15Aug\actions-runner\_diag'
[2026-08-17 20:30:34Z INFO HostContext] Well known directory 'Bin': 'E:\devops\Complete Terraform\terraform\terraform 15AUG\terraform15Aug\actions-runner\bin'
[2026-08-17 20:30:34Z INFO HostContext] Well known directory 'Root': 'E:\devops\Complete Terraform\terraform\terraform 15AUG\terraform15Aug\actions-runner'
[2026-08-17 20:30:34Z INFO HostContext] Well known directory 'Work': 'E:\devops\Complete Terraform\terraform\terraform 15AUG\terraform15Aug\actions-runner\_work'
[2026-08-17 20:30:34Z INFO HostContext] Well known directory 'Temp': 'E:\devops\Complete Terraform\terraform\terraform 15AUG\terraform15Aug\actions-runner\_work\_temp'
[2026-08-17 20:30:34Z INFO ExecutionContext] Write event payload to E:\devops\Complete Terraform\terraform\terraform 15AUG\terraform15Aug\actions-runner\_work\_temp\_github_workflow\event.json
[2026-08-17 20:30:34Z INFO HostContext] Well known directory 'Bin': 'E:\devops\Complete Terraform\terraform\terraform 15AUG\terraform15Aug\actions-runner\bin'
[2026-08-17 20:30:34Z INFO HostContext] Well known directory 'Root': 'E:\devops\Complete Terraform\terraform\terraform 15AUG\terraform15Aug\actions-runner'
[2026-08-17 20:30:34Z INFO HostContext] Well known directory 'Work': 'E:\devops\Complete Terraform\terraform\terraform 15AUG\terraform15Aug\actions-runner\_work'
[2026-08-17 20:30:34Z INFO HostContext] Well known directory 'Temp': 'E:\devops\Complete Terraform\terraform\terraform 15AUG\terraform15Aug\actions-runner\_work\_temp'
[2026-08-17 20:30:34Z INFO ExtensionManager] Getting extensions for interface: 'GitHub.Runner.Worker.IFileCommandExtension'
[2026-08-17 20:30:34Z INFO ExtensionManager] Creating instance: GitHub.Runner.Worker.AddPathFileCommand, Runner.Worker
[2026-08-17 20:30:34Z INFO ExtensionManager] Creating instance: GitHub.Runner.Worker.SetEnvFileCommand, Runner.Worker
[2026-08-17 20:30:34Z INFO ExtensionManager] Creating instance: GitHub.Runner.Worker.CreateStepSummaryCommand, Runner.Worker
[2026-08-17 20:30:34Z INFO ExtensionManager] Creating instance: GitHub.Runner.Worker.SaveStateFileCommand, Runner.Worker
[2026-08-17 20:30:34Z INFO ExtensionManager] Creating instance: GitHub.Runner.Worker.SetOutputFileCommand, Runner.Worker
[2026-08-17 20:30:34Z INFO ExtensionManager] Creating instance: GitHub.Runner.Worker.CreateArtifactsFileCommand, Runner.Worker
[2026-08-17 20:30:34Z INFO ExtensionManager] Creating instance: GitHub.Runner.Worker.ArtifactsListFileCommand, Runner.Worker
[2026-08-17 20:30:34Z INFO ActionManifestManagerLegacy] Input 'repository': default value evaluate result: {
  "type": 0,
  "file": 2,
  "line": 6,
  "col": 14,
  "lit": "rahulsharma582/terraform15Aug"
}
[2026-08-17 20:30:34Z INFO ActionManifestManagerLegacy] Input 'ref': default value evaluate result: ""
[2026-08-17 20:30:34Z INFO ActionManifestManagerLegacy] Input 'token': default value evaluate result: {
  "type": 0,
  "file": 2,
  "line": 24,
  "col": 14,
  "lit": "***"
}
[2026-08-17 20:30:34Z INFO ActionManifestManagerLegacy] Input 'ssh-key': default value evaluate result: ""
[2026-08-17 20:30:34Z INFO ActionManifestManagerLegacy] Input 'ssh-known-hosts': default value evaluate result: ""
[2026-08-17 20:30:34Z INFO ActionManifestManagerLegacy] Input 'ssh-strict': default value evaluate result: {
  "type": 0,
  "file": 2,
  "line": 47,
  "col": 14,
  "lit": "true"
}
[2026-08-17 20:30:34Z INFO ActionManifestManagerLegacy] Input 'ssh-user': default value evaluate result: {
  "type": 0,
  "file": 2,
  "line": 51,
  "col": 14,
  "lit": "git"
}
[2026-08-17 20:30:34Z INFO ActionManifestManagerLegacy] Input 'persist-credentials': default value evaluate result: {
  "type": 0,
  "file": 2,
  "line": 54,
  "col": 14,
  "lit": "true"
}
[2026-08-17 20:30:34Z INFO ActionManifestManagerLegacy] Input 'path': default value evaluate result: ""
[2026-08-17 20:30:34Z INFO ActionManifestManagerLegacy] Input 'clean': default value evaluate result: {
  "type": 0,
  "file": 2,
  "line": 59,
  "col": 14,
  "lit": "true"
}
[2026-08-17 20:30:34Z INFO ActionManifestManagerLegacy] Input 'filter': default value evaluate result: {
  "type": 0,
  "file": 2,
  "line": 64,
  "col": 14,
  "lit": ""
}
[2026-08-17 20:30:34Z INFO ActionManifestManagerLegacy] Input 'sparse-checkout': default value evaluate result: {
  "type": 0,
  "file": 2,
  "line": 69,
  "col": 14,
  "lit": ""
}
[2026-08-17 20:30:34Z INFO ActionManifestManagerLegacy] Input 'sparse-checkout-cone-mode': default value evaluate result: {
  "type": 0,
  "file": 2,
  "line": 73,
  "col": 14,
  "lit": "true"
}
[2026-08-17 20:30:34Z INFO ActionManifestManagerLegacy] Input 'fetch-tags': default value evaluate result: {
  "type": 0,
  "file": 2,
  "line": 79,
  "col": 14,
  "lit": "false"
}
[2026-08-17 20:30:34Z INFO ActionManifestManagerLegacy] Input 'show-progress': default value evaluate result: {
  "type": 0,
  "file": 2,
  "line": 82,
  "col": 14,
  "lit": "true"
}
[2026-08-17 20:30:34Z INFO ActionManifestManagerLegacy] Input 'lfs': default value evaluate result: {
  "type": 0,
  "file": 2,
  "line": 85,
  "col": 14,
  "lit": "false"
}
[2026-08-17 20:30:34Z INFO ActionManifestManagerLegacy] Input 'submodules': default value evaluate result: {
  "type": 0,
  "file": 2,
  "line": 94,
  "col": 14,
  "lit": "false"
}
[2026-08-17 20:30:34Z INFO ActionManifestManagerLegacy] Input 'set-safe-directory': default value evaluate result: {
  "type": 0,
  "file": 2,
  "line": 97,
  "col": 14,
  "lit": "true"
}
[2026-08-17 20:30:34Z INFO ActionManifestManagerLegacy] Input 'github-server-url': default value evaluate result: ""
[2026-08-17 20:30:34Z INFO ActionManifestManagerLegacy] Input 'allow-unsafe-pr-checkout': default value evaluate result: {
  "type": 0,
  "file": 2,
  "line": 109,
  "col": 14,
  "lit": "false"
}
[2026-08-17 20:30:34Z INFO ExtensionManager] Getting extensions for interface: 'GitHub.Runner.Worker.IActionCommandExtension'
[2026-08-17 20:30:34Z INFO ExtensionManager] Creating instance: GitHub.Runner.Worker.InternalPluginSetRepoPathCommandExtension, Runner.Worker
[2026-08-17 20:30:34Z INFO ExtensionManager] Creating instance: GitHub.Runner.Worker.SetEnvCommandExtension, Runner.Worker
[2026-08-17 20:30:34Z INFO ExtensionManager] Creating instance: GitHub.Runner.Worker.SetOutputCommandExtension, Runner.Worker
[2026-08-17 20:30:34Z INFO ExtensionManager] Creating instance: GitHub.Runner.Worker.SaveStateCommandExtension, Runner.Worker
[2026-08-17 20:30:34Z INFO ExtensionManager] Creating instance: GitHub.Runner.Worker.AddPathCommandExtension, Runner.Worker
[2026-08-17 20:30:34Z INFO ExtensionManager] Creating instance: GitHub.Runner.Worker.AddMaskCommandExtension, Runner.Worker
[2026-08-17 20:30:34Z INFO ExtensionManager] Creating instance: GitHub.Runner.Worker.AddMatcherCommandExtension, Runner.Worker
[2026-08-17 20:30:34Z INFO ExtensionManager] Creating instance: GitHub.Runner.Worker.RemoveMatcherCommandExtension, Runner.Worker
[2026-08-17 20:30:34Z INFO ExtensionManager] Creating instance: GitHub.Runner.Worker.WarningCommandExtension, Runner.Worker
[2026-08-17 20:30:34Z INFO ExtensionManager] Creating instance: GitHub.Runner.Worker.ErrorCommandExtension, Runner.Worker
[2026-08-17 20:30:34Z INFO ExtensionManager] Creating instance: GitHub.Runner.Worker.NoticeCommandExtension, Runner.Worker
[2026-08-17 20:30:34Z INFO ExtensionManager] Creating instance: GitHub.Runner.Worker.DebugCommandExtension, Runner.Worker
[2026-08-17 20:30:34Z INFO ExtensionManager] Creating instance: GitHub.Runner.Worker.GroupCommandExtension, Runner.Worker
[2026-08-17 20:30:34Z INFO ExtensionManager] Creating instance: GitHub.Runner.Worker.EndGroupCommandExtension, Runner.Worker
[2026-08-17 20:30:34Z INFO ExtensionManager] Creating instance: GitHub.Runner.Worker.EchoCommandExtension, Runner.Worker
[2026-08-17 20:30:34Z INFO ActionCommandManager] Register action command extension for command internal-set-repo-path
[2026-08-17 20:30:34Z INFO ActionCommandManager] Register action command extension for command set-env
[2026-08-17 20:30:34Z INFO ActionCommandManager] Register action command extension for command set-output
[2026-08-17 20:30:34Z INFO ActionCommandManager] Register action command extension for command save-state
[2026-08-17 20:30:34Z INFO ActionCommandManager] Register action command extension for command add-path
[2026-08-17 20:30:34Z INFO ActionCommandManager] Register action command extension for command add-mask
[2026-08-17 20:30:34Z INFO ActionCommandManager] Register action command extension for command add-matcher
[2026-08-17 20:30:34Z INFO ActionCommandManager] Register action command extension for command remove-matcher
[2026-08-17 20:30:34Z INFO ActionCommandManager] Register action command extension for command warning
[2026-08-17 20:30:34Z INFO ActionCommandManager] Register action command extension for command error
[2026-08-17 20:30:34Z INFO ActionCommandManager] Register action command extension for command notice
[2026-08-17 20:30:34Z INFO ActionCommandManager] Register action command extension for command debug
[2026-08-17 20:30:34Z INFO ActionCommandManager] Register action command extension for command group
[2026-08-17 20:30:34Z INFO ActionCommandManager] Register action command extension for command endgroup
[2026-08-17 20:30:34Z INFO ActionCommandManager] Register action command extension for command echo
[2026-08-17 20:30:34Z INFO HostContext] Well known directory 'Bin': 'E:\devops\Complete Terraform\terraform\terraform 15AUG\terraform15Aug\actions-runner\bin'
[2026-08-17 20:30:34Z INFO HostContext] Well known directory 'Root': 'E:\devops\Complete Terraform\terraform\terraform 15AUG\terraform15Aug\actions-runner'
[2026-08-17 20:30:34Z INFO HostContext] Well known directory 'Externals': 'E:\devops\Complete Terraform\terraform\terraform 15AUG\terraform15Aug\actions-runner\externals'
[2026-08-17 20:30:34Z INFO ProcessInvokerWrapper] Starting process:
[2026-08-17 20:30:34Z INFO ProcessInvokerWrapper]   File name: 'E:\devops\Complete Terraform\terraform\terraform 15AUG\terraform15Aug\actions-runner\externals\node24\bin\node.exe'
[2026-08-17 20:30:34Z INFO ProcessInvokerWrapper]   Arguments: '"E:\devops\Complete Terraform\terraform\terraform 15AUG\terraform15Aug\actions-runner\_work\_actions\actions\checkout\v4\dist/index.js"'
[2026-08-17 20:30:34Z INFO ProcessInvokerWrapper]   Working directory: 'E:\devops\Complete Terraform\terraform\terraform 15AUG\terraform15Aug\actions-runner\_work\terraform15Aug\terraform15Aug'
[2026-08-17 20:30:34Z INFO ProcessInvokerWrapper]   Require exit code zero: 'False'
[2026-08-17 20:30:34Z INFO ProcessInvokerWrapper]   Encoding web name: utf-8 ; code page: '65001'
[2026-08-17 20:30:34Z INFO ProcessInvokerWrapper]   Force kill process on cancellation: 'False'
[2026-08-17 20:30:34Z INFO ProcessInvokerWrapper]   Redirected STDIN: 'False'
[2026-08-17 20:30:34Z INFO ProcessInvokerWrapper]   Persist current code page: 'True'
[2026-08-17 20:30:34Z INFO ProcessInvokerWrapper]   Keep redirected STDIN open: 'False'
[2026-08-17 20:30:34Z INFO ProcessInvokerWrapper]   High priority process: 'False'
[2026-08-17 20:30:34Z INFO JobServerQueue] Try to append 1 batches web console lines for record '0040a36f-5454-40fe-a33f-d58850c6d1be', success rate: 1/1.
[2026-08-17 20:30:34Z INFO JobServerQueue] Got a step log file to send to results service.
[2026-08-17 20:30:34Z INFO JobServerQueue] Try to upload 1 log files or attachments, success rate: 1/1.
[2026-08-17 20:30:34Z INFO JobServerQueue] Starting upload of step log file to results service ResultsLog, E:\devops\Complete Terraform\terraform\terraform 15AUG\terraform15Aug\actions-runner\_diag\blocks\00c0bdd4-47af-4be1-94c5-22e28cceea00_c01943d4-8f48-434d-b7c8-f88f76217cec.1
[2026-08-17 20:30:37Z INFO JobServerQueue] Tried to upload 1 file(s) to results, success rate: 1/1.
[2026-08-17 20:30:40Z INFO ProcessInvokerWrapper] Process started with process id 8412, waiting for process exit.
[2026-08-17 20:30:40Z INFO AddMaskCommandExtension] Add new secret mask with length of 524
[2026-08-17 20:30:40Z INFO JobServerQueue] Try to append 1 batches web console lines for record '0040a36f-5454-40fe-a33f-d58850c6d1be', success rate: 1/1.
[2026-08-17 20:30:41Z INFO JobServerQueue] Try to append 1 batches web console lines for record '0040a36f-5454-40fe-a33f-d58850c6d1be', success rate: 1/1.
[2026-08-17 20:30:41Z INFO JobServerQueue] Try to append 1 batches web console lines for record '0040a36f-5454-40fe-a33f-d58850c6d1be', success rate: 1/1.
[2026-08-17 20:30:41Z INFO JobServerQueue] Try to append 1 batches web console lines for record '0040a36f-5454-40fe-a33f-d58850c6d1be', success rate: 1/1.
[2026-08-17 20:30:43Z INFO JobServerQueue] Try to append 1 batches web console lines for record '0040a36f-5454-40fe-a33f-d58850c6d1be', success rate: 1/1.
[2026-08-17 20:30:43Z INFO HostContext] Well known directory 'Bin': 'E:\devops\Complete Terraform\terraform\terraform 15AUG\terraform15Aug\actions-runner\bin'
[2026-08-17 20:30:43Z INFO HostContext] Well known directory 'Root': 'E:\devops\Complete Terraform\terraform\terraform 15AUG\terraform15Aug\actions-runner'
[2026-08-17 20:30:43Z INFO HostContext] Well known directory 'Work': 'E:\devops\Complete Terraform\terraform\terraform 15AUG\terraform15Aug\actions-runner\_work'
[2026-08-17 20:30:45Z INFO JobServerQueue] Try to append 1 batches web console lines for record '0040a36f-5454-40fe-a33f-d58850c6d1be', success rate: 1/1.
[2026-08-17 20:30:45Z INFO JobServerQueue] Try to append 1 batches web console lines for record '0040a36f-5454-40fe-a33f-d58850c6d1be', success rate: 1/1.
[2026-08-17 20:30:47Z INFO JobServerQueue] Try to append 1 batches web console lines for record '0040a36f-5454-40fe-a33f-d58850c6d1be', success rate: 1/1.
[2026-08-17 20:30:47Z INFO JobServerQueue] Try to append 1 batches web console lines for record '0040a36f-5454-40fe-a33f-d58850c6d1be', success rate: 1/1.
[2026-08-17 20:30:53Z INFO HostContext] Well known directory 'Bin': 'E:\devops\Complete Terraform\terraform\terraform 15AUG\terraform15Aug\actions-runner\bin'
[2026-08-17 20:30:53Z INFO HostContext] Well known directory 'Root': 'E:\devops\Complete Terraform\terraform\terraform 15AUG\terraform15Aug\actions-runner'
[2026-08-17 20:30:53Z INFO HostContext] Well known directory 'Work': 'E:\devops\Complete Terraform\terraform\terraform 15AUG\terraform15Aug\actions-runner\_work'
[2026-08-17 20:31:03Z INFO HostContext] Well known directory 'Bin': 'E:\devops\Complete Terraform\terraform\terraform 15AUG\terraform15Aug\actions-runner\bin'
[2026-08-17 20:31:03Z INFO HostContext] Well known directory 'Root': 'E:\devops\Complete Terraform\terraform\terraform 15AUG\terraform15Aug\actions-runner'
[2026-08-17 20:31:03Z INFO HostContext] Well known directory 'Work': 'E:\devops\Complete Terraform\terraform\terraform 15AUG\terraform15Aug\actions-runner\_work'
[2026-08-17 20:31:13Z INFO HostContext] Well known directory 'Bin': 'E:\devops\Complete Terraform\terraform\terraform 15AUG\terraform15Aug\actions-runner\bin'
[2026-08-17 20:31:13Z INFO HostContext] Well known directory 'Root': 'E:\devops\Complete Terraform\terraform\terraform 15AUG\terraform15Aug\actions-runner'
[2026-08-17 20:31:13Z INFO HostContext] Well known directory 'Work': 'E:\devops\Complete Terraform\terraform\terraform 15AUG\terraform15Aug\actions-runner\_work'
[2026-08-17 20:31:23Z INFO HostContext] Well known directory 'Bin': 'E:\devops\Complete Terraform\terraform\terraform 15AUG\terraform15Aug\actions-runner\bin'
[2026-08-17 20:31:23Z INFO HostContext] Well known directory 'Root': 'E:\devops\Complete Terraform\terraform\terraform 15AUG\terraform15Aug\actions-runner'
[2026-08-17 20:31:23Z INFO HostContext] Well known directory 'Work': 'E:\devops\Complete Terraform\terraform\terraform 15AUG\terraform15Aug\actions-runner\_work'
[2026-08-17 20:31:32Z INFO JobServerQueue] Stop aggressive process web console line queue.
[2026-08-17 20:31:33Z INFO HostContext] Well known directory 'Bin': 'E:\devops\Complete Terraform\terraform\terraform 15AUG\terraform15Aug\actions-runner\bin'
[2026-08-17 20:31:33Z INFO HostContext] Well known directory 'Root': 'E:\devops\Complete Terraform\terraform\terraform 15AUG\terraform15Aug\actions-runner'
[2026-08-17 20:31:33Z INFO HostContext] Well known directory 'Work': 'E:\devops\Complete Terraform\terraform\terraform 15AUG\terraform15Aug\actions-runner\_work'
[2026-08-17 20:31:44Z INFO HostContext] Well known directory 'Bin': 'E:\devops\Complete Terraform\terraform\terraform 15AUG\terraform15Aug\actions-runner\bin'
[2026-08-17 20:31:44Z INFO HostContext] Well known directory 'Root': 'E:\devops\Complete Terraform\terraform\terraform 15AUG\terraform15Aug\actions-runner'
[2026-08-17 20:31:44Z INFO HostContext] Well known directory 'Work': 'E:\devops\Complete Terraform\terraform\terraform 15AUG\terraform15Aug\actions-runner\_work'
[2026-08-17 20:31:54Z INFO HostContext] Well known directory 'Bin': 'E:\devops\Complete Terraform\terraform\terraform 15AUG\terraform15Aug\actions-runner\bin'
[2026-08-17 20:31:54Z INFO HostContext] Well known directory 'Root': 'E:\devops\Complete Terraform\terraform\terraform 15AUG\terraform15Aug\actions-runner'
[2026-08-17 20:31:54Z INFO HostContext] Well known directory 'Work': 'E:\devops\Complete Terraform\terraform\terraform 15AUG\terraform15Aug\actions-runner\_work'
[2026-08-17 20:32:04Z INFO HostContext] Well known directory 'Bin': 'E:\devops\Complete Terraform\terraform\terraform 15AUG\terraform15Aug\actions-runner\bin'
[2026-08-17 20:32:04Z INFO HostContext] Well known directory 'Root': 'E:\devops\Complete Terraform\terraform\terraform 15AUG\terraform15Aug\actions-runner'
[2026-08-17 20:32:04Z INFO HostContext] Well known directory 'Work': 'E:\devops\Complete Terraform\terraform\terraform 15AUG\terraform15Aug\actions-runner\_work'
[2026-08-17 20:32:14Z INFO HostContext] Well known directory 'Bin': 'E:\devops\Complete Terraform\terraform\terraform 15AUG\terraform15Aug\actions-runner\bin'
[2026-08-17 20:32:14Z INFO HostContext] Well known directory 'Root': 'E:\devops\Complete Terraform\terraform\terraform 15AUG\terraform15Aug\actions-runner'
[2026-08-17 20:32:14Z INFO HostContext] Well known directory 'Work': 'E:\devops\Complete Terraform\terraform\terraform 15AUG\terraform15Aug\actions-runner\_work'
[2026-08-17 20:32:22Z INFO JobServerQueue] Try to append 1 batches web console lines for record '0040a36f-5454-40fe-a33f-d58850c6d1be', success rate: 1/1.
[2026-08-17 20:32:23Z INFO JobServerQueue] Try to append 1 batches web console lines for record '0040a36f-5454-40fe-a33f-d58850c6d1be', success rate: 1/1.
[2026-08-17 20:32:23Z INFO JobServerQueue] Try to append 1 batches web console lines for record '0040a36f-5454-40fe-a33f-d58850c6d1be', success rate: 1/1.
[2026-08-17 20:32:24Z INFO HostContext] Well known directory 'Bin': 'E:\devops\Complete Terraform\terraform\terraform 15AUG\terraform15Aug\actions-runner\bin'
[2026-08-17 20:32:24Z INFO HostContext] Well known directory 'Root': 'E:\devops\Complete Terraform\terraform\terraform 15AUG\terraform15Aug\actions-runner'
[2026-08-17 20:32:24Z INFO HostContext] Well known directory 'Work': 'E:\devops\Complete Terraform\terraform\terraform 15AUG\terraform15Aug\actions-runner\_work'
[2026-08-17 20:32:24Z INFO JobServerQueue] Try to append 1 batches web console lines for record '0040a36f-5454-40fe-a33f-d58850c6d1be', success rate: 1/1.
[2026-08-17 20:32:25Z INFO JobServerQueue] Try to append 1 batches web console lines for record '0040a36f-5454-40fe-a33f-d58850c6d1be', success rate: 1/1.
[2026-08-17 20:32:26Z INFO JobServerQueue] Try to append 1 batches web console lines for record '0040a36f-5454-40fe-a33f-d58850c6d1be', success rate: 1/1.
[2026-08-17 20:32:27Z INFO JobServerQueue] Try to append 1 batches web console lines for record '0040a36f-5454-40fe-a33f-d58850c6d1be', success rate: 1/1.
[2026-08-17 20:32:27Z INFO ProcessInvokerWrapper] STDOUT/STDERR stream read finished.
[2026-08-17 20:32:27Z INFO ProcessInvokerWrapper] STDOUT/STDERR stream read finished.
[2026-08-17 20:32:27Z INFO ProcessInvokerWrapper] Finished process 8412 with exit code 0, and elapsed time 00:01:52.8637350.
[2026-08-17 20:32:27Z INFO CreateStepSummaryCommand] Step Summary file (E:\devops\Complete Terraform\terraform\terraform 15AUG\terraform15Aug\actions-runner\_work\_temp\_runner_file_commands\step_summary_182ffdc1-d650-45f2-a6c0-1e3c0bc7d833) is empty; skipping attachment upload
[2026-08-17 20:32:27Z INFO StepsRunner] Step result: 
[2026-08-17 20:32:27Z INFO ExecutionContext] Publish step telemetry for current step {
  "action": "actions/checkout",
  "ref": "v4",
  "type": "node24",
  "stage": "Main",
  "stepId": "0040a36f-5454-40fe-a33f-d58850c6d1be",
  "stepContextName": "__actions_checkout",
  "hasPreStep": false,
  "hasPostStep": true,
  "result": "succeeded",
  "errorMessages": [],
  "executionTimeInSeconds": 114,
  "startTime": "2026-08-17T20:30:33.9546985Z",
  "finishTime": "2026-08-17T20:32:27.0510638Z"
}.
[2026-08-17 20:32:27Z INFO StepsRunner] No need for updating job result with current step result 'Succeeded'.
[2026-08-17 20:32:27Z INFO StepsRunner] Current state: job state = ''
[2026-08-17 20:32:27Z INFO StepsRunner] Processing step: DisplayName='Setup Terraform'
[2026-08-17 20:32:27Z INFO StepsRunner] Evaluating: success()
[2026-08-17 20:32:27Z INFO StepsRunner] Result: true
[2026-08-17 20:32:27Z INFO StepsRunner] Starting the step.
[2026-08-17 20:32:27Z INFO HostContext] Well known directory 'Bin': 'E:\devops\Complete Terraform\terraform\terraform 15AUG\terraform15Aug\actions-runner\bin'
[2026-08-17 20:32:27Z INFO HostContext] Well known directory 'Root': 'E:\devops\Complete Terraform\terraform\terraform 15AUG\terraform15Aug\actions-runner'
[2026-08-17 20:32:27Z INFO HostContext] Well known directory 'Work': 'E:\devops\Complete Terraform\terraform\terraform 15AUG\terraform15Aug\actions-runner\_work'
[2026-08-17 20:32:27Z INFO StepsRunner] Which2: 'chcp'
[2026-08-17 20:32:27Z INFO StepsRunner] Location: 'C:\Windows\system32\chcp.COM'
[2026-08-17 20:32:27Z INFO ProcessInvokerWrapper] Starting process:
[2026-08-17 20:32:27Z INFO ProcessInvokerWrapper]   File name: 'C:\Windows\system32\chcp.COM'
[2026-08-17 20:32:27Z INFO ProcessInvokerWrapper]   Arguments: '65001'
[2026-08-17 20:32:27Z INFO ProcessInvokerWrapper]   Working directory: 'E:\devops\Complete Terraform\terraform\terraform 15AUG\terraform15Aug\actions-runner\_work'
[2026-08-17 20:32:27Z INFO ProcessInvokerWrapper]   Require exit code zero: 'False'
[2026-08-17 20:32:27Z INFO ProcessInvokerWrapper]   Encoding web name:  ; code page: ''
[2026-08-17 20:32:27Z INFO ProcessInvokerWrapper]   Force kill process on cancellation: 'False'
[2026-08-17 20:32:27Z INFO ProcessInvokerWrapper]   Redirected STDIN: 'False'
[2026-08-17 20:32:27Z INFO ProcessInvokerWrapper]   Persist current code page: 'True'
[2026-08-17 20:32:27Z INFO ProcessInvokerWrapper]   Keep redirected STDIN open: 'False'
[2026-08-17 20:32:27Z INFO ProcessInvokerWrapper]   High priority process: 'False'
[2026-08-17 20:32:27Z INFO ProcessInvokerWrapper] Process started with process id 13564, waiting for process exit.
[2026-08-17 20:32:27Z INFO ProcessInvokerWrapper] STDOUT/STDERR stream read finished.
[2026-08-17 20:32:27Z INFO ProcessInvokerWrapper] STDOUT/STDERR stream read finished.
[2026-08-17 20:32:27Z INFO ProcessInvokerWrapper] Finished process 13564 with exit code 0, and elapsed time 00:00:00.0454390.
[2026-08-17 20:32:27Z INFO StepsRunner] Successfully returned to code page 65001 (UTF8)
[2026-08-17 20:32:27Z INFO HostContext] Well known directory 'Bin': 'E:\devops\Complete Terraform\terraform\terraform 15AUG\terraform15Aug\actions-runner\bin'
[2026-08-17 20:32:27Z INFO HostContext] Well known directory 'Root': 'E:\devops\Complete Terraform\terraform\terraform 15AUG\terraform15Aug\actions-runner'
[2026-08-17 20:32:27Z INFO HostContext] Well known directory 'Work': 'E:\devops\Complete Terraform\terraform\terraform 15AUG\terraform15Aug\actions-runner\_work'
[2026-08-17 20:32:27Z INFO HostContext] Well known directory 'Actions': 'E:\devops\Complete Terraform\terraform\terraform 15AUG\terraform15Aug\actions-runner\_work\_actions'
[2026-08-17 20:32:27Z INFO ActionManager] Load action that reference repository from 'E:\devops\Complete Terraform\terraform\terraform 15AUG\terraform15Aug\actions-runner\_work\_actions\hashicorp\setup-terraform\v3'
[2026-08-17 20:32:27Z INFO HostContext] Well known directory 'Bin': 'E:\devops\Complete Terraform\terraform\terraform 15AUG\terraform15Aug\actions-runner\bin'
[2026-08-17 20:32:27Z INFO HostContext] Well known directory 'Root': 'E:\devops\Complete Terraform\terraform\terraform 15AUG\terraform15Aug\actions-runner'
[2026-08-17 20:32:27Z INFO HostContext] Well known directory 'Work': 'E:\devops\Complete Terraform\terraform\terraform 15AUG\terraform15Aug\actions-runner\_work'
[2026-08-17 20:32:27Z INFO HostContext] Well known directory 'Actions': 'E:\devops\Complete Terraform\terraform\terraform 15AUG\terraform15Aug\actions-runner\_work\_actions'
[2026-08-17 20:32:27Z INFO ActionManifestManagerLegacy] Ignore action property author.
[2026-08-17 20:32:27Z INFO ActionManifestManagerLegacy] Ignore action property branding.
[2026-08-17 20:32:27Z INFO ActionManifestManagerLegacy] Loaded action.yml file: {
  "name": "HashiCorp - Setup Terraform",
  "description": "Sets up Terraform CLI in your GitHub Actions workflow.",
  "inputs": {
    "type": 2,
    "map": [
      {
        "key": {
          "type": 0,
          "file": 3,
          "line": 5,
          "col": 3,
          "lit": "cli_config_credentials_hostname"
        },
        "value": {
          "type": 0,
          "file": 3,
          "line": 7,
          "col": 14,
          "lit": "app.terraform.io"
        }
      },
      {
        "key": {
          "type": 0,
          "file": 3,
          "line": 9,
          "col": 3,
          "lit": "cli_config_credentials_token"
        },
        "value": ""
      },
      {
        "key": {
          "type": 0,
          "file": 3,
          "line": 12,
          "col": 3,
          "lit": "terraform_version"
        },
        "value": {
          "type": 0,
          "file": 3,
          "line": 14,
          "col": 14,
          "lit": "latest"
        }
      },
      {
        "key": {
          "type": 0,
          "file": 3,
          "line": 16,
          "col": 3,
          "lit": "terraform_wrapper"
        },
        "value": {
          "type": 0,
          "file": 3,
          "line": 18,
          "col": 14,
          "lit": "true"
        }
      }
    ]
  },
  "execution": {
    "executionType": "nodeJS",
    "hasPre": false,
    "hasPost": false,
    "script": "dist/index.js",
    "pre": null,
    "post": null,
    "nodeVersion": "node20",
    "cleanupCondition": "always()",
    "initCondition": "always()"
  },
  "deprecated": null
}
[2026-08-17 20:32:27Z INFO ActionManager] Action pre node.js file: N/A.
[2026-08-17 20:32:27Z INFO ActionManager] Action node.js file: dist/index.js.
[2026-08-17 20:32:27Z INFO ActionManager] Action post node.js file: N/A.
[2026-08-17 20:32:27Z INFO HostContext] Well known directory 'Bin': 'E:\devops\Complete Terraform\terraform\terraform 15AUG\terraform15Aug\actions-runner\bin'
[2026-08-17 20:32:27Z INFO HostContext] Well known directory 'Root': 'E:\devops\Complete Terraform\terraform\terraform 15AUG\terraform15Aug\actions-runner'
[2026-08-17 20:32:27Z INFO HostContext] Well known directory 'Work': 'E:\devops\Complete Terraform\terraform\terraform 15AUG\terraform15Aug\actions-runner\_work'
[2026-08-17 20:32:27Z INFO HostContext] Well known directory 'Temp': 'E:\devops\Complete Terraform\terraform\terraform 15AUG\terraform15Aug\actions-runner\_work\_temp'
[2026-08-17 20:32:27Z INFO ExecutionContext] Write event payload to E:\devops\Complete Terraform\terraform\terraform 15AUG\terraform15Aug\actions-runner\_work\_temp\_github_workflow\event.json
[2026-08-17 20:32:27Z INFO HostContext] Well known directory 'Bin': 'E:\devops\Complete Terraform\terraform\terraform 15AUG\terraform15Aug\actions-runner\bin'
[2026-08-17 20:32:27Z INFO HostContext] Well known directory 'Root': 'E:\devops\Complete Terraform\terraform\terraform 15AUG\terraform15Aug\actions-runner'
[2026-08-17 20:32:27Z INFO HostContext] Well known directory 'Work': 'E:\devops\Complete Terraform\terraform\terraform 15AUG\terraform15Aug\actions-runner\_work'
[2026-08-17 20:32:27Z INFO HostContext] Well known directory 'Temp': 'E:\devops\Complete Terraform\terraform\terraform 15AUG\terraform15Aug\actions-runner\_work\_temp'
[2026-08-17 20:32:27Z INFO ExtensionManager] Getting extensions for interface: 'GitHub.Runner.Worker.IFileCommandExtension'
[2026-08-17 20:32:27Z INFO ActionManifestManagerLegacy] Input 'cli_config_credentials_hostname': default value evaluate result: {
  "type": 0,
  "file": 3,
  "line": 7,
  "col": 14,
  "lit": "app.terraform.io"
}
[2026-08-17 20:32:27Z INFO ActionManifestManagerLegacy] Input 'cli_config_credentials_token': default value evaluate result: ""
[2026-08-17 20:32:27Z INFO ActionManifestManagerLegacy] Input 'terraform_version': default value evaluate result: {
  "type": 0,
  "file": 3,
  "line": 14,
  "col": 14,
  "lit": "latest"
}
[2026-08-17 20:32:27Z INFO ActionManifestManagerLegacy] Input 'terraform_wrapper': default value evaluate result: {
  "type": 0,
  "file": 3,
  "line": 18,
  "col": 14,
  "lit": "true"
}
[2026-08-17 20:32:27Z INFO ExtensionManager] Getting extensions for interface: 'GitHub.Runner.Worker.IActionCommandExtension'
[2026-08-17 20:32:27Z INFO ActionCommandManager] Register action command extension for command internal-set-repo-path
[2026-08-17 20:32:27Z INFO ActionCommandManager] Register action command extension for command set-env
[2026-08-17 20:32:27Z INFO ActionCommandManager] Register action command extension for command set-output
[2026-08-17 20:32:27Z INFO ActionCommandManager] Register action command extension for command save-state
[2026-08-17 20:32:27Z INFO ActionCommandManager] Register action command extension for command add-path
[2026-08-17 20:32:27Z INFO ActionCommandManager] Register action command extension for command add-mask
[2026-08-17 20:32:27Z INFO ActionCommandManager] Register action command extension for command add-matcher
[2026-08-17 20:32:27Z INFO ActionCommandManager] Register action command extension for command remove-matcher
[2026-08-17 20:32:27Z INFO ActionCommandManager] Register action command extension for command warning
[2026-08-17 20:32:27Z INFO ActionCommandManager] Register action command extension for command error
[2026-08-17 20:32:27Z INFO ActionCommandManager] Register action command extension for command notice
[2026-08-17 20:32:27Z INFO ActionCommandManager] Register action command extension for command debug
[2026-08-17 20:32:27Z INFO ActionCommandManager] Register action command extension for command group
[2026-08-17 20:32:27Z INFO ActionCommandManager] Register action command extension for command endgroup
[2026-08-17 20:32:27Z INFO ActionCommandManager] Register action command extension for command echo
[2026-08-17 20:32:27Z INFO HostContext] Well known directory 'Bin': 'E:\devops\Complete Terraform\terraform\terraform 15AUG\terraform15Aug\actions-runner\bin'
[2026-08-17 20:32:27Z INFO HostContext] Well known directory 'Root': 'E:\devops\Complete Terraform\terraform\terraform 15AUG\terraform15Aug\actions-runner'
[2026-08-17 20:32:27Z INFO HostContext] Well known directory 'Externals': 'E:\devops\Complete Terraform\terraform\terraform 15AUG\terraform15Aug\actions-runner\externals'
[2026-08-17 20:32:27Z INFO ProcessInvokerWrapper] Starting process:
[2026-08-17 20:32:27Z INFO ProcessInvokerWrapper]   File name: 'E:\devops\Complete Terraform\terraform\terraform 15AUG\terraform15Aug\actions-runner\externals\node24\bin\node.exe'
[2026-08-17 20:32:27Z INFO ProcessInvokerWrapper]   Arguments: '"E:\devops\Complete Terraform\terraform\terraform 15AUG\terraform15Aug\actions-runner\_work\_actions\hashicorp\setup-terraform\v3\dist/index.js"'
[2026-08-17 20:32:27Z INFO ProcessInvokerWrapper]   Working directory: 'E:\devops\Complete Terraform\terraform\terraform 15AUG\terraform15Aug\actions-runner\_work\terraform15Aug\terraform15Aug'
[2026-08-17 20:32:27Z INFO ProcessInvokerWrapper]   Require exit code zero: 'False'
[2026-08-17 20:32:27Z INFO ProcessInvokerWrapper]   Encoding web name: utf-8 ; code page: '65001'
[2026-08-17 20:32:27Z INFO ProcessInvokerWrapper]   Force kill process on cancellation: 'False'
[2026-08-17 20:32:27Z INFO ProcessInvokerWrapper]   Redirected STDIN: 'False'
[2026-08-17 20:32:27Z INFO ProcessInvokerWrapper]   Persist current code page: 'True'
[2026-08-17 20:32:27Z INFO ProcessInvokerWrapper]   Keep redirected STDIN open: 'False'
[2026-08-17 20:32:27Z INFO ProcessInvokerWrapper]   High priority process: 'False'
[2026-08-17 20:32:27Z INFO ProcessInvokerWrapper] Process started with process id 8288, waiting for process exit.
[2026-08-17 20:32:27Z INFO JobServerQueue] Got a step log file to send to results service.
[2026-08-17 20:32:27Z INFO JobServerQueue] Starting upload of step log file to results service ResultsLog, E:\devops\Complete Terraform\terraform\terraform 15AUG\terraform15Aug\actions-runner\_diag\blocks\00c0bdd4-47af-4be1-94c5-22e28cceea00_0040a36f-5454-40fe-a33f-d58850c6d1be.1
[2026-08-17 20:32:27Z INFO JobServerQueue] Try to append 1 batches web console lines for record '822bbb75-f60e-4586-af2e-04ffcf4002b8', success rate: 1/1.
[2026-08-17 20:32:27Z INFO JobServerQueue] Try to upload 1 log files or attachments, success rate: 1/1.
[2026-08-17 20:32:28Z INFO JobServerQueue] Try to append 1 batches web console lines for record '822bbb75-f60e-4586-af2e-04ffcf4002b8', success rate: 1/1.
[2026-08-17 20:32:30Z INFO JobServerQueue] Tried to upload 1 file(s) to results, success rate: 1/1.
[2026-08-17 20:32:34Z INFO HostContext] Well known directory 'Bin': 'E:\devops\Complete Terraform\terraform\terraform 15AUG\terraform15Aug\actions-runner\bin'
[2026-08-17 20:32:34Z INFO HostContext] Well known directory 'Root': 'E:\devops\Complete Terraform\terraform\terraform 15AUG\terraform15Aug\actions-runner'
[2026-08-17 20:32:34Z INFO HostContext] Well known directory 'Work': 'E:\devops\Complete Terraform\terraform\terraform 15AUG\terraform15Aug\actions-runner\_work'
[2026-08-17 20:32:40Z INFO JobServerQueue] Try to append 1 batches web console lines for record '822bbb75-f60e-4586-af2e-04ffcf4002b8', success rate: 1/1.
[2026-08-17 20:32:44Z INFO HostContext] Well known directory 'Bin': 'E:\devops\Complete Terraform\terraform\terraform 15AUG\terraform15Aug\actions-runner\bin'
[2026-08-17 20:32:44Z INFO HostContext] Well known directory 'Root': 'E:\devops\Complete Terraform\terraform\terraform 15AUG\terraform15Aug\actions-runner'
[2026-08-17 20:32:44Z INFO HostContext] Well known directory 'Work': 'E:\devops\Complete Terraform\terraform\terraform 15AUG\terraform15Aug\actions-runner\_work'
[2026-08-17 20:32:44Z INFO ProcessInvokerWrapper] STDOUT/STDERR stream read finished.
[2026-08-17 20:32:44Z INFO ProcessInvokerWrapper] STDOUT/STDERR stream read finished.
[2026-08-17 20:32:44Z INFO ProcessInvokerWrapper] Finished process 8288 with exit code 0, and elapsed time 00:00:17.4478346.
[2026-08-17 20:32:44Z INFO CreateStepSummaryCommand] Step Summary file (E:\devops\Complete Terraform\terraform\terraform 15AUG\terraform15Aug\actions-runner\_work\_temp\_runner_file_commands\step_summary_2f395cf6-cc40-46ec-a0b3-a3edb20f5e87) is empty; skipping attachment upload
[2026-08-17 20:32:44Z INFO StepsRunner] Step result: 
[2026-08-17 20:32:44Z INFO ExecutionContext] Publish step telemetry for current step {
  "action": "hashicorp/setup-terraform",
  "ref": "v3",
  "type": "node24",
  "stage": "Main",
  "stepId": "822bbb75-f60e-4586-af2e-04ffcf4002b8",
  "stepContextName": "__hashicorp_setup-terraform",
  "hasPreStep": false,
  "hasPostStep": false,
  "result": "succeeded",
  "errorMessages": [],
  "executionTimeInSeconds": 18,
  "startTime": "2026-08-17T20:32:27.0570391Z",
  "finishTime": "2026-08-17T20:32:44.5735513Z"
}.
[2026-08-17 20:32:44Z INFO StepsRunner] No need for updating job result with current step result 'Succeeded'.
[2026-08-17 20:32:44Z INFO StepsRunner] Current state: job state = ''
[2026-08-17 20:32:44Z INFO StepsRunner] Processing step: DisplayName='Terraform Format Check'
[2026-08-17 20:32:44Z INFO StepsRunner] Evaluating: success()
[2026-08-17 20:32:44Z INFO StepsRunner] Result: true
[2026-08-17 20:32:44Z INFO StepsRunner] Starting the step.
[2026-08-17 20:32:44Z INFO HostContext] Well known directory 'Bin': 'E:\devops\Complete Terraform\terraform\terraform 15AUG\terraform15Aug\actions-runner\bin'
[2026-08-17 20:32:44Z INFO HostContext] Well known directory 'Root': 'E:\devops\Complete Terraform\terraform\terraform 15AUG\terraform15Aug\actions-runner'
[2026-08-17 20:32:44Z INFO HostContext] Well known directory 'Work': 'E:\devops\Complete Terraform\terraform\terraform 15AUG\terraform15Aug\actions-runner\_work'
[2026-08-17 20:32:44Z INFO StepsRunner] Which2: 'chcp'
[2026-08-17 20:32:44Z INFO StepsRunner] Location: 'C:\Windows\system32\chcp.COM'
[2026-08-17 20:32:44Z INFO ProcessInvokerWrapper] Starting process:
[2026-08-17 20:32:44Z INFO ProcessInvokerWrapper]   File name: 'C:\Windows\system32\chcp.COM'
[2026-08-17 20:32:44Z INFO ProcessInvokerWrapper]   Arguments: '65001'
[2026-08-17 20:32:44Z INFO ProcessInvokerWrapper]   Working directory: 'E:\devops\Complete Terraform\terraform\terraform 15AUG\terraform15Aug\actions-runner\_work'
[2026-08-17 20:32:44Z INFO ProcessInvokerWrapper]   Require exit code zero: 'False'
[2026-08-17 20:32:44Z INFO ProcessInvokerWrapper]   Encoding web name:  ; code page: ''
[2026-08-17 20:32:44Z INFO ProcessInvokerWrapper]   Force kill process on cancellation: 'False'
[2026-08-17 20:32:44Z INFO ProcessInvokerWrapper]   Redirected STDIN: 'False'
[2026-08-17 20:32:44Z INFO ProcessInvokerWrapper]   Persist current code page: 'True'
[2026-08-17 20:32:44Z INFO ProcessInvokerWrapper]   Keep redirected STDIN open: 'False'
[2026-08-17 20:32:44Z INFO ProcessInvokerWrapper]   High priority process: 'False'
[2026-08-17 20:32:44Z INFO ProcessInvokerWrapper] Process started with process id 2604, waiting for process exit.
[2026-08-17 20:32:44Z INFO ProcessInvokerWrapper] STDOUT/STDERR stream read finished.
[2026-08-17 20:32:44Z INFO ProcessInvokerWrapper] STDOUT/STDERR stream read finished.
[2026-08-17 20:32:44Z INFO ProcessInvokerWrapper] Finished process 2604 with exit code 0, and elapsed time 00:00:00.0275701.
[2026-08-17 20:32:44Z INFO StepsRunner] Successfully returned to code page 65001 (UTF8)
[2026-08-17 20:32:44Z INFO HostContext] Well known directory 'Bin': 'E:\devops\Complete Terraform\terraform\terraform 15AUG\terraform15Aug\actions-runner\bin'
[2026-08-17 20:32:44Z INFO HostContext] Well known directory 'Root': 'E:\devops\Complete Terraform\terraform\terraform 15AUG\terraform15Aug\actions-runner'
[2026-08-17 20:32:44Z INFO HostContext] Well known directory 'Work': 'E:\devops\Complete Terraform\terraform\terraform 15AUG\terraform15Aug\actions-runner\_work'
[2026-08-17 20:32:44Z INFO HostContext] Well known directory 'Temp': 'E:\devops\Complete Terraform\terraform\terraform 15AUG\terraform15Aug\actions-runner\_work\_temp'
[2026-08-17 20:32:44Z INFO ExecutionContext] Write event payload to E:\devops\Complete Terraform\terraform\terraform 15AUG\terraform15Aug\actions-runner\_work\_temp\_github_workflow\event.json
[2026-08-17 20:32:44Z INFO HostContext] Well known directory 'Bin': 'E:\devops\Complete Terraform\terraform\terraform 15AUG\terraform15Aug\actions-runner\bin'
[2026-08-17 20:32:44Z INFO HostContext] Well known directory 'Root': 'E:\devops\Complete Terraform\terraform\terraform 15AUG\terraform15Aug\actions-runner'
[2026-08-17 20:32:44Z INFO HostContext] Well known directory 'Work': 'E:\devops\Complete Terraform\terraform\terraform 15AUG\terraform15Aug\actions-runner\_work'
[2026-08-17 20:32:44Z INFO HostContext] Well known directory 'Temp': 'E:\devops\Complete Terraform\terraform\terraform 15AUG\terraform15Aug\actions-runner\_work\_temp'
[2026-08-17 20:32:44Z INFO ExtensionManager] Getting extensions for interface: 'GitHub.Runner.Worker.IFileCommandExtension'
[2026-08-17 20:32:44Z INFO ExtensionManager] Getting extensions for interface: 'GitHub.Runner.Worker.IActionCommandExtension'
[2026-08-17 20:32:44Z INFO ActionCommandManager] Register action command extension for command internal-set-repo-path
[2026-08-17 20:32:44Z INFO ActionCommandManager] Register action command extension for command set-env
[2026-08-17 20:32:44Z INFO ActionCommandManager] Register action command extension for command set-output
[2026-08-17 20:32:44Z INFO ActionCommandManager] Register action command extension for command save-state
[2026-08-17 20:32:44Z INFO ActionCommandManager] Register action command extension for command add-path
[2026-08-17 20:32:44Z INFO ActionCommandManager] Register action command extension for command add-mask
[2026-08-17 20:32:44Z INFO ActionCommandManager] Register action command extension for command add-matcher
[2026-08-17 20:32:44Z INFO ActionCommandManager] Register action command extension for command remove-matcher
[2026-08-17 20:32:44Z INFO ActionCommandManager] Register action command extension for command warning
[2026-08-17 20:32:44Z INFO ActionCommandManager] Register action command extension for command error
[2026-08-17 20:32:44Z INFO ActionCommandManager] Register action command extension for command notice
[2026-08-17 20:32:44Z INFO ActionCommandManager] Register action command extension for command debug
[2026-08-17 20:32:44Z INFO ActionCommandManager] Register action command extension for command group
[2026-08-17 20:32:44Z INFO ActionCommandManager] Register action command extension for command endgroup
[2026-08-17 20:32:44Z INFO ActionCommandManager] Register action command extension for command echo
[2026-08-17 20:32:44Z INFO ScriptHandler] Which2: 'pwsh'
[2026-08-17 20:32:44Z INFO ScriptHandler] pwsh: command not found. Make sure 'pwsh' is installed and its location included in the 'Path' environment variable.
[2026-08-17 20:32:44Z INFO ScriptHandler] Defaulting to powershell
[2026-08-17 20:32:44Z INFO ScriptHandler] Which2: 'powershell'
[2026-08-17 20:32:44Z INFO ScriptHandler] Location: 'C:\Windows\System32\WindowsPowerShell\v1.0\powershell.EXE'
[2026-08-17 20:32:44Z INFO HostContext] Well known directory 'Bin': 'E:\devops\Complete Terraform\terraform\terraform 15AUG\terraform15Aug\actions-runner\bin'
[2026-08-17 20:32:44Z INFO HostContext] Well known directory 'Root': 'E:\devops\Complete Terraform\terraform\terraform 15AUG\terraform15Aug\actions-runner'
[2026-08-17 20:32:44Z INFO HostContext] Well known directory 'Work': 'E:\devops\Complete Terraform\terraform\terraform 15AUG\terraform15Aug\actions-runner\_work'
[2026-08-17 20:32:44Z INFO HostContext] Well known directory 'Temp': 'E:\devops\Complete Terraform\terraform\terraform 15AUG\terraform15Aug\actions-runner\_work\_temp'
[2026-08-17 20:32:44Z INFO ScriptHandler] Which2: 'pwsh'
[2026-08-17 20:32:44Z INFO ScriptHandler] pwsh: command not found. Make sure 'pwsh' is installed and its location included in the 'Path' environment variable.
[2026-08-17 20:32:44Z INFO ScriptHandler] Defaulting to powershell
[2026-08-17 20:32:44Z INFO ScriptHandler] Which2: 'powershell'
[2026-08-17 20:32:44Z INFO ScriptHandler] Location: 'C:\Windows\System32\WindowsPowerShell\v1.0\powershell.EXE'
[2026-08-17 20:32:44Z INFO ProcessInvokerWrapper] Starting process:
[2026-08-17 20:32:44Z INFO ProcessInvokerWrapper]   File name: 'C:\Windows\System32\WindowsPowerShell\v1.0\powershell.EXE'
[2026-08-17 20:32:44Z INFO ProcessInvokerWrapper]   Arguments: '-command ". 'E:\devops\Complete Terraform\terraform\terraform 15AUG\terraform15Aug\actions-runner\_work\_temp\f9f4183d-b4b9-421e-a4bc-ce1b84a0f92c.ps1'"'
[2026-08-17 20:32:44Z INFO ProcessInvokerWrapper]   Working directory: 'E:\devops\Complete Terraform\terraform\terraform 15AUG\terraform15Aug\actions-runner\_work\terraform15Aug\terraform15Aug\./prod_parent_module'
[2026-08-17 20:32:44Z INFO ProcessInvokerWrapper]   Require exit code zero: 'False'
[2026-08-17 20:32:44Z INFO ProcessInvokerWrapper]   Encoding web name:  ; code page: ''
[2026-08-17 20:32:44Z INFO ProcessInvokerWrapper]   Force kill process on cancellation: 'False'
[2026-08-17 20:32:44Z INFO ProcessInvokerWrapper]   Redirected STDIN: 'False'
[2026-08-17 20:32:44Z INFO ProcessInvokerWrapper]   Persist current code page: 'True'
[2026-08-17 20:32:44Z INFO ProcessInvokerWrapper]   Keep redirected STDIN open: 'False'
[2026-08-17 20:32:44Z INFO ProcessInvokerWrapper]   High priority process: 'False'
[2026-08-17 20:32:44Z INFO JobServerQueue] Try to upload 1 log files or attachments, success rate: 1/1.
[2026-08-17 20:32:44Z INFO ProcessInvokerWrapper] Process started with process id 6452, waiting for process exit.
[2026-08-17 20:32:44Z INFO JobServerQueue] Try to append 1 batches web console lines for record '999eb7aa-5cc0-459b-9098-a42d3f5a0280', success rate: 1/1.
[2026-08-17 20:32:45Z INFO JobServerQueue] Got a step log file to send to results service.
[2026-08-17 20:32:45Z INFO JobServerQueue] Starting upload of step log file to results service ResultsLog, E:\devops\Complete Terraform\terraform\terraform 15AUG\terraform15Aug\actions-runner\_diag\blocks\00c0bdd4-47af-4be1-94c5-22e28cceea00_822bbb75-f60e-4586-af2e-04ffcf4002b8.1
[2026-08-17 20:32:46Z INFO JobServerQueue] Tried to upload 1 file(s) to results, success rate: 1/1.
[2026-08-17 20:32:48Z INFO ProcessInvokerWrapper] STDOUT/STDERR stream read finished.
[2026-08-17 20:32:48Z INFO ProcessInvokerWrapper] STDOUT/STDERR stream read finished.
[2026-08-17 20:32:48Z INFO ProcessInvokerWrapper] Finished process 6452 with exit code 0, and elapsed time 00:00:03.4058660.
[2026-08-17 20:32:48Z INFO CreateStepSummaryCommand] Step Summary file (E:\devops\Complete Terraform\terraform\terraform 15AUG\terraform15Aug\actions-runner\_work\_temp\_runner_file_commands\step_summary_ca8abe1e-bd2b-42a7-babc-dc815df5fc12) is empty; skipping attachment upload
[2026-08-17 20:32:48Z INFO StepsRunner] Step result: 
[2026-08-17 20:32:48Z INFO ExecutionContext] Publish step telemetry for current step {
  "action": "powershell",
  "type": "run",
  "stage": "Main",
  "stepId": "999eb7aa-5cc0-459b-9098-a42d3f5a0280",
  "stepContextName": "__run",
  "result": "succeeded",
  "errorMessages": [],
  "executionTimeInSeconds": 4,
  "startTime": "2026-08-17T20:32:44.5750696Z",
  "finishTime": "2026-08-17T20:32:48.0532726Z"
}.
[2026-08-17 20:32:48Z INFO StepsRunner] No need for updating job result with current step result 'Succeeded'.
[2026-08-17 20:32:48Z INFO StepsRunner] Current state: job state = ''
[2026-08-17 20:32:48Z INFO StepsRunner] Processing step: DisplayName='Terraform Init'
[2026-08-17 20:32:48Z INFO StepsRunner] Evaluating: success()
[2026-08-17 20:32:48Z INFO StepsRunner] Result: true
[2026-08-17 20:32:48Z INFO StepsRunner] Starting the step.
[2026-08-17 20:32:48Z INFO HostContext] Well known directory 'Bin': 'E:\devops\Complete Terraform\terraform\terraform 15AUG\terraform15Aug\actions-runner\bin'
[2026-08-17 20:32:48Z INFO HostContext] Well known directory 'Root': 'E:\devops\Complete Terraform\terraform\terraform 15AUG\terraform15Aug\actions-runner'
[2026-08-17 20:32:48Z INFO HostContext] Well known directory 'Work': 'E:\devops\Complete Terraform\terraform\terraform 15AUG\terraform15Aug\actions-runner\_work'
[2026-08-17 20:32:48Z INFO StepsRunner] Which2: 'chcp'
[2026-08-17 20:32:48Z INFO StepsRunner] Location: 'C:\Windows\system32\chcp.COM'
[2026-08-17 20:32:48Z INFO ProcessInvokerWrapper] Starting process:
[2026-08-17 20:32:48Z INFO ProcessInvokerWrapper]   File name: 'C:\Windows\system32\chcp.COM'
[2026-08-17 20:32:48Z INFO ProcessInvokerWrapper]   Arguments: '65001'
[2026-08-17 20:32:48Z INFO ProcessInvokerWrapper]   Working directory: 'E:\devops\Complete Terraform\terraform\terraform 15AUG\terraform15Aug\actions-runner\_work'
[2026-08-17 20:32:48Z INFO ProcessInvokerWrapper]   Require exit code zero: 'False'
[2026-08-17 20:32:48Z INFO ProcessInvokerWrapper]   Encoding web name:  ; code page: ''
[2026-08-17 20:32:48Z INFO ProcessInvokerWrapper]   Force kill process on cancellation: 'False'
[2026-08-17 20:32:48Z INFO ProcessInvokerWrapper]   Redirected STDIN: 'False'
[2026-08-17 20:32:48Z INFO ProcessInvokerWrapper]   Persist current code page: 'True'
[2026-08-17 20:32:48Z INFO ProcessInvokerWrapper]   Keep redirected STDIN open: 'False'
[2026-08-17 20:32:48Z INFO ProcessInvokerWrapper]   High priority process: 'False'
[2026-08-17 20:32:48Z INFO ProcessInvokerWrapper] Process started with process id 14992, waiting for process exit.
[2026-08-17 20:32:48Z INFO ProcessInvokerWrapper] STDOUT/STDERR stream read finished.
[2026-08-17 20:32:48Z INFO ProcessInvokerWrapper] STDOUT/STDERR stream read finished.
[2026-08-17 20:32:48Z INFO ProcessInvokerWrapper] Finished process 14992 with exit code 0, and elapsed time 00:00:00.0191471.
[2026-08-17 20:32:48Z INFO StepsRunner] Successfully returned to code page 65001 (UTF8)
[2026-08-17 20:32:48Z INFO HostContext] Well known directory 'Bin': 'E:\devops\Complete Terraform\terraform\terraform 15AUG\terraform15Aug\actions-runner\bin'
[2026-08-17 20:32:48Z INFO HostContext] Well known directory 'Root': 'E:\devops\Complete Terraform\terraform\terraform 15AUG\terraform15Aug\actions-runner'
[2026-08-17 20:32:48Z INFO HostContext] Well known directory 'Work': 'E:\devops\Complete Terraform\terraform\terraform 15AUG\terraform15Aug\actions-runner\_work'
[2026-08-17 20:32:48Z INFO HostContext] Well known directory 'Temp': 'E:\devops\Complete Terraform\terraform\terraform 15AUG\terraform15Aug\actions-runner\_work\_temp'
[2026-08-17 20:32:48Z INFO ExecutionContext] Write event payload to E:\devops\Complete Terraform\terraform\terraform 15AUG\terraform15Aug\actions-runner\_work\_temp\_github_workflow\event.json
[2026-08-17 20:32:48Z INFO HostContext] Well known directory 'Bin': 'E:\devops\Complete Terraform\terraform\terraform 15AUG\terraform15Aug\actions-runner\bin'
[2026-08-17 20:32:48Z INFO HostContext] Well known directory 'Root': 'E:\devops\Complete Terraform\terraform\terraform 15AUG\terraform15Aug\actions-runner'
[2026-08-17 20:32:48Z INFO HostContext] Well known directory 'Work': 'E:\devops\Complete Terraform\terraform\terraform 15AUG\terraform15Aug\actions-runner\_work'
[2026-08-17 20:32:48Z INFO HostContext] Well known directory 'Temp': 'E:\devops\Complete Terraform\terraform\terraform 15AUG\terraform15Aug\actions-runner\_work\_temp'
[2026-08-17 20:32:48Z INFO ExtensionManager] Getting extensions for interface: 'GitHub.Runner.Worker.IFileCommandExtension'
[2026-08-17 20:32:48Z INFO ExtensionManager] Getting extensions for interface: 'GitHub.Runner.Worker.IActionCommandExtension'
[2026-08-17 20:32:48Z INFO ActionCommandManager] Register action command extension for command internal-set-repo-path
[2026-08-17 20:32:48Z INFO ActionCommandManager] Register action command extension for command set-env
[2026-08-17 20:32:48Z INFO ActionCommandManager] Register action command extension for command set-output
[2026-08-17 20:32:48Z INFO ActionCommandManager] Register action command extension for command save-state
[2026-08-17 20:32:48Z INFO ActionCommandManager] Register action command extension for command add-path
[2026-08-17 20:32:48Z INFO ActionCommandManager] Register action command extension for command add-mask
[2026-08-17 20:32:48Z INFO ActionCommandManager] Register action command extension for command add-matcher
[2026-08-17 20:32:48Z INFO ActionCommandManager] Register action command extension for command remove-matcher
[2026-08-17 20:32:48Z INFO ActionCommandManager] Register action command extension for command warning
[2026-08-17 20:32:48Z INFO ActionCommandManager] Register action command extension for command error
[2026-08-17 20:32:48Z INFO ActionCommandManager] Register action command extension for command notice
[2026-08-17 20:32:48Z INFO ActionCommandManager] Register action command extension for command debug
[2026-08-17 20:32:48Z INFO ActionCommandManager] Register action command extension for command group
[2026-08-17 20:32:48Z INFO ActionCommandManager] Register action command extension for command endgroup
[2026-08-17 20:32:48Z INFO ActionCommandManager] Register action command extension for command echo
[2026-08-17 20:32:48Z INFO ScriptHandler] Which2: 'pwsh'
[2026-08-17 20:32:48Z INFO ScriptHandler] pwsh: command not found. Make sure 'pwsh' is installed and its location included in the 'Path' environment variable.
[2026-08-17 20:32:48Z INFO ScriptHandler] Defaulting to powershell
[2026-08-17 20:32:48Z INFO ScriptHandler] Which2: 'powershell'
[2026-08-17 20:32:48Z INFO ScriptHandler] Location: 'C:\Windows\System32\WindowsPowerShell\v1.0\powershell.EXE'
[2026-08-17 20:32:48Z INFO HostContext] Well known directory 'Bin': 'E:\devops\Complete Terraform\terraform\terraform 15AUG\terraform15Aug\actions-runner\bin'
[2026-08-17 20:32:48Z INFO HostContext] Well known directory 'Root': 'E:\devops\Complete Terraform\terraform\terraform 15AUG\terraform15Aug\actions-runner'
[2026-08-17 20:32:48Z INFO HostContext] Well known directory 'Work': 'E:\devops\Complete Terraform\terraform\terraform 15AUG\terraform15Aug\actions-runner\_work'
[2026-08-17 20:32:48Z INFO HostContext] Well known directory 'Temp': 'E:\devops\Complete Terraform\terraform\terraform 15AUG\terraform15Aug\actions-runner\_work\_temp'
[2026-08-17 20:32:48Z INFO ScriptHandler] Which2: 'pwsh'
[2026-08-17 20:32:48Z INFO ScriptHandler] pwsh: command not found. Make sure 'pwsh' is installed and its location included in the 'Path' environment variable.
[2026-08-17 20:32:48Z INFO ScriptHandler] Defaulting to powershell
[2026-08-17 20:32:48Z INFO ScriptHandler] Which2: 'powershell'
[2026-08-17 20:32:48Z INFO ScriptHandler] Location: 'C:\Windows\System32\WindowsPowerShell\v1.0\powershell.EXE'
[2026-08-17 20:32:48Z INFO ProcessInvokerWrapper] Starting process:
[2026-08-17 20:32:48Z INFO ProcessInvokerWrapper]   File name: 'C:\Windows\System32\WindowsPowerShell\v1.0\powershell.EXE'
[2026-08-17 20:32:48Z INFO ProcessInvokerWrapper]   Arguments: '-command ". 'E:\devops\Complete Terraform\terraform\terraform 15AUG\terraform15Aug\actions-runner\_work\_temp\59a2edd4-85a2-45fd-9239-5a2a0d3deaaa.ps1'"'
[2026-08-17 20:32:48Z INFO ProcessInvokerWrapper]   Working directory: 'E:\devops\Complete Terraform\terraform\terraform 15AUG\terraform15Aug\actions-runner\_work\terraform15Aug\terraform15Aug\./prod_parent_module'
[2026-08-17 20:32:48Z INFO ProcessInvokerWrapper]   Require exit code zero: 'False'
[2026-08-17 20:32:48Z INFO ProcessInvokerWrapper]   Encoding web name:  ; code page: ''
[2026-08-17 20:32:48Z INFO ProcessInvokerWrapper]   Force kill process on cancellation: 'False'
[2026-08-17 20:32:48Z INFO ProcessInvokerWrapper]   Redirected STDIN: 'False'
[2026-08-17 20:32:48Z INFO ProcessInvokerWrapper]   Persist current code page: 'True'
[2026-08-17 20:32:48Z INFO ProcessInvokerWrapper]   Keep redirected STDIN open: 'False'
[2026-08-17 20:32:48Z INFO ProcessInvokerWrapper]   High priority process: 'False'
[2026-08-17 20:32:48Z INFO ProcessInvokerWrapper] Process started with process id 7256, waiting for process exit.
[2026-08-17 20:32:48Z INFO JobServerQueue] Got a step log file to send to results service.
[2026-08-17 20:32:48Z INFO JobServerQueue] Starting upload of step log file to results service ResultsLog, E:\devops\Complete Terraform\terraform\terraform 15AUG\terraform15Aug\actions-runner\_diag\blocks\00c0bdd4-47af-4be1-94c5-22e28cceea00_999eb7aa-5cc0-459b-9098-a42d3f5a0280.1
[2026-08-17 20:32:48Z INFO JobServerQueue] Try to append 1 batches web console lines for record '43b9fa5b-d6bb-437b-9997-6faed76fec07', success rate: 1/1.
[2026-08-17 20:32:48Z INFO JobServerQueue] Try to upload 1 log files or attachments, success rate: 1/1.
[2026-08-17 20:32:49Z INFO JobServerQueue] Tried to upload 1 file(s) to results, success rate: 1/1.
[2026-08-17 20:32:50Z INFO ProcessInvokerWrapper] STDOUT/STDERR stream read finished.
[2026-08-17 20:32:50Z INFO ProcessInvokerWrapper] STDOUT/STDERR stream read finished.
[2026-08-17 20:32:50Z INFO ProcessInvokerWrapper] Finished process 7256 with exit code 0, and elapsed time 00:00:02.4380357.
[2026-08-17 20:32:50Z INFO CreateStepSummaryCommand] Step Summary file (E:\devops\Complete Terraform\terraform\terraform 15AUG\terraform15Aug\actions-runner\_work\_temp\_runner_file_commands\step_summary_92037958-5a43-491c-b05c-03900e540825) is empty; skipping attachment upload
[2026-08-17 20:32:50Z INFO StepsRunner] Step result: 
[2026-08-17 20:32:50Z INFO ExecutionContext] Publish step telemetry for current step {
  "action": "powershell",
  "type": "run",
  "stage": "Main",
  "stepId": "43b9fa5b-d6bb-437b-9997-6faed76fec07",
  "stepContextName": "__run_2",
  "result": "succeeded",
  "errorMessages": [],
  "executionTimeInSeconds": 3,
  "startTime": "2026-08-17T20:32:48.0557803Z",
  "finishTime": "2026-08-17T20:32:50.5520988Z"
}.
[2026-08-17 20:32:50Z INFO StepsRunner] No need for updating job result with current step result 'Succeeded'.
[2026-08-17 20:32:50Z INFO StepsRunner] Current state: job state = ''
[2026-08-17 20:32:50Z INFO StepsRunner] Processing step: DisplayName='Terraform Validate'
[2026-08-17 20:32:50Z INFO StepsRunner] Evaluating: success()
[2026-08-17 20:32:50Z INFO StepsRunner] Result: true
[2026-08-17 20:32:50Z INFO StepsRunner] Starting the step.
[2026-08-17 20:32:50Z INFO HostContext] Well known directory 'Bin': 'E:\devops\Complete Terraform\terraform\terraform 15AUG\terraform15Aug\actions-runner\bin'
[2026-08-17 20:32:50Z INFO HostContext] Well known directory 'Root': 'E:\devops\Complete Terraform\terraform\terraform 15AUG\terraform15Aug\actions-runner'
[2026-08-17 20:32:50Z INFO HostContext] Well known directory 'Work': 'E:\devops\Complete Terraform\terraform\terraform 15AUG\terraform15Aug\actions-runner\_work'
[2026-08-17 20:32:50Z INFO StepsRunner] Which2: 'chcp'
[2026-08-17 20:32:50Z INFO StepsRunner] Location: 'C:\Windows\system32\chcp.COM'
[2026-08-17 20:32:50Z INFO ProcessInvokerWrapper] Starting process:
[2026-08-17 20:32:50Z INFO ProcessInvokerWrapper]   File name: 'C:\Windows\system32\chcp.COM'
[2026-08-17 20:32:50Z INFO ProcessInvokerWrapper]   Arguments: '65001'
[2026-08-17 20:32:50Z INFO ProcessInvokerWrapper]   Working directory: 'E:\devops\Complete Terraform\terraform\terraform 15AUG\terraform15Aug\actions-runner\_work'
[2026-08-17 20:32:50Z INFO ProcessInvokerWrapper]   Require exit code zero: 'False'
[2026-08-17 20:32:50Z INFO ProcessInvokerWrapper]   Encoding web name:  ; code page: ''
[2026-08-17 20:32:50Z INFO ProcessInvokerWrapper]   Force kill process on cancellation: 'False'
[2026-08-17 20:32:50Z INFO ProcessInvokerWrapper]   Redirected STDIN: 'False'
[2026-08-17 20:32:50Z INFO ProcessInvokerWrapper]   Persist current code page: 'True'
[2026-08-17 20:32:50Z INFO ProcessInvokerWrapper]   Keep redirected STDIN open: 'False'
[2026-08-17 20:32:50Z INFO ProcessInvokerWrapper]   High priority process: 'False'
[2026-08-17 20:32:50Z INFO ProcessInvokerWrapper] Process started with process id 4664, waiting for process exit.
[2026-08-17 20:32:50Z INFO ProcessInvokerWrapper] STDOUT/STDERR stream read finished.
[2026-08-17 20:32:50Z INFO ProcessInvokerWrapper] STDOUT/STDERR stream read finished.
[2026-08-17 20:32:50Z INFO ProcessInvokerWrapper] Finished process 4664 with exit code 0, and elapsed time 00:00:00.0166379.
[2026-08-17 20:32:50Z INFO StepsRunner] Successfully returned to code page 65001 (UTF8)
[2026-08-17 20:32:50Z INFO HostContext] Well known directory 'Bin': 'E:\devops\Complete Terraform\terraform\terraform 15AUG\terraform15Aug\actions-runner\bin'
[2026-08-17 20:32:50Z INFO HostContext] Well known directory 'Root': 'E:\devops\Complete Terraform\terraform\terraform 15AUG\terraform15Aug\actions-runner'
[2026-08-17 20:32:50Z INFO HostContext] Well known directory 'Work': 'E:\devops\Complete Terraform\terraform\terraform 15AUG\terraform15Aug\actions-runner\_work'
[2026-08-17 20:32:50Z INFO HostContext] Well known directory 'Temp': 'E:\devops\Complete Terraform\terraform\terraform 15AUG\terraform15Aug\actions-runner\_work\_temp'
[2026-08-17 20:32:50Z INFO ExecutionContext] Write event payload to E:\devops\Complete Terraform\terraform\terraform 15AUG\terraform15Aug\actions-runner\_work\_temp\_github_workflow\event.json
[2026-08-17 20:32:50Z INFO HostContext] Well known directory 'Bin': 'E:\devops\Complete Terraform\terraform\terraform 15AUG\terraform15Aug\actions-runner\bin'
[2026-08-17 20:32:50Z INFO HostContext] Well known directory 'Root': 'E:\devops\Complete Terraform\terraform\terraform 15AUG\terraform15Aug\actions-runner'
[2026-08-17 20:32:50Z INFO HostContext] Well known directory 'Work': 'E:\devops\Complete Terraform\terraform\terraform 15AUG\terraform15Aug\actions-runner\_work'
[2026-08-17 20:32:50Z INFO HostContext] Well known directory 'Temp': 'E:\devops\Complete Terraform\terraform\terraform 15AUG\terraform15Aug\actions-runner\_work\_temp'
[2026-08-17 20:32:50Z INFO ExtensionManager] Getting extensions for interface: 'GitHub.Runner.Worker.IFileCommandExtension'
[2026-08-17 20:32:50Z INFO ExtensionManager] Getting extensions for interface: 'GitHub.Runner.Worker.IActionCommandExtension'
[2026-08-17 20:32:50Z INFO ActionCommandManager] Register action command extension for command internal-set-repo-path
[2026-08-17 20:32:50Z INFO ActionCommandManager] Register action command extension for command set-env
[2026-08-17 20:32:50Z INFO ActionCommandManager] Register action command extension for command set-output
[2026-08-17 20:32:50Z INFO ActionCommandManager] Register action command extension for command save-state
[2026-08-17 20:32:50Z INFO ActionCommandManager] Register action command extension for command add-path
[2026-08-17 20:32:50Z INFO ActionCommandManager] Register action command extension for command add-mask
[2026-08-17 20:32:50Z INFO ActionCommandManager] Register action command extension for command add-matcher
[2026-08-17 20:32:50Z INFO ActionCommandManager] Register action command extension for command remove-matcher
[2026-08-17 20:32:50Z INFO ActionCommandManager] Register action command extension for command warning
[2026-08-17 20:32:50Z INFO ActionCommandManager] Register action command extension for command error
[2026-08-17 20:32:50Z INFO ActionCommandManager] Register action command extension for command notice
[2026-08-17 20:32:50Z INFO ActionCommandManager] Register action command extension for command debug
[2026-08-17 20:32:50Z INFO ActionCommandManager] Register action command extension for command group
[2026-08-17 20:32:50Z INFO ActionCommandManager] Register action command extension for command endgroup
[2026-08-17 20:32:50Z INFO ActionCommandManager] Register action command extension for command echo
[2026-08-17 20:32:50Z INFO ScriptHandler] Which2: 'pwsh'
[2026-08-17 20:32:50Z INFO ScriptHandler] pwsh: command not found. Make sure 'pwsh' is installed and its location included in the 'Path' environment variable.
[2026-08-17 20:32:50Z INFO ScriptHandler] Defaulting to powershell
[2026-08-17 20:32:50Z INFO ScriptHandler] Which2: 'powershell'
[2026-08-17 20:32:50Z INFO ScriptHandler] Location: 'C:\Windows\System32\WindowsPowerShell\v1.0\powershell.EXE'
[2026-08-17 20:32:50Z INFO HostContext] Well known directory 'Bin': 'E:\devops\Complete Terraform\terraform\terraform 15AUG\terraform15Aug\actions-runner\bin'
[2026-08-17 20:32:50Z INFO HostContext] Well known directory 'Root': 'E:\devops\Complete Terraform\terraform\terraform 15AUG\terraform15Aug\actions-runner'
[2026-08-17 20:32:50Z INFO HostContext] Well known directory 'Work': 'E:\devops\Complete Terraform\terraform\terraform 15AUG\terraform15Aug\actions-runner\_work'
[2026-08-17 20:32:50Z INFO HostContext] Well known directory 'Temp': 'E:\devops\Complete Terraform\terraform\terraform 15AUG\terraform15Aug\actions-runner\_work\_temp'
[2026-08-17 20:32:50Z INFO ScriptHandler] Which2: 'pwsh'
[2026-08-17 20:32:50Z INFO ScriptHandler] pwsh: command not found. Make sure 'pwsh' is installed and its location included in the 'Path' environment variable.
[2026-08-17 20:32:50Z INFO ScriptHandler] Defaulting to powershell
[2026-08-17 20:32:50Z INFO ScriptHandler] Which2: 'powershell'
[2026-08-17 20:32:50Z INFO ScriptHandler] Location: 'C:\Windows\System32\WindowsPowerShell\v1.0\powershell.EXE'
[2026-08-17 20:32:50Z INFO ProcessInvokerWrapper] Starting process:
[2026-08-17 20:32:50Z INFO ProcessInvokerWrapper]   File name: 'C:\Windows\System32\WindowsPowerShell\v1.0\powershell.EXE'
[2026-08-17 20:32:50Z INFO ProcessInvokerWrapper]   Arguments: '-command ". 'E:\devops\Complete Terraform\terraform\terraform 15AUG\terraform15Aug\actions-runner\_work\_temp\221c8fae-35f9-4dff-bc53-299443cc6fda.ps1'"'
[2026-08-17 20:32:50Z INFO ProcessInvokerWrapper]   Working directory: 'E:\devops\Complete Terraform\terraform\terraform 15AUG\terraform15Aug\actions-runner\_work\terraform15Aug\terraform15Aug\./prod_parent_module'
[2026-08-17 20:32:50Z INFO ProcessInvokerWrapper]   Require exit code zero: 'False'
[2026-08-17 20:32:50Z INFO ProcessInvokerWrapper]   Encoding web name:  ; code page: ''
[2026-08-17 20:32:50Z INFO ProcessInvokerWrapper]   Force kill process on cancellation: 'False'
[2026-08-17 20:32:50Z INFO ProcessInvokerWrapper]   Redirected STDIN: 'False'
[2026-08-17 20:32:50Z INFO ProcessInvokerWrapper]   Persist current code page: 'True'
[2026-08-17 20:32:50Z INFO ProcessInvokerWrapper]   Keep redirected STDIN open: 'False'
[2026-08-17 20:32:50Z INFO ProcessInvokerWrapper]   High priority process: 'False'
[2026-08-17 20:32:50Z INFO ProcessInvokerWrapper] Process started with process id 9032, waiting for process exit.
[2026-08-17 20:32:50Z INFO JobServerQueue] Try to upload 1 log files or attachments, success rate: 1/1.
[2026-08-17 20:32:50Z INFO JobServerQueue] Try to append 1 batches web console lines for record '1e6778d7-9177-4cfe-b25b-0f0d96614bb7', success rate: 1/1.
[2026-08-17 20:32:51Z INFO JobServerQueue] Got a step log file to send to results service.
[2026-08-17 20:32:51Z INFO JobServerQueue] Starting upload of step log file to results service ResultsLog, E:\devops\Complete Terraform\terraform\terraform 15AUG\terraform15Aug\actions-runner\_diag\blocks\00c0bdd4-47af-4be1-94c5-22e28cceea00_43b9fa5b-d6bb-437b-9997-6faed76fec07.1
[2026-08-17 20:32:51Z INFO JobServerQueue] Tried to upload 1 file(s) to results, success rate: 1/1.
[2026-08-17 20:32:53Z INFO ProcessInvokerWrapper] STDOUT/STDERR stream read finished.
[2026-08-17 20:32:53Z INFO ProcessInvokerWrapper] STDOUT/STDERR stream read finished.
[2026-08-17 20:32:53Z INFO ProcessInvokerWrapper] Finished process 9032 with exit code 0, and elapsed time 00:00:02.4096414.
[2026-08-17 20:32:53Z INFO CreateStepSummaryCommand] Step Summary file (E:\devops\Complete Terraform\terraform\terraform 15AUG\terraform15Aug\actions-runner\_work\_temp\_runner_file_commands\step_summary_b4de925d-9085-44f1-9ce5-14aa391a42b6) is empty; skipping attachment upload
[2026-08-17 20:32:53Z INFO StepsRunner] Step result: 
[2026-08-17 20:32:53Z INFO ExecutionContext] Publish step telemetry for current step {
  "action": "powershell",
  "type": "run",
  "stage": "Main",
  "stepId": "1e6778d7-9177-4cfe-b25b-0f0d96614bb7",
  "stepContextName": "__run_3",
  "result": "succeeded",
  "errorMessages": [],
  "executionTimeInSeconds": 3,
  "startTime": "2026-08-17T20:32:50.5556585Z",
  "finishTime": "2026-08-17T20:32:53.0215933Z"
}.
[2026-08-17 20:32:53Z INFO StepsRunner] No need for updating job result with current step result 'Succeeded'.
[2026-08-17 20:32:53Z INFO StepsRunner] Current state: job state = ''
[2026-08-17 20:32:53Z INFO StepsRunner] Processing step: DisplayName='Install Gitleaks'
[2026-08-17 20:32:53Z INFO StepsRunner] Evaluating: success()
[2026-08-17 20:32:53Z INFO StepsRunner] Result: true
[2026-08-17 20:32:53Z INFO StepsRunner] Starting the step.
[2026-08-17 20:32:53Z INFO HostContext] Well known directory 'Bin': 'E:\devops\Complete Terraform\terraform\terraform 15AUG\terraform15Aug\actions-runner\bin'
[2026-08-17 20:32:53Z INFO HostContext] Well known directory 'Root': 'E:\devops\Complete Terraform\terraform\terraform 15AUG\terraform15Aug\actions-runner'
[2026-08-17 20:32:53Z INFO HostContext] Well known directory 'Work': 'E:\devops\Complete Terraform\terraform\terraform 15AUG\terraform15Aug\actions-runner\_work'
[2026-08-17 20:32:53Z INFO StepsRunner] Which2: 'chcp'
[2026-08-17 20:32:53Z INFO StepsRunner] Location: 'C:\Windows\system32\chcp.COM'
[2026-08-17 20:32:53Z INFO ProcessInvokerWrapper] Starting process:
[2026-08-17 20:32:53Z INFO ProcessInvokerWrapper]   File name: 'C:\Windows\system32\chcp.COM'
[2026-08-17 20:32:53Z INFO ProcessInvokerWrapper]   Arguments: '65001'
[2026-08-17 20:32:53Z INFO ProcessInvokerWrapper]   Working directory: 'E:\devops\Complete Terraform\terraform\terraform 15AUG\terraform15Aug\actions-runner\_work'
[2026-08-17 20:32:53Z INFO ProcessInvokerWrapper]   Require exit code zero: 'False'
[2026-08-17 20:32:53Z INFO ProcessInvokerWrapper]   Encoding web name:  ; code page: ''
[2026-08-17 20:32:53Z INFO ProcessInvokerWrapper]   Force kill process on cancellation: 'False'
[2026-08-17 20:32:53Z INFO ProcessInvokerWrapper]   Redirected STDIN: 'False'
[2026-08-17 20:32:53Z INFO ProcessInvokerWrapper]   Persist current code page: 'True'
[2026-08-17 20:32:53Z INFO ProcessInvokerWrapper]   Keep redirected STDIN open: 'False'
[2026-08-17 20:32:53Z INFO ProcessInvokerWrapper]   High priority process: 'False'
[2026-08-17 20:32:53Z INFO ProcessInvokerWrapper] Process started with process id 9916, waiting for process exit.
[2026-08-17 20:32:53Z INFO ProcessInvokerWrapper] STDOUT/STDERR stream read finished.
[2026-08-17 20:32:53Z INFO ProcessInvokerWrapper] STDOUT/STDERR stream read finished.
[2026-08-17 20:32:53Z INFO ProcessInvokerWrapper] Finished process 9916 with exit code 0, and elapsed time 00:00:00.0449576.
[2026-08-17 20:32:53Z INFO StepsRunner] Successfully returned to code page 65001 (UTF8)
[2026-08-17 20:32:53Z INFO HostContext] Well known directory 'Bin': 'E:\devops\Complete Terraform\terraform\terraform 15AUG\terraform15Aug\actions-runner\bin'
[2026-08-17 20:32:53Z INFO HostContext] Well known directory 'Root': 'E:\devops\Complete Terraform\terraform\terraform 15AUG\terraform15Aug\actions-runner'
[2026-08-17 20:32:53Z INFO HostContext] Well known directory 'Work': 'E:\devops\Complete Terraform\terraform\terraform 15AUG\terraform15Aug\actions-runner\_work'
[2026-08-17 20:32:53Z INFO HostContext] Well known directory 'Temp': 'E:\devops\Complete Terraform\terraform\terraform 15AUG\terraform15Aug\actions-runner\_work\_temp'
[2026-08-17 20:32:53Z INFO ExecutionContext] Write event payload to E:\devops\Complete Terraform\terraform\terraform 15AUG\terraform15Aug\actions-runner\_work\_temp\_github_workflow\event.json
[2026-08-17 20:32:53Z INFO HostContext] Well known directory 'Bin': 'E:\devops\Complete Terraform\terraform\terraform 15AUG\terraform15Aug\actions-runner\bin'
[2026-08-17 20:32:53Z INFO HostContext] Well known directory 'Root': 'E:\devops\Complete Terraform\terraform\terraform 15AUG\terraform15Aug\actions-runner'
[2026-08-17 20:32:53Z INFO HostContext] Well known directory 'Work': 'E:\devops\Complete Terraform\terraform\terraform 15AUG\terraform15Aug\actions-runner\_work'
[2026-08-17 20:32:53Z INFO HostContext] Well known directory 'Temp': 'E:\devops\Complete Terraform\terraform\terraform 15AUG\terraform15Aug\actions-runner\_work\_temp'
[2026-08-17 20:32:53Z INFO ExtensionManager] Getting extensions for interface: 'GitHub.Runner.Worker.IFileCommandExtension'
[2026-08-17 20:32:53Z INFO ExtensionManager] Getting extensions for interface: 'GitHub.Runner.Worker.IActionCommandExtension'
[2026-08-17 20:32:53Z INFO ActionCommandManager] Register action command extension for command internal-set-repo-path
[2026-08-17 20:32:53Z INFO ActionCommandManager] Register action command extension for command set-env
[2026-08-17 20:32:53Z INFO ActionCommandManager] Register action command extension for command set-output
[2026-08-17 20:32:53Z INFO ActionCommandManager] Register action command extension for command save-state
[2026-08-17 20:32:53Z INFO ActionCommandManager] Register action command extension for command add-path
[2026-08-17 20:32:53Z INFO ActionCommandManager] Register action command extension for command add-mask
[2026-08-17 20:32:53Z INFO ActionCommandManager] Register action command extension for command add-matcher
[2026-08-17 20:32:53Z INFO ActionCommandManager] Register action command extension for command remove-matcher
[2026-08-17 20:32:53Z INFO ActionCommandManager] Register action command extension for command warning
[2026-08-17 20:32:53Z INFO ActionCommandManager] Register action command extension for command error
[2026-08-17 20:32:53Z INFO ActionCommandManager] Register action command extension for command notice
[2026-08-17 20:32:53Z INFO ActionCommandManager] Register action command extension for command debug
[2026-08-17 20:32:53Z INFO ActionCommandManager] Register action command extension for command group
[2026-08-17 20:32:53Z INFO ActionCommandManager] Register action command extension for command endgroup
[2026-08-17 20:32:53Z INFO ActionCommandManager] Register action command extension for command echo
[2026-08-17 20:32:53Z INFO ScriptHandler] Which2: 'pwsh'
[2026-08-17 20:32:53Z INFO ScriptHandler] pwsh: command not found. Make sure 'pwsh' is installed and its location included in the 'Path' environment variable.
[2026-08-17 20:32:53Z INFO ScriptHandler] Defaulting to powershell
[2026-08-17 20:32:53Z INFO ScriptHandler] Which2: 'powershell'
[2026-08-17 20:32:53Z INFO ScriptHandler] Location: 'C:\Windows\System32\WindowsPowerShell\v1.0\powershell.EXE'
[2026-08-17 20:32:53Z INFO HostContext] Well known directory 'Bin': 'E:\devops\Complete Terraform\terraform\terraform 15AUG\terraform15Aug\actions-runner\bin'
[2026-08-17 20:32:53Z INFO HostContext] Well known directory 'Root': 'E:\devops\Complete Terraform\terraform\terraform 15AUG\terraform15Aug\actions-runner'
[2026-08-17 20:32:53Z INFO HostContext] Well known directory 'Work': 'E:\devops\Complete Terraform\terraform\terraform 15AUG\terraform15Aug\actions-runner\_work'
[2026-08-17 20:32:53Z INFO HostContext] Well known directory 'Temp': 'E:\devops\Complete Terraform\terraform\terraform 15AUG\terraform15Aug\actions-runner\_work\_temp'
[2026-08-17 20:32:53Z INFO ScriptHandler] Which2: 'pwsh'
[2026-08-17 20:32:53Z INFO ScriptHandler] pwsh: command not found. Make sure 'pwsh' is installed and its location included in the 'Path' environment variable.
[2026-08-17 20:32:53Z INFO ScriptHandler] Defaulting to powershell
[2026-08-17 20:32:53Z INFO ScriptHandler] Which2: 'powershell'
[2026-08-17 20:32:53Z INFO ScriptHandler] Location: 'C:\Windows\System32\WindowsPowerShell\v1.0\powershell.EXE'
[2026-08-17 20:32:53Z INFO ProcessInvokerWrapper] Starting process:
[2026-08-17 20:32:53Z INFO ProcessInvokerWrapper]   File name: 'C:\Windows\System32\WindowsPowerShell\v1.0\powershell.EXE'
[2026-08-17 20:32:53Z INFO ProcessInvokerWrapper]   Arguments: '-command ". 'E:\devops\Complete Terraform\terraform\terraform 15AUG\terraform15Aug\actions-runner\_work\_temp\a7f336f3-fffe-447c-bef7-47b4a89a8422.ps1'"'
[2026-08-17 20:32:53Z INFO ProcessInvokerWrapper]   Working directory: 'E:\devops\Complete Terraform\terraform\terraform 15AUG\terraform15Aug\actions-runner\_work\terraform15Aug\terraform15Aug'
[2026-08-17 20:32:53Z INFO ProcessInvokerWrapper]   Require exit code zero: 'False'
[2026-08-17 20:32:53Z INFO ProcessInvokerWrapper]   Encoding web name:  ; code page: ''
[2026-08-17 20:32:53Z INFO ProcessInvokerWrapper]   Force kill process on cancellation: 'False'
[2026-08-17 20:32:53Z INFO ProcessInvokerWrapper]   Redirected STDIN: 'False'
[2026-08-17 20:32:53Z INFO ProcessInvokerWrapper]   Persist current code page: 'True'
[2026-08-17 20:32:53Z INFO ProcessInvokerWrapper]   Keep redirected STDIN open: 'False'
[2026-08-17 20:32:53Z INFO ProcessInvokerWrapper]   High priority process: 'False'
[2026-08-17 20:32:53Z INFO ProcessInvokerWrapper] Process started with process id 10788, waiting for process exit.
[2026-08-17 20:32:53Z INFO JobServerQueue] Try to append 1 batches web console lines for record 'dff4f8ca-177c-4c03-8952-989ab8251fa9', success rate: 1/1.
[2026-08-17 20:32:53Z INFO JobServerQueue] Try to upload 1 log files or attachments, success rate: 1/1.
[2026-08-17 20:32:53Z INFO JobServerQueue] Got a step log file to send to results service.
[2026-08-17 20:32:53Z INFO JobServerQueue] Starting upload of step log file to results service ResultsLog, E:\devops\Complete Terraform\terraform\terraform 15AUG\terraform15Aug\actions-runner\_diag\blocks\00c0bdd4-47af-4be1-94c5-22e28cceea00_1e6778d7-9177-4cfe-b25b-0f0d96614bb7.1
[2026-08-17 20:32:54Z INFO HostContext] Well known directory 'Bin': 'E:\devops\Complete Terraform\terraform\terraform 15AUG\terraform15Aug\actions-runner\bin'
[2026-08-17 20:32:54Z INFO HostContext] Well known directory 'Root': 'E:\devops\Complete Terraform\terraform\terraform 15AUG\terraform15Aug\actions-runner'
[2026-08-17 20:32:54Z INFO HostContext] Well known directory 'Work': 'E:\devops\Complete Terraform\terraform\terraform 15AUG\terraform15Aug\actions-runner\_work'
[2026-08-17 20:32:54Z INFO JobServerQueue] Tried to upload 1 file(s) to results, success rate: 1/1.
[2026-08-17 20:32:55Z INFO JobServerQueue] Try to append 1 batches web console lines for record 'dff4f8ca-177c-4c03-8952-989ab8251fa9', success rate: 1/1.
[2026-08-17 20:32:55Z INFO ProcessInvokerWrapper] STDOUT/STDERR stream read finished.
[2026-08-17 20:32:55Z INFO ProcessInvokerWrapper] STDOUT/STDERR stream read finished.
[2026-08-17 20:32:55Z INFO ProcessInvokerWrapper] Finished process 10788 with exit code 1, and elapsed time 00:00:02.4554295.
[2026-08-17 20:32:55Z INFO CreateStepSummaryCommand] Step Summary file (E:\devops\Complete Terraform\terraform\terraform 15AUG\terraform15Aug\actions-runner\_work\_temp\_runner_file_commands\step_summary_de9a286b-6cd1-4414-b488-78c4bc29d4b3) is empty; skipping attachment upload
[2026-08-17 20:32:55Z INFO StepsRunner] Step result: Failed
[2026-08-17 20:32:55Z INFO ExecutionContext] Publish step telemetry for current step {
  "action": "powershell",
  "type": "run",
  "stage": "Main",
  "stepId": "dff4f8ca-177c-4c03-8952-989ab8251fa9",
  "stepContextName": "__run_4",
  "result": "failed",
  "errorMessages": [
    "Process completed with exit code 1."
  ],
  "executionTimeInSeconds": 3,
  "startTime": "2026-08-17T20:32:53.0240903Z",
  "finishTime": "2026-08-17T20:32:55.5727917Z"
}.
[2026-08-17 20:32:55Z INFO StepsRunner] Update job result with current step result 'Failed'.
[2026-08-17 20:32:55Z INFO StepsRunner] Current state: job state = 'Failed'
[2026-08-17 20:32:55Z INFO StepsRunner] Processing step: DisplayName='Gitleaks Scan'
[2026-08-17 20:32:55Z INFO StepsRunner] Evaluating: success()
[2026-08-17 20:32:55Z INFO StepsRunner] Result: false
[2026-08-17 20:32:55Z INFO StepsRunner] Skipping step due to condition evaluation.
[2026-08-17 20:32:55Z INFO StepsRunner] No need for updating job result with current step result 'Skipped'.
[2026-08-17 20:32:55Z INFO StepsRunner] Current state: job state = 'Failed'
[2026-08-17 20:32:55Z INFO StepsRunner] Processing step: DisplayName='Post Checkout Code'
[2026-08-17 20:32:55Z INFO StepsRunner] Evaluating: always()
[2026-08-17 20:32:55Z INFO StepsRunner] Result: true
[2026-08-17 20:32:55Z INFO StepsRunner] Starting the step.
[2026-08-17 20:32:55Z INFO HostContext] Well known directory 'Bin': 'E:\devops\Complete Terraform\terraform\terraform 15AUG\terraform15Aug\actions-runner\bin'
[2026-08-17 20:32:55Z INFO HostContext] Well known directory 'Root': 'E:\devops\Complete Terraform\terraform\terraform 15AUG\terraform15Aug\actions-runner'
[2026-08-17 20:32:55Z INFO HostContext] Well known directory 'Work': 'E:\devops\Complete Terraform\terraform\terraform 15AUG\terraform15Aug\actions-runner\_work'
[2026-08-17 20:32:55Z INFO StepsRunner] Which2: 'chcp'
[2026-08-17 20:32:55Z INFO StepsRunner] Location: 'C:\Windows\system32\chcp.COM'
[2026-08-17 20:32:55Z INFO ProcessInvokerWrapper] Starting process:
[2026-08-17 20:32:55Z INFO ProcessInvokerWrapper]   File name: 'C:\Windows\system32\chcp.COM'
[2026-08-17 20:32:55Z INFO ProcessInvokerWrapper]   Arguments: '65001'
[2026-08-17 20:32:55Z INFO ProcessInvokerWrapper]   Working directory: 'E:\devops\Complete Terraform\terraform\terraform 15AUG\terraform15Aug\actions-runner\_work'
[2026-08-17 20:32:55Z INFO ProcessInvokerWrapper]   Require exit code zero: 'False'
[2026-08-17 20:32:55Z INFO ProcessInvokerWrapper]   Encoding web name:  ; code page: ''
[2026-08-17 20:32:55Z INFO ProcessInvokerWrapper]   Force kill process on cancellation: 'False'
[2026-08-17 20:32:55Z INFO ProcessInvokerWrapper]   Redirected STDIN: 'False'
[2026-08-17 20:32:55Z INFO ProcessInvokerWrapper]   Persist current code page: 'True'
[2026-08-17 20:32:55Z INFO ProcessInvokerWrapper]   Keep redirected STDIN open: 'False'
[2026-08-17 20:32:55Z INFO ProcessInvokerWrapper]   High priority process: 'False'
[2026-08-17 20:32:55Z INFO ProcessInvokerWrapper] Process started with process id 16224, waiting for process exit.
[2026-08-17 20:32:55Z INFO ProcessInvokerWrapper] STDOUT/STDERR stream read finished.
[2026-08-17 20:32:55Z INFO ProcessInvokerWrapper] STDOUT/STDERR stream read finished.
[2026-08-17 20:32:55Z INFO ProcessInvokerWrapper] Finished process 16224 with exit code 0, and elapsed time 00:00:00.0317190.
[2026-08-17 20:32:55Z INFO StepsRunner] Successfully returned to code page 65001 (UTF8)
[2026-08-17 20:32:55Z INFO HostContext] Well known directory 'Bin': 'E:\devops\Complete Terraform\terraform\terraform 15AUG\terraform15Aug\actions-runner\bin'
[2026-08-17 20:32:55Z INFO HostContext] Well known directory 'Root': 'E:\devops\Complete Terraform\terraform\terraform 15AUG\terraform15Aug\actions-runner'
[2026-08-17 20:32:55Z INFO HostContext] Well known directory 'Work': 'E:\devops\Complete Terraform\terraform\terraform 15AUG\terraform15Aug\actions-runner\_work'
[2026-08-17 20:32:55Z INFO HostContext] Well known directory 'Actions': 'E:\devops\Complete Terraform\terraform\terraform 15AUG\terraform15Aug\actions-runner\_work\_actions'
[2026-08-17 20:32:55Z INFO ActionManager] Load action that reference repository from 'E:\devops\Complete Terraform\terraform\terraform 15AUG\terraform15Aug\actions-runner\_work\_actions\actions\checkout\v4'
[2026-08-17 20:32:55Z INFO HostContext] Well known directory 'Bin': 'E:\devops\Complete Terraform\terraform\terraform 15AUG\terraform15Aug\actions-runner\bin'
[2026-08-17 20:32:55Z INFO HostContext] Well known directory 'Root': 'E:\devops\Complete Terraform\terraform\terraform 15AUG\terraform15Aug\actions-runner'
[2026-08-17 20:32:55Z INFO HostContext] Well known directory 'Work': 'E:\devops\Complete Terraform\terraform\terraform 15AUG\terraform15Aug\actions-runner\_work'
[2026-08-17 20:32:55Z INFO HostContext] Well known directory 'Actions': 'E:\devops\Complete Terraform\terraform\terraform 15AUG\terraform15Aug\actions-runner\_work\_actions'
[2026-08-17 20:32:55Z INFO JobServerQueue] Got a step log file to send to results service.
[2026-08-17 20:32:55Z INFO JobServerQueue] Starting upload of step log file to results service ResultsLog, E:\devops\Complete Terraform\terraform\terraform 15AUG\terraform15Aug\actions-runner\_diag\blocks\00c0bdd4-47af-4be1-94c5-22e28cceea00_dff4f8ca-177c-4c03-8952-989ab8251fa9.1
[2026-08-17 20:32:55Z INFO ActionManifestManagerLegacy] Loaded action.yml file: {
  "name": "Checkout",
  "description": "Checkout a Git repository at a particular version",
  "inputs": {
    "type": 2,
    "map": [
      {
        "key": {
          "type": 0,
          "file": 2,
          "line": 4,
          "col": 3,
          "lit": "repository"
        },
        "value": {
          "type": 3,
          "file": 2,
          "line": 6,
          "col": 14,
          "expr": "github.repository"
        }
      },
      {
        "key": {
          "type": 0,
          "file": 2,
          "line": 7,
          "col": 3,
          "lit": "ref"
        },
        "value": ""
      },
      {
        "key": {
          "type": 0,
          "file": 2,
          "line": 12,
          "col": 3,
          "lit": "token"
        },
        "value": {
          "type": 3,
          "file": 2,
          "line": 24,
          "col": 14,
          "expr": "github.token"
        }
      },
      {
        "key": {
          "type": 0,
          "file": 2,
          "line": 25,
          "col": 3,
          "lit": "ssh-key"
        },
        "value": ""
      },
      {
        "key": {
          "type": 0,
          "file": 2,
          "line": 37,
          "col": 3,
          "lit": "ssh-known-hosts"
        },
        "value": ""
      },
      {
        "key": {
          "type": 0,
          "file": 2,
          "line": 42,
          "col": 3,
          "lit": "ssh-strict"
        },
        "value": {
          "type": 0,
          "file": 2,
          "line": 47,
          "col": 14,
          "lit": "true"
        }
      },
      {
        "key": {
          "type": 0,
          "file": 2,
          "line": 48,
          "col": 3,
          "lit": "ssh-user"
        },
        "value": {
          "type": 0,
          "file": 2,
          "line": 51,
          "col": 14,
          "lit": "git"
        }
      },
      {
        "key": {
          "type": 0,
          "file": 2,
          "line": 52,
          "col": 3,
          "lit": "persist-credentials"
        },
        "value": {
          "type": 0,
          "file": 2,
          "line": 54,
          "col": 14,
          "lit": "true"
        }
      },
      {
        "key": {
          "type": 0,
          "file": 2,
          "line": 55,
          "col": 3,
          "lit": "path"
        },
        "value": ""
      },
      {
        "key": {
          "type": 0,
          "file": 2,
          "line": 57,
          "col": 3,
          "lit": "clean"
        },
        "value": {
          "type": 0,
          "file": 2,
          "line": 59,
          "col": 14,
          "lit": "true"
        }
      },
      {
        "key": {
          "type": 0,
          "file": 2,
          "line": 60,
          "col": 3,
          "lit": "filter"
        },
        "value": {
          "type": 0,
          "file": 2,
          "line": 64,
          "col": 14,
          "lit": ""
        }
      },
      {
        "key": {
          "type": 0,
          "file": 2,
          "line": 65,
          "col": 3,
          "lit": "sparse-checkout"
        },
        "value": {
          "type": 0,
          "file": 2,
          "line": 69,
          "col": 14,
          "lit": ""
        }
      },
      {
        "key": {
          "type": 0,
          "file": 2,
          "line": 70,
          "col": 3,
          "lit": "sparse-checkout-cone-mode"
        },
        "value": {
          "type": 0,
          "file": 2,
          "line": 73,
          "col": 14,
          "lit": "true"
        }
      },
      {
        "key": {
          "type": 0,
          "file": 2,
          "line": 74,
          "col": 3,
          "lit": "fetch-depth"
        },
        "value": {
          "type": 0,
          "file": 2,
          "line": 76,
          "col": 14,
          "lit": "1"
        }
      },
      {
        "key": {
          "type": 0,
          "file": 2,
          "line": 77,
          "col": 3,
          "lit": "fetch-tags"
        },
        "value": {
          "type": 0,
          "file": 2,
          "line": 79,
          "col": 14,
          "lit": "false"
        }
      },
      {
        "key": {
          "type": 0,
          "file": 2,
          "line": 80,
          "col": 3,
          "lit": "show-progress"
        },
        "value": {
          "type": 0,
          "file": 2,
          "line": 82,
          "col": 14,
          "lit": "true"
        }
      },
      {
        "key": {
          "type": 0,
          "file": 2,
          "line": 83,
          "col": 3,
          "lit": "lfs"
        },
        "value": {
          "type": 0,
          "file": 2,
          "line": 85,
          "col": 14,
          "lit": "false"
        }
      },
      {
        "key": {
          "type": 0,
          "file": 2,
          "line": 86,
          "col": 3,
          "lit": "submodules"
        },
        "value": {
          "type": 0,
          "file": 2,
          "line": 94,
          "col": 14,
          "lit": "false"
        }
      },
      {
        "key": {
          "type": 0,
          "file": 2,
          "line": 95,
          "col": 3,
          "lit": "set-safe-directory"
        },
        "value": {
          "type": 0,
          "file": 2,
          "line": 97,
          "col": 14,
          "lit": "true"
        }
      },
      {
        "key": {
          "type": 0,
          "file": 2,
          "line": 98,
          "col": 3,
          "lit": "github-server-url"
        },
        "value": ""
      },
      {
        "key": {
          "type": 0,
          "file": 2,
          "line": 101,
          "col": 3,
          "lit": "allow-unsafe-pr-checkout"
        },
        "value": {
          "type": 0,
          "file": 2,
          "line": 109,
          "col": 14,
          "lit": "false"
        }
      }
    ]
  },
  "execution": {
    "executionType": "nodeJS",
    "hasPre": false,
    "hasPost": true,
    "script": "dist/index.js",
    "pre": null,
    "post": "dist/index.js",
    "nodeVersion": "node20",
    "cleanupCondition": "always()",
    "initCondition": "always()"
  },
  "deprecated": null
}
[2026-08-17 20:32:55Z INFO ActionManager] Action pre node.js file: N/A.
[2026-08-17 20:32:55Z INFO ActionManager] Action node.js file: dist/index.js.
[2026-08-17 20:32:55Z INFO ActionManager] Action post node.js file: dist/index.js.
[2026-08-17 20:32:55Z INFO HostContext] Well known directory 'Bin': 'E:\devops\Complete Terraform\terraform\terraform 15AUG\terraform15Aug\actions-runner\bin'
[2026-08-17 20:32:55Z INFO HostContext] Well known directory 'Root': 'E:\devops\Complete Terraform\terraform\terraform 15AUG\terraform15Aug\actions-runner'
[2026-08-17 20:32:55Z INFO HostContext] Well known directory 'Work': 'E:\devops\Complete Terraform\terraform\terraform 15AUG\terraform15Aug\actions-runner\_work'
[2026-08-17 20:32:55Z INFO HostContext] Well known directory 'Temp': 'E:\devops\Complete Terraform\terraform\terraform 15AUG\terraform15Aug\actions-runner\_work\_temp'
[2026-08-17 20:32:55Z INFO ExecutionContext] Write event payload to E:\devops\Complete Terraform\terraform\terraform 15AUG\terraform15Aug\actions-runner\_work\_temp\_github_workflow\event.json
[2026-08-17 20:32:55Z INFO HostContext] Well known directory 'Bin': 'E:\devops\Complete Terraform\terraform\terraform 15AUG\terraform15Aug\actions-runner\bin'
[2026-08-17 20:32:55Z INFO HostContext] Well known directory 'Root': 'E:\devops\Complete Terraform\terraform\terraform 15AUG\terraform15Aug\actions-runner'
[2026-08-17 20:32:55Z INFO HostContext] Well known directory 'Work': 'E:\devops\Complete Terraform\terraform\terraform 15AUG\terraform15Aug\actions-runner\_work'
[2026-08-17 20:32:55Z INFO HostContext] Well known directory 'Temp': 'E:\devops\Complete Terraform\terraform\terraform 15AUG\terraform15Aug\actions-runner\_work\_temp'
[2026-08-17 20:32:55Z INFO ExtensionManager] Getting extensions for interface: 'GitHub.Runner.Worker.IFileCommandExtension'
[2026-08-17 20:32:55Z INFO ActionManifestManagerLegacy] Input 'repository': default value evaluate result: {
  "type": 0,
  "file": 2,
  "line": 6,
  "col": 14,
  "lit": "rahulsharma582/terraform15Aug"
}
[2026-08-17 20:32:55Z INFO ActionManifestManagerLegacy] Input 'ref': default value evaluate result: ""
[2026-08-17 20:32:55Z INFO ActionManifestManagerLegacy] Input 'token': default value evaluate result: {
  "type": 0,
  "file": 2,
  "line": 24,
  "col": 14,
  "lit": "***"
}
[2026-08-17 20:32:55Z INFO ActionManifestManagerLegacy] Input 'ssh-key': default value evaluate result: ""
[2026-08-17 20:32:55Z INFO ActionManifestManagerLegacy] Input 'ssh-known-hosts': default value evaluate result: ""
[2026-08-17 20:32:55Z INFO ActionManifestManagerLegacy] Input 'ssh-strict': default value evaluate result: {
  "type": 0,
  "file": 2,
  "line": 47,
  "col": 14,
  "lit": "true"
}
[2026-08-17 20:32:55Z INFO ActionManifestManagerLegacy] Input 'ssh-user': default value evaluate result: {
  "type": 0,
  "file": 2,
  "line": 51,
  "col": 14,
  "lit": "git"
}
[2026-08-17 20:32:55Z INFO ActionManifestManagerLegacy] Input 'persist-credentials': default value evaluate result: {
  "type": 0,
  "file": 2,
  "line": 54,
  "col": 14,
  "lit": "true"
}
[2026-08-17 20:32:55Z INFO ActionManifestManagerLegacy] Input 'path': default value evaluate result: ""
[2026-08-17 20:32:55Z INFO ActionManifestManagerLegacy] Input 'clean': default value evaluate result: {
  "type": 0,
  "file": 2,
  "line": 59,
  "col": 14,
  "lit": "true"
}
[2026-08-17 20:32:55Z INFO ActionManifestManagerLegacy] Input 'filter': default value evaluate result: {
  "type": 0,
  "file": 2,
  "line": 64,
  "col": 14,
  "lit": ""
}
[2026-08-17 20:32:55Z INFO ActionManifestManagerLegacy] Input 'sparse-checkout': default value evaluate result: {
  "type": 0,
  "file": 2,
  "line": 69,
  "col": 14,
  "lit": ""
}
[2026-08-17 20:32:55Z INFO ActionManifestManagerLegacy] Input 'sparse-checkout-cone-mode': default value evaluate result: {
  "type": 0,
  "file": 2,
  "line": 73,
  "col": 14,
  "lit": "true"
}
[2026-08-17 20:32:55Z INFO ActionManifestManagerLegacy] Input 'fetch-tags': default value evaluate result: {
  "type": 0,
  "file": 2,
  "line": 79,
  "col": 14,
  "lit": "false"
}
[2026-08-17 20:32:55Z INFO ActionManifestManagerLegacy] Input 'show-progress': default value evaluate result: {
  "type": 0,
  "file": 2,
  "line": 82,
  "col": 14,
  "lit": "true"
}
[2026-08-17 20:32:55Z INFO ActionManifestManagerLegacy] Input 'lfs': default value evaluate result: {
  "type": 0,
  "file": 2,
  "line": 85,
  "col": 14,
  "lit": "false"
}
[2026-08-17 20:32:55Z INFO ActionManifestManagerLegacy] Input 'submodules': default value evaluate result: {
  "type": 0,
  "file": 2,
  "line": 94,
  "col": 14,
  "lit": "false"
}
[2026-08-17 20:32:55Z INFO ActionManifestManagerLegacy] Input 'set-safe-directory': default value evaluate result: {
  "type": 0,
  "file": 2,
  "line": 97,
  "col": 14,
  "lit": "true"
}
[2026-08-17 20:32:55Z INFO ActionManifestManagerLegacy] Input 'github-server-url': default value evaluate result: ""
[2026-08-17 20:32:55Z INFO ActionManifestManagerLegacy] Input 'allow-unsafe-pr-checkout': default value evaluate result: {
  "type": 0,
  "file": 2,
  "line": 109,
  "col": 14,
  "lit": "false"
}
[2026-08-17 20:32:55Z INFO ExtensionManager] Getting extensions for interface: 'GitHub.Runner.Worker.IActionCommandExtension'
[2026-08-17 20:32:55Z INFO ActionCommandManager] Register action command extension for command internal-set-repo-path
[2026-08-17 20:32:55Z INFO ActionCommandManager] Register action command extension for command set-env
[2026-08-17 20:32:55Z INFO ActionCommandManager] Register action command extension for command set-output
[2026-08-17 20:32:55Z INFO ActionCommandManager] Register action command extension for command save-state
[2026-08-17 20:32:55Z INFO ActionCommandManager] Register action command extension for command add-path
[2026-08-17 20:32:55Z INFO ActionCommandManager] Register action command extension for command add-mask
[2026-08-17 20:32:55Z INFO ActionCommandManager] Register action command extension for command add-matcher
[2026-08-17 20:32:55Z INFO ActionCommandManager] Register action command extension for command remove-matcher
[2026-08-17 20:32:55Z INFO ActionCommandManager] Register action command extension for command warning
[2026-08-17 20:32:55Z INFO ActionCommandManager] Register action command extension for command error
[2026-08-17 20:32:55Z INFO ActionCommandManager] Register action command extension for command notice
[2026-08-17 20:32:55Z INFO ActionCommandManager] Register action command extension for command debug
[2026-08-17 20:32:55Z INFO ActionCommandManager] Register action command extension for command group
[2026-08-17 20:32:55Z INFO ActionCommandManager] Register action command extension for command endgroup
[2026-08-17 20:32:55Z INFO ActionCommandManager] Register action command extension for command echo
[2026-08-17 20:32:55Z INFO HostContext] Well known directory 'Bin': 'E:\devops\Complete Terraform\terraform\terraform 15AUG\terraform15Aug\actions-runner\bin'
[2026-08-17 20:32:55Z INFO HostContext] Well known directory 'Root': 'E:\devops\Complete Terraform\terraform\terraform 15AUG\terraform15Aug\actions-runner'
[2026-08-17 20:32:55Z INFO HostContext] Well known directory 'Externals': 'E:\devops\Complete Terraform\terraform\terraform 15AUG\terraform15Aug\actions-runner\externals'
[2026-08-17 20:32:55Z INFO ProcessInvokerWrapper] Starting process:
[2026-08-17 20:32:55Z INFO ProcessInvokerWrapper]   File name: 'E:\devops\Complete Terraform\terraform\terraform 15AUG\terraform15Aug\actions-runner\externals\node24\bin\node.exe'
[2026-08-17 20:32:55Z INFO ProcessInvokerWrapper]   Arguments: '"E:\devops\Complete Terraform\terraform\terraform 15AUG\terraform15Aug\actions-runner\_work\_actions\actions\checkout\v4\dist/index.js"'
[2026-08-17 20:32:55Z INFO ProcessInvokerWrapper]   Working directory: 'E:\devops\Complete Terraform\terraform\terraform 15AUG\terraform15Aug\actions-runner\_work\terraform15Aug\terraform15Aug'
[2026-08-17 20:32:55Z INFO ProcessInvokerWrapper]   Require exit code zero: 'False'
[2026-08-17 20:32:55Z INFO ProcessInvokerWrapper]   Encoding web name: utf-8 ; code page: '65001'
[2026-08-17 20:32:55Z INFO ProcessInvokerWrapper]   Force kill process on cancellation: 'False'
[2026-08-17 20:32:55Z INFO ProcessInvokerWrapper]   Redirected STDIN: 'False'
[2026-08-17 20:32:55Z INFO ProcessInvokerWrapper]   Persist current code page: 'True'
[2026-08-17 20:32:55Z INFO ProcessInvokerWrapper]   Keep redirected STDIN open: 'False'
[2026-08-17 20:32:55Z INFO ProcessInvokerWrapper]   High priority process: 'False'
[2026-08-17 20:32:55Z INFO ProcessInvokerWrapper] Process started with process id 16088, waiting for process exit.
[2026-08-17 20:32:55Z INFO JobServerQueue] Try to upload 1 log files or attachments, success rate: 1/1.
[2026-08-17 20:32:55Z INFO JobServerQueue] Try to append 1 batches web console lines for record 'dff4f8ca-177c-4c03-8952-989ab8251fa9', success rate: 1/1.
[2026-08-17 20:32:55Z INFO JobServerQueue] Try to append 1 batches web console lines for record '0ddc2704-16cf-472d-ab48-6a6c2d8edea2', success rate: 1/1.
[2026-08-17 20:32:56Z INFO AddMaskCommandExtension] Add new secret mask with length of 32
[2026-08-17 20:32:56Z INFO JobServerQueue] Tried to upload 1 file(s) to results, success rate: 1/1.
[2026-08-17 20:32:56Z INFO JobServerQueue] Try to append 1 batches web console lines for record '0ddc2704-16cf-472d-ab48-6a6c2d8edea2', success rate: 1/1.
[2026-08-17 20:32:58Z INFO JobServerQueue] Try to append 1 batches web console lines for record '0ddc2704-16cf-472d-ab48-6a6c2d8edea2', success rate: 1/1.
[2026-08-17 20:33:00Z INFO JobServerQueue] Try to append 1 batches web console lines for record '0ddc2704-16cf-472d-ab48-6a6c2d8edea2', success rate: 1/1.
[2026-08-17 20:33:01Z INFO ProcessInvokerWrapper] STDOUT/STDERR stream read finished.
[2026-08-17 20:33:01Z INFO ProcessInvokerWrapper] STDOUT/STDERR stream read finished.
[2026-08-17 20:33:01Z INFO ProcessInvokerWrapper] Finished process 16088 with exit code 0, and elapsed time 00:00:05.6748177.
[2026-08-17 20:33:01Z INFO CreateStepSummaryCommand] Step Summary file (E:\devops\Complete Terraform\terraform\terraform 15AUG\terraform15Aug\actions-runner\_work\_temp\_runner_file_commands\step_summary_bb44ab80-01b0-4293-90fe-e1bd4689d3fb) is empty; skipping attachment upload
[2026-08-17 20:33:01Z INFO StepsRunner] Step result: 
[2026-08-17 20:33:01Z INFO ExecutionContext] Publish step telemetry for current step {
  "action": "actions/checkout",
  "ref": "v4",
  "type": "node24",
  "stage": "Post",
  "stepId": "0ddc2704-16cf-472d-ab48-6a6c2d8edea2",
  "result": "succeeded",
  "errorMessages": [],
  "executionTimeInSeconds": 6,
  "startTime": "2026-08-17T20:32:55.579306Z",
  "finishTime": "2026-08-17T20:33:01.320796Z"
}.
[2026-08-17 20:33:01Z INFO StepsRunner] No need for updating job result with current step result 'Succeeded'.
[2026-08-17 20:33:01Z INFO StepsRunner] Current state: job state = 'Failed'
[2026-08-17 20:33:01Z INFO JobRunner] Finalize job.
[2026-08-17 20:33:01Z INFO HostContext] Well known directory 'Bin': 'E:\devops\Complete Terraform\terraform\terraform 15AUG\terraform15Aug\actions-runner\bin'
[2026-08-17 20:33:01Z INFO HostContext] Well known directory 'Root': 'E:\devops\Complete Terraform\terraform\terraform 15AUG\terraform15Aug\actions-runner'
[2026-08-17 20:33:01Z INFO HostContext] Well known directory 'Diag': 'E:\devops\Complete Terraform\terraform\terraform 15AUG\terraform15Aug\actions-runner\_diag'
[2026-08-17 20:33:01Z INFO HostContext] Well known directory 'Bin': 'E:\devops\Complete Terraform\terraform\terraform 15AUG\terraform15Aug\actions-runner\bin'
[2026-08-17 20:33:01Z INFO HostContext] Well known directory 'Root': 'E:\devops\Complete Terraform\terraform\terraform 15AUG\terraform15Aug\actions-runner'
[2026-08-17 20:33:01Z INFO HostContext] Well known directory 'Diag': 'E:\devops\Complete Terraform\terraform\terraform 15AUG\terraform15Aug\actions-runner\_diag'
[2026-08-17 20:33:01Z INFO JobExtension] Initialize Env context
[2026-08-17 20:33:01Z INFO JobExtension] Initialize steps context
[2026-08-17 20:33:01Z INFO JobExtension] Total accessible running process: 241.
[2026-08-17 20:33:01Z INFO JobExtension] Inspecting process environment variables. PID: 14364 (audiodg)
[2026-08-17 20:33:01Z INFO JobServerQueue] Got a step log file to send to results service.
[2026-08-17 20:33:01Z INFO JobServerQueue] Starting upload of step log file to results service ResultsLog, E:\devops\Complete Terraform\terraform\terraform 15AUG\terraform15Aug\actions-runner\_diag\blocks\00c0bdd4-47af-4be1-94c5-22e28cceea00_0ddc2704-16cf-472d-ab48-6a6c2d8edea2.1
[2026-08-17 20:33:01Z WARN JobExtension] Ignore exception during read process environment variables: Access is denied.
[2026-08-17 20:33:01Z INFO JobServerQueue] Try to append 1 batches web console lines for record '98e03be7-50ea-4ca0-9683-80c995b06138', success rate: 1/1.
[2026-08-17 20:33:01Z INFO JobServerQueue] Try to upload 1 log files or attachments, success rate: 1/1.
[2026-08-17 20:33:01Z INFO JobExtension] Inspecting process environment variables. PID: 14640 (svchost)
[2026-08-17 20:33:02Z INFO JobExtension] Inspecting process environment variables. PID: 13732 (MpCmdRun)
[2026-08-17 20:33:02Z WARN JobExtension] Ignore exception during read process environment variables: Access is denied.
[2026-08-17 20:33:02Z INFO JobExtension] Inspecting process environment variables. PID: 2720 (conhost)
[2026-08-17 20:33:02Z WARN JobExtension] Ignore exception during read process environment variables: Access is denied.
[2026-08-17 20:33:02Z INFO JobExtension] Inspecting process environment variables. PID: 15964 (MpCmdRun)
[2026-08-17 20:33:02Z WARN JobExtension] Ignore exception during read process environment variables: Access is denied.
[2026-08-17 20:33:02Z INFO JobExtension] Inspecting process environment variables. PID: 4640 (conhost)
[2026-08-17 20:33:02Z WARN JobExtension] Ignore exception during read process environment variables: Access is denied.
[2026-08-17 20:33:02Z INFO JobExtension] Inspecting process environment variables. PID: 5680 (svchost)
[2026-08-17 20:33:02Z WARN JobExtension] Ignore exception during read process environment variables: Access is denied.
[2026-08-17 20:33:02Z INFO JobExtension] Inspecting process environment variables. PID: 15452 (smartscreen)
[2026-08-17 20:33:02Z INFO JobExtension] Inspecting process environment variables. PID: 13180 (OpenWith)
[2026-08-17 20:33:02Z INFO JobExtension] Inspecting process environment variables. PID: 3180 (OpenWith)
[2026-08-17 20:33:02Z INFO JobExtension] Inspecting process environment variables. PID: 9840 (OpenWith)
[2026-08-17 20:33:02Z INFO JobExtension] Inspecting process environment variables. PID: 3760 (svchost)
[2026-08-17 20:33:02Z WARN JobExtension] Ignore exception during read process environment variables: Access is denied.
[2026-08-17 20:33:02Z INFO JobExtension] Inspecting process environment variables. PID: 4860 (RuntimeBroker)
[2026-08-17 20:33:02Z INFO JobExtension] Inspecting process environment variables. PID: 6172 (WmiPrvSE)
[2026-08-17 20:33:02Z WARN JobExtension] Ignore exception during read process environment variables: Access is denied.
[2026-08-17 20:33:02Z INFO JobExtension] Inspecting process environment variables. PID: 16180 (svchost)
[2026-08-17 20:33:02Z WARN JobExtension] Ignore exception during read process environment variables: Access is denied.
[2026-08-17 20:33:02Z INFO JobExtension] Wait for all connectivity checks to finish.
[2026-08-17 20:33:02Z INFO JobExtension] Connectivity check result: {
  "endpointUrl": "https://broker.actions.githubusercontent.com/health",
  "endpointIPs": null,
  "startTime": "2026-08-17T20:30:33.9139771Z",
  "statusCode": "http_OK",
  "requestId": "C298:13C773:21E09E4:222557E:6A836F71",
  "httpRequestDurationInMs": 703,
  "dnsResolutionDurationInMs": 0,
  "dnsError": null
}
[2026-08-17 20:33:02Z INFO JobExtension] Connectivity check result: {
  "endpointUrl": "https://token.actions.githubusercontent.com/ready",
  "endpointIPs": null,
  "startTime": "2026-08-17T20:30:33.9154351Z",
  "statusCode": "http_NoContent",
  "requestId": "C29A:1A2EC1:13B6C49:15C68FF:6A836F71",
  "httpRequestDurationInMs": 955,
  "dnsResolutionDurationInMs": 0,
  "dnsError": null
}
[2026-08-17 20:33:02Z INFO JobExtension] Connectivity check result: {
  "endpointUrl": "https://run.actions.githubusercontent.com/health",
  "endpointIPs": null,
  "startTime": "2026-08-17T20:30:33.9158889Z",
  "statusCode": "http_OK",
  "requestId": "C299:2902E4:21FDA12:22AFA4A:6A836F71",
  "httpRequestDurationInMs": 719,
  "dnsResolutionDurationInMs": 0,
  "dnsError": null
}
[2026-08-17 20:33:02Z INFO ExecutionContext] Publish step telemetry for current step {
  "action": "complete_job",
  "type": "runner",
  "stage": "Post",
  "stepId": "98e03be7-50ea-4ca0-9683-80c995b06138",
  "result": "succeeded",
  "errorMessages": [
    "Node.js 20 is deprecated. The following actions target Node.js 20 but are being forced to run on Node.js 24: actions/checkout@v4, hashicorp/setup-terraform@v3. For more information see: https://github.blog/changelog/2025-09-19-deprecation-of-node-20-on-git"
  ],
  "executionTimeInSeconds": 1,
  "startTime": "2026-08-17T20:33:01.3283062Z",
  "finishTime": "2026-08-17T20:33:02.0528021Z"
}.
[2026-08-17 20:33:02Z INFO JobRunner] Job result after all job steps finish: Failed
[2026-08-17 20:33:02Z INFO JobRunner] Completing the job execution context.
[2026-08-17 20:33:02Z INFO JobRunner] Shutting down the job server queue.
[2026-08-17 20:33:02Z INFO JobServerQueue] Fire signal to shutdown all queues.
[2026-08-17 20:33:02Z INFO JobServerQueue] Tried to upload 1 file(s) to results, success rate: 1/1.
[2026-08-17 20:33:03Z INFO JobServerQueue] All queue process task stopped.
[2026-08-17 20:33:03Z INFO JobServerQueue] Try to append 1 batches web console lines for record '98e03be7-50ea-4ca0-9683-80c995b06138', success rate: 1/1.
[2026-08-17 20:33:03Z INFO JobServerQueue] Web console line queue drained.
[2026-08-17 20:33:03Z INFO JobServerQueue] Uploading 2 files in one shot.
[2026-08-17 20:33:03Z INFO JobServerQueue] Try to upload 2 log files or attachments, success rate: 2/2.
[2026-08-17 20:33:03Z INFO JobServerQueue] File upload queue drained.
[2026-08-17 20:33:03Z INFO JobServerQueue] Starting results-based upload queue...
[2026-08-17 20:33:03Z INFO JobServerQueue] Uploading 2 file(s) in one shot through results service.
[2026-08-17 20:33:03Z INFO JobServerQueue] Got a step log file to send to results service.
[2026-08-17 20:33:03Z INFO JobServerQueue] Starting upload of step log file to results service ResultsLog, E:\devops\Complete Terraform\terraform\terraform 15AUG\terraform15Aug\actions-runner\_diag\blocks\00c0bdd4-47af-4be1-94c5-22e28cceea00_98e03be7-50ea-4ca0-9683-80c995b06138.1
[2026-08-17 20:33:03Z INFO JobServerQueue] Got a job log file to send to results service.
[2026-08-17 20:33:03Z INFO JobServerQueue] Starting upload of job log file to results service ResultsLog, E:\devops\Complete Terraform\terraform\terraform 15AUG\terraform15Aug\actions-runner\_diag\blocks\00c0bdd4-47af-4be1-94c5-22e28cceea00_40815218-2943-528d-80b5-aae6e8fad8c7.1
[2026-08-17 20:33:04Z INFO JobServerQueue] Tried to upload 2 file(s) to results, success rate: 2/2.
[2026-08-17 20:33:04Z INFO JobServerQueue] Results upload queue drained.
[2026-08-17 20:33:04Z INFO JobServerQueue] Timeline update queue drained.
[2026-08-17 20:33:04Z INFO JobServerQueue] Disposing job server ...
[2026-08-17 20:33:04Z INFO JobServerQueue] Disposing results server ...
[2026-08-17 20:33:04Z INFO JobServerQueue] All queue process tasks have been stopped, and all queues are drained.
[2026-08-17 20:33:04Z INFO TempDirectoryManager] Cleaning runner temp folder: E:\devops\Complete Terraform\terraform\terraform 15AUG\terraform15Aug\actions-runner\_work\_temp
[2026-08-17 20:33:05Z INFO HostContext] Well known directory 'Bin': 'E:\devops\Complete Terraform\terraform\terraform 15AUG\terraform15Aug\actions-runner\bin'
[2026-08-17 20:33:05Z INFO HostContext] Well known directory 'Root': 'E:\devops\Complete Terraform\terraform\terraform 15AUG\terraform15Aug\actions-runner'
[2026-08-17 20:33:05Z INFO HostContext] Well known directory 'Diag': 'E:\devops\Complete Terraform\terraform\terraform 15AUG\terraform15Aug\actions-runner\_diag'
[2026-08-17 20:33:05Z INFO HostContext] Well known config file 'Telemetry': 'E:\devops\Complete Terraform\terraform\terraform 15AUG\terraform15Aug\actions-runner\_diag\.telemetry'
[2026-08-17 20:33:05Z INFO JobRunner] Raising job completed against run service
[2026-08-17 20:33:05Z INFO Worker] Job completed.
