[2026-08-18 19:29:41Z INFO HostContext] No proxy settings were found based on environmental variables (http_proxy/https_proxy/HTTP_PROXY/HTTPS_PROXY)
[2026-08-18 19:29:41Z INFO HostContext] Well known directory 'Bin': 'E:\devops\Complete Terraform\terraform\terraform 15AUG\terraform15Aug\actions-runner\bin'
[2026-08-18 19:29:41Z INFO HostContext] Well known directory 'Root': 'E:\devops\Complete Terraform\terraform\terraform 15AUG\terraform15Aug\actions-runner'
[2026-08-18 19:29:41Z INFO HostContext] Well known config file 'Credentials': 'E:\devops\Complete Terraform\terraform\terraform 15AUG\terraform15Aug\actions-runner\.credentials'
[2026-08-18 19:29:41Z INFO HostContext] Well known directory 'Bin': 'E:\devops\Complete Terraform\terraform\terraform 15AUG\terraform15Aug\actions-runner\bin'
[2026-08-18 19:29:41Z INFO HostContext] Well known directory 'Root': 'E:\devops\Complete Terraform\terraform\terraform 15AUG\terraform15Aug\actions-runner'
[2026-08-18 19:29:41Z INFO HostContext] Well known config file 'Runner': 'E:\devops\Complete Terraform\terraform\terraform 15AUG\terraform15Aug\actions-runner\.runner'
[2026-08-18 19:29:41Z INFO Worker] Version: 2.336.0
[2026-08-18 19:29:41Z INFO Worker] Commit: 98aabcd429c4e8402406c56ce2d26387fed3b9ce
[2026-08-18 19:29:41Z INFO Worker] Culture: en-IN
[2026-08-18 19:29:41Z INFO Worker] UI Culture: en-US
[2026-08-18 19:29:41Z INFO Worker] Waiting to receive the job message from the channel.
[2026-08-18 19:29:41Z INFO ProcessChannel] Receiving message of length 27700, with hash '33c6d7e3153f90074bbdb2b89ed4ff9a5d05d3d65e06de4ddaae88b3f4e88917'
[2026-08-18 19:29:41Z INFO Worker] Message received.
[2026-08-18 19:29:42Z INFO Worker] Job message:
 {
  "environmentVariables": [
    {
      "type": 2,
      "file": 1,
      "line": 13,
      "col": 3,
      "map": [
        {
          "key": {
            "type": 0,
            "file": 1,
            "line": 13,
            "col": 3,
            "lit": "TF_WORKING_DIR"
          },
          "value": {
            "type": 0,
            "file": 1,
            "line": 13,
            "col": 19,
            "lit": "./prod_parent_module"
          }
        },
        {
          "key": {
            "type": 0,
            "file": 1,
            "line": 14,
            "col": 3,
            "lit": "TF_IN_AUTOMATION"
          },
          "value": {
            "type": 0,
            "file": 1,
            "line": 14,
            "col": 21,
            "lit": "true"
          }
        },
        {
          "key": {
            "type": 0,
            "file": 1,
            "line": 15,
            "col": 3,
            "lit": "ARM_USE_OIDC"
          },
          "value": {
            "type": 0,
            "file": 1,
            "line": 15,
            "col": 17,
            "lit": "true"
          }
        }
      ]
    }
  ],
  "fileTable": [
    ".github/workflows/CI.yml"
  ],
  "mask": [
    {
      "type": "regex",
      "value": "***"
    },
    {
      "type": "regex",
      "value": "***"
    },
    {
      "type": "regex",
      "value": "***"
    },
    {
      "type": "regex",
      "value": "***"
    },
    {
      "type": "regex",
      "value": "***"
    },
    {
      "type": "regex",
      "value": "***"
    },
    {
      "type": "regex",
      "value": "***"
    },
    {
      "type": "regex",
      "value": "***"
    },
    {
      "type": "regex",
      "value": "***"
    },
    {
      "type": "regex",
      "value": "***"
    },
    {
      "type": "regex",
      "value": "***"
    },
    {
      "type": "regex",
      "value": "***"
    },
    {
      "type": "regex",
      "value": "***"
    },
    {
      "type": "regex",
      "value": "***"
    },
    {
      "type": "regex",
      "value": "***"
    },
    {
      "type": "regex",
      "value": "***"
    },
    {
      "type": "regex",
      "value": "***"
    },
    {
      "type": "regex",
      "value": "***"
    },
    {
      "type": "regex",
      "value": "***"
    },
    {
      "type": "regex",
      "value": "***"
    },
    {
      "type": "regex",
      "value": "***"
    },
    {
      "type": "regex",
      "value": "***"
    },
    {
      "type": "regex",
      "value": "***"
    }
  ],
  "steps": [
    {
      "type": "action",
      "reference": {
        "type": "repository",
        "name": "actions/checkout",
        "ref": "v4",
        "repositoryType": "GitHub"
      },
      "displayNameToken": {
        "type": 0,
        "file": 1,
        "line": 28,
        "col": 15,
        "lit": "Checkout Code"
      },
      "contextName": "__actions_checkout",
      "inputs": {
        "type": 2,
        "file": 1,
        "line": 31,
        "col": 11,
        "map": [
          {
            "key": {
              "type": 0,
              "file": 1,
              "line": 31,
              "col": 11,
              "lit": "fetch-depth"
            },
            "value": {
              "type": 0,
              "file": 1,
              "line": 31,
              "col": 24,
              "lit": "0"
            }
          }
        ]
      },
      "condition": "success()",
      "id": "262f1490-9989-4d9c-b937-752a725f687c",
      "name": "__actions_checkout"
    },
    {
      "type": "action",
      "reference": {
        "type": "repository",
        "name": "hashicorp/setup-terraform",
        "ref": "v3",
        "repositoryType": "GitHub"
      },
      "displayNameToken": {
        "type": 0,
        "file": 1,
        "line": 33,
        "col": 15,
        "lit": "Setup Terraform"
      },
      "contextName": "__hashicorp_setup-terraform",
      "condition": "success()",
      "id": "8e30869a-06e3-494e-993a-b069ae2f8f4e",
      "name": "__hashicorp_setup-terraform"
    },
    {
      "type": "action",
      "reference": {
        "type": "script"
      },
      "displayNameToken": {
        "type": 0,
        "file": 1,
        "line": 36,
        "col": 15,
        "lit": "Terraform Version"
      },
      "contextName": "__run",
      "inputs": {
        "type": 2,
        "map": [
          {
            "key": "script",
            "value": {
              "type": 0,
              "file": 1,
              "line": 37,
              "col": 14,
              "lit": "terraform version"
            }
          }
        ]
      },
      "condition": "success()",
      "id": "4ddf5ded-e9a7-4b71-874e-a6784b73ef02",
      "name": "__run"
    },
    {
      "type": "action",
      "reference": {
        "type": "script"
      },
      "displayNameToken": {
        "type": 0,
        "file": 1,
        "line": 39,
        "col": 15,
        "lit": "Terraform Format Check"
      },
      "contextName": "__run_2",
      "inputs": {
        "type": 2,
        "map": [
          {
            "key": "script",
            "value": {
              "type": 0,
              "file": 1,
              "line": 41,
              "col": 14,
              "lit": "terraform fmt -check -recursive"
            }
          },
          {
            "key": "workingDirectory",
            "value": {
              "type": 3,
              "file": 1,
              "line": 40,
              "col": 28,
              "expr": "env.TF_WORKING_DIR"
            }
          }
        ]
      },
      "condition": "success()",
      "id": "fa906960-dfd0-4144-a4cc-9c7b40109d4e",
      "name": "__run_2"
    },
    {
      "type": "action",
      "reference": {
        "type": "script"
      },
      "displayNameToken": {
        "type": 0,
        "file": 1,
        "line": 43,
        "col": 15,
        "lit": "Terraform Init"
      },
      "contextName": "__run_3",
      "inputs": {
        "type": 2,
        "map": [
          {
            "key": "script",
            "value": {
              "type": 0,
              "file": 1,
              "line": 45,
              "col": 14,
              "lit": "terraform init -backend=false"
            }
          },
          {
            "key": "workingDirectory",
            "value": {
              "type": 3,
              "file": 1,
              "line": 44,
              "col": 28,
              "expr": "env.TF_WORKING_DIR"
            }
          }
        ]
      },
      "condition": "success()",
      "id": "749c58f9-d253-4cc9-a8d4-4e11f8d2a2de",
      "name": "__run_3"
    },
    {
      "type": "action",
      "reference": {
        "type": "script"
      },
      "displayNameToken": {
        "type": 0,
        "file": 1,
        "line": 47,
        "col": 15,
        "lit": "Terraform Validate"
      },
      "contextName": "__run_4",
      "inputs": {
        "type": 2,
        "map": [
          {
            "key": "script",
            "value": {
              "type": 0,
              "file": 1,
              "line": 49,
              "col": 14,
              "lit": "terraform validate"
            }
          },
          {
            "key": "workingDirectory",
            "value": {
              "type": 3,
              "file": 1,
              "line": 48,
              "col": 28,
              "expr": "env.TF_WORKING_DIR"
            }
          }
        ]
      },
      "condition": "success()",
      "id": "fa578509-25e8-4d30-ae79-377b6ae1b678",
      "name": "__run_4"
    },
    {
      "type": "action",
      "reference": {
        "type": "script"
      },
      "displayNameToken": {
        "type": 0,
        "file": 1,
        "line": 55,
        "col": 15,
        "lit": "Check Gitleaks"
      },
      "contextName": "__run_5",
      "inputs": {
        "type": 2,
        "map": [
          {
            "key": "script",
            "value": {
              "type": 0,
              "file": 1,
              "line": 56,
              "col": 14,
              "lit": "if ! command -v gitleaks >/dev/null 2>&1; then\n  echo \"Gitleaks is not installed on this self-hosted runner.\"\n  exit 1\nfi\n\ngitleaks version\n"
            }
          }
        ]
      },
      "condition": "success()",
      "id": "0b980d33-49bf-448b-a08c-1e803e8f8993",
      "name": "__run_5"
    },
    {
      "type": "action",
      "reference": {
        "type": "script"
      },
      "displayNameToken": {
        "type": 0,
        "file": 1,
        "line": 64,
        "col": 15,
        "lit": "Gitleaks Secret Scan"
      },
      "contextName": "__run_6",
      "inputs": {
        "type": 2,
        "map": [
          {
            "key": "script",
            "value": {
              "type": 0,
              "file": 1,
              "line": 65,
              "col": 14,
              "lit": "gitleaks detect \\\n  --source . \\\n  --no-banner \\\n  --redact\n"
            }
          }
        ]
      },
      "condition": "success()",
      "id": "2a9c19dc-7bbd-42e3-a757-7e45f8a93e6d",
      "name": "__run_6"
    }
  ],
  "variables": {
    "Actions.EnableHttpRedirects": {
      "value": "true"
    },
    "DistributedTask.AddWarningToNode12Action": {
      "value": "true"
    },
    "DistributedTask.AddWarningToNode16Action": {
      "value": "true"
    },
    "DistributedTask.AllowRunnerContainerHooks": {
      "value": "true"
    },
    "DistributedTask.DeprecateStepOutputCommands": {
      "value": "true"
    },
    "DistributedTask.DetailUntarFailure": {
      "value": "true"
    },
    "DistributedTask.EnableCompositeActions": {
      "value": "true"
    },
    "DistributedTask.EnableJobServerQueueTelemetry": {
      "value": "true"
    },
    "DistributedTask.EnhancedAnnotations": {
      "value": "true"
    },
    "DistributedTask.ForceGithubJavascriptActionsToNode16": {
      "value": "true"
    },
    "DistributedTask.ForceGithubJavascriptActionsToNode20": {
      "value": "true"
    },
    "DistributedTask.LogTemplateErrorsAsDebugMessages": {
      "value": "true"
    },
    "DistributedTask.MarkJobAsFailedOnWorkerCrash": {
      "value": "true"
    },
    "DistributedTask.NewActionMetadata": {
      "value": "true"
    },
    "DistributedTask.UploadStepSummary": {
      "value": "true"
    },
    "DistributedTask.UseActionArchiveCache": {
      "value": "true"
    },
    "DistributedTask.UseWhich2": {
      "value": "true"
    },
    "RunService.FixEmbeddedIssues": {
      "value": "true"
    },
    "actions.runner.requirenode24": {
      "value": "false"
    },
    "actions.runner.usenode24bydefault": {
      "value": "true"
    },
    "actions.runner.warnonnode20": {
      "value": "true"
    },
    "actions_add_check_run_id_to_job_context": {
      "value": "true"
    },
    "actions_batch_action_resolution": {
      "value": "false"
    },
    "actions_container_action_runner_temp": {
      "value": "true"
    },
    "actions_display_helpful_actions_download_errors": {
      "value": "true"
    },
    "actions_runner_allow_artifacts_file": {
      "value": "false"
    },
    "actions_runner_compare_workflow_parser": {
      "value": "false"
    },
    "actions_runner_deprecate_linux_arm32": {
      "value": "true"
    },
    "actions_runner_emit_composite_markers": {
      "value": "true"
    },
    "actions_runner_kill_linux_arm32": {
      "value": "false"
    },
    "actions_runner_node20_removal_date": {
      "value": ""
    },
    "actions_runner_node24_default_date": {
      "value": "June 16th, 2026"
    },
    "actions_self_repository": {
      "value": "true"
    },
    "actions_service_container_command": {
      "value": "true"
    },
    "actions_set_orchestration_id_env_for_actions": {
      "value": "true"
    },
    "actions_skip_retry_complete_job_upon_known_errors": {
      "value": "true"
    },
    "actions_snapshot_preflight_hosted_runner_check": {
      "value": "false"
    },
    "actions_snapshot_preflight_image_gen_pool_check": {
      "value": "false"
    },
    "actions_use_bearer_token_for_codeload": {
      "value": "false"
    },
    "actions_uses_cache_service_v2": {
      "value": "true"
    },
    "github_token": {
      "value": "***",
      "isSecret": true
    },
    "system.from_run_service": {
      "value": "true"
    },
    "system.github.job": {
      "value": "scan"
    },
    "system.github.launch_endpoint": {
      "value": "https://launch.actions.githubusercontent.com"
    },
    "system.github.results_endpoint": {
      "value": "https://results-receiver.actions.githubusercontent.com/"
    },
    "system.github.results_upload_with_sdk": {
      "value": "true"
    },
    "system.github.token": {
      "value": "***",
      "isSecret": true
    },
    "system.github.token.permissions": {
      "value": "{\"Contents\":\"read\",\"Metadata\":\"read\"}"
    },
    "system.orchestrationId": {
      "value": "3bb2ee00-256a-46e5-9b36-016f231efbed.scan.__default"
    },
    "system.phaseDisplayName": {
      "value": "Terraform Security Scan"
    },
    "system.runner.lowdiskspacethreshold": {
      "value": "100"
    },
    "system.runnerEnvironment": {
      "value": "self-hosted"
    },
    "system.runnerGroupName": {
      "value": "Default"
    }
  },
  "messageType": "RunnerJobRequest",
  "plan": {
    "scopeIdentifier": "00000000-0000-0000-0000-000000000000",
    "planType": "actions",
    "version": 0,
    "planId": "3bb2ee00-256a-46e5-9b36-016f231efbed",
    "planGroup": null,
    "artifactUri": null,
    "artifactLocation": null,
    "definition": null,
    "owner": null
  },
  "timeline": {
    "id": "3bb2ee00-256a-46e5-9b36-016f231efbed",
    "changeId": 0,
    "location": null
  },
  "jobId": "3fa1ad7b-592f-51f7-8626-7d8df4950bfa",
  "jobDisplayName": "Terraform Security Scan",
  "jobName": "__default",
  "requestId": 0,
  "lockedUntil": "0001-01-01T00:00:00",
  "resources": {
    "endpoints": [
      {
        "data": {
          "ServerId": "",
          "ServerName": "",
          "CacheServerUrl": "https://artifactcache.actions.githubusercontent.com/y8lifPeM7LoSev5b8ZD7afup9AuljtieLTtckKzCN1Ij2ZZudF/",
          "FeedStreamUrl": "wss://results-receiver.actions.githubusercontent.com/_ws/ingest.sock",
          "ResultsServiceUrl": "https://results-receiver.actions.githubusercontent.com/",
          "PipelinesServiceUrl": "https://pipelinesghubeus14.actions.githubusercontent.com/y8lifPeM7LoSev5b8ZD7afup9AuljtieLTtckKzCN1Ij2ZZudF/",
          "GenerateIdTokenUrl": "https://run-actions-2-azure-eastus.actions.githubusercontent.com/187//idtoken/3bb2ee00-256a-46e5-9b36-016f231efbed/3fa1ad7b-592f-51f7-8626-7d8df4950bfa?api-version=2.0",
          "ConnectivityChecks": "[\"https://broker.actions.githubusercontent.com/health\",\"https://token.actions.githubusercontent.com/ready\",\"https://run.actions.githubusercontent.com/health\"]",
          "ConnectivityAndDNSChecks": ""
        },
        "name": "SystemVssConnection",
        "url": "https://run-actions-2-azure-eastus.actions.githubusercontent.com/187/",
        "authorization": {
          "parameters": {
            "AccessToken": "***"
          },
          "scheme": "OAuth"
        },
        "isShared": false,
        "isReady": true
      }
    ]
  },
  "contextData": {
    "github": {
      "t": 2,
      "d": [
        {
          "k": "ref",
          "v": "refs/heads/features/CIpipeline"
        },
        {
          "k": "sha",
          "v": "1bb1e39b16a8970e1b3bd2b1074247a62d2cf4c2"
        },
        {
          "k": "repository",
          "v": "rahulsharma582/terraform15Aug"
        },
        {
          "k": "repository_owner",
          "v": "rahulsharma582"
        },
        {
          "k": "repository_owner_id",
          "v": "287917171"
        },
        {
          "k": "repositoryUrl",
          "v": "git://github.com/rahulsharma582/terraform15Aug.git"
        },
        {
          "k": "run_id",
          "v": "32176830258"
        },
        {
          "k": "run_number",
          "v": "10"
        },
        {
          "k": "retention_days",
          "v": "90"
        },
        {
          "k": "run_attempt",
          "v": "1"
        },
        {
          "k": "artifact_cache_size_limit",
          "v": "10"
        },
        {
          "k": "repository_visibility",
          "v": "public"
        },
        {
          "k": "actor_id",
          "v": "287917171"
        },
        {
          "k": "actor",
          "v": "rahulsharma582"
        },
        {
          "k": "workflow",
          "v": "Terraform CI-CD"
        },
        {
          "k": "head_ref",
          "v": ""
        },
        {
          "k": "base_ref",
          "v": ""
        },
        {
          "k": "event_name",
          "v": "push"
        },
        {
          "k": "server_url",
          "v": "https://github.com"
        },
        {
          "k": "api_url",
          "v": "https://api.github.com"
        },
        {
          "k": "graphql_url",
          "v": "https://api.github.com/graphql"
        },
        {
          "k": "ref_name",
          "v": "features/CIpipeline"
        },
        {
          "k": "ref_protected",
          "v": false
        },
        {
          "k": "ref_type",
          "v": "branch"
        },
        {
          "k": "secret_source",
          "v": "Actions"
        },
        {
          "k": "event",
          "v": {
            "t": 2,
            "d": [
              {
                "k": "after",
                "v": "1bb1e39b16a8970e1b3bd2b1074247a62d2cf4c2"
              },
              {
                "k": "base_ref",
                "v": null
              },
              {
                "k": "before",
                "v": "a8d64847c5f40a4e65800440e890d01d5f90707f"
              },
              {
                "k": "commits",
                "v": {
                  "t": 1,
                  "a": [
                    {
                      "t": 2,
                      "d": [
                        {
                          "k": "author",
                          "v": {
                            "t": 2,
                            "d": [
                              {
                                "k": "email",
                                "v": "rs4917112@gmail.com"
                              },
                              {
                                "k": "name",
                                "v": "Priyaanvi"
                              },
                              {
                                "k": "username",
                                "v": "rahulsharma582"
                              }
                            ]
                          }
                        },
                        {
                          "k": "committer",
                          "v": {
                            "t": 2,
                            "d": [
                              {
                                "k": "email",
                                "v": "rs4917112@gmail.com"
                              },
                              {
                                "k": "name",
                                "v": "Priyaanvi"
                              },
                              {
                                "k": "username",
                                "v": "rahulsharma582"
                              }
                            ]
                          }
                        },
                        {
                          "k": "distinct",
                          "v": true
                        },
                        {
                          "k": "id",
                          "v": "1bb1e39b16a8970e1b3bd2b1074247a62d2cf4c2"
                        },
                        {
                          "k": "message",
                          "v": "fix terraform CI pipeline"
                        },
                        {
                          "k": "timestamp",
                          "v": "2026-08-19T00:58:40+05:30"
                        },
                        {
                          "k": "tree_id",
                          "v": "d56884c00ffdc92534ca7427b3e69efde4039a6f"
                        },
                        {
                          "k": "url",
                          "v": "https://github.com/rahulsharma582/terraform15Aug/commit/1bb1e39b16a8970e1b3bd2b1074247a62d2cf4c2"
                        }
                      ]
                    }
                  ]
                }
              },
              {
                "k": "compare",
                "v": "https://github.com/rahulsharma582/terraform15Aug/compare/a8d64847c5f4...1bb1e39b16a8"
              },
              {
                "k": "created",
                "v": false
              },
              {
                "k": "deleted",
                "v": false
              },
              {
                "k": "forced",
                "v": false
              },
              {
                "k": "head_commit",
                "v": {
                  "t": 2,
                  "d": [
                    {
                      "k": "author",
                      "v": {
                        "t": 2,
                        "d": [
                          {
                            "k": "email",
                            "v": "rs4917112@gmail.com"
                          },
                          {
                            "k": "name",
                            "v": "Priyaanvi"
                          },
                          {
                            "k": "username",
                            "v": "rahulsharma582"
                          }
                        ]
                      }
                    },
                    {
                      "k": "committer",
                      "v": {
                        "t": 2,
                        "d": [
                          {
                            "k": "email",
                            "v": "rs4917112@gmail.com"
                          },
                          {
                            "k": "name",
                            "v": "Priyaanvi"
                          },
                          {
                            "k": "username",
                            "v": "rahulsharma582"
                          }
                        ]
                      }
                    },
                    {
                      "k": "distinct",
                      "v": true
                    },
                    {
                      "k": "id",
                      "v": "1bb1e39b16a8970e1b3bd2b1074247a62d2cf4c2"
                    },
                    {
                      "k": "message",
                      "v": "fix terraform CI pipeline"
                    },
                    {
                      "k": "timestamp",
                      "v": "2026-08-19T00:58:40+05:30"
                    },
                    {
                      "k": "tree_id",
                      "v": "d56884c00ffdc92534ca7427b3e69efde4039a6f"
                    },
                    {
                      "k": "url",
                      "v": "https://github.com/rahulsharma582/terraform15Aug/commit/1bb1e39b16a8970e1b3bd2b1074247a62d2cf4c2"
                    }
                  ]
                }
              },
              {
                "k": "pusher",
                "v": {
                  "t": 2,
                  "d": [
                    {
                      "k": "email",
                      "v": "rs4917112@gmail.com"
                    },
                    {
                      "k": "name",
                      "v": "rahulsharma582"
                    }
                  ]
                }
              },
              {
                "k": "ref",
                "v": "refs/heads/features/CIpipeline"
              },
              {
                "k": "repository",
                "v": {
                  "t": 2,
                  "d": [
                    {
                      "k": "allow_forking",
                      "v": true
                    },
                    {
                      "k": "archive_url",
                      "v": "https://api.github.com/repos/rahulsharma582/terraform15Aug/{archive_format}{/ref}"
                    },
                    {
                      "k": "archived",
                      "v": false
                    },
                    {
                      "k": "assignees_url",
                      "v": "https://api.github.com/repos/rahulsharma582/terraform15Aug/assignees{/user}"
                    },
                    {
                      "k": "blobs_url",
                      "v": "https://api.github.com/repos/rahulsharma582/terraform15Aug/git/blobs{/sha}"
                    },
                    {
                      "k": "branches_url",
                      "v": "https://api.github.com/repos/rahulsharma582/terraform15Aug/branches{/branch}"
                    },
                    {
                      "k": "clone_url",
                      "v": "https://github.com/rahulsharma582/terraform15Aug.git"
                    },
                    {
                      "k": "collaborators_url",
                      "v": "https://api.github.com/repos/rahulsharma582/terraform15Aug/collaborators{/collaborator}"
                    },
                    {
                      "k": "comments_url",
                      "v": "https://api.github.com/repos/rahulsharma582/terraform15Aug/comments{/number}"
                    },
                    {
                      "k": "commits_url",
                      "v": "https://api.github.com/repos/rahulsharma582/terraform15Aug/commits{/sha}"
                    },
                    {
                      "k": "compare_url",
                      "v": "https://api.github.com/repos/rahulsharma582/terraform15Aug/compare/{base}...{head}"
                    },
                    {
                      "k": "contents_url",
                      "v": "https://api.github.com/repos/rahulsharma582/terraform15Aug/contents/{+path}"
                    },
                    {
                      "k": "contributors_url",
                      "v": "https://api.github.com/repos/rahulsharma582/terraform15Aug/contributors"
                    },
                    {
                      "k": "created_at",
                      "v": 1786826664.0
                    },
                    {
                      "k": "default_branch",
                      "v": "main"
                    },
                    {
                      "k": "deployments_url",
                      "v": "https://api.github.com/repos/rahulsharma582/terraform15Aug/deployments"
                    },
                    {
                      "k": "description",
                      "v": null
                    },
                    {
                      "k": "disabled",
                      "v": false
                    },
                    {
                      "k": "downloads_url",
                      "v": "https://api.github.com/repos/rahulsharma582/terraform15Aug/downloads"
                    },
                    {
                      "k": "events_url",
                      "v": "https://api.github.com/repos/rahulsharma582/terraform15Aug/events"
                    },
                    {
                      "k": "fork",
                      "v": false
                    },
                    {
                      "k": "forks",
                      "v": 0.0
                    },
                    {
                      "k": "forks_count",
                      "v": 0.0
                    },
                    {
                      "k": "forks_url",
                      "v": "https://api.github.com/repos/rahulsharma582/terraform15Aug/forks"
                    },
                    {
                      "k": "full_name",
                      "v": "rahulsharma582/terraform15Aug"
                    },
                    {
                      "k": "git_commits_url",
                      "v": "https://api.github.com/repos/rahulsharma582/terraform15Aug/git/commits{/sha}"
                    },
                    {
                      "k": "git_refs_url",
                      "v": "https://api.github.com/repos/rahulsharma582/terraform15Aug/git/refs{/sha}"
                    },
                    {
                      "k": "git_tags_url",
                      "v": "https://api.github.com/repos/rahulsharma582/terraform15Aug/git/tags{/sha}"
                    },
                    {
                      "k": "git_url",
                      "v": "git://github.com/rahulsharma582/terraform15Aug.git"
                    },
                    {
                      "k": "has_discussions",
                      "v": false
                    },
                    {
                      "k": "has_downloads",
                      "v": true
                    },
                    {
                      "k": "has_issues",
                      "v": true
                    },
                    {
                      "k": "has_pages",
                      "v": false
                    },
                    {
                      "k": "has_projects",
                      "v": true
                    },
                    {
                      "k": "has_pull_requests",
                      "v": true
                    },
                    {
                      "k": "has_wiki",
                      "v": true
                    },
                    {
                      "k": "homepage",
                      "v": null
                    },
                    {
                      "k": "hooks_url",
                      "v": "https://api.github.com/repos/rahulsharma582/terraform15Aug/hooks"
                    },
                    {
                      "k": "html_url",
                      "v": "https://github.com/rahulsharma582/terraform15Aug"
                    },
                    {
                      "k": "id",
                      "v": 1335397659.0
                    },
                    {
                      "k": "is_template",
                      "v": false
                    },
                    {
                      "k": "issue_comment_url",
                      "v": "https://api.github.com/repos/rahulsharma582/terraform15Aug/issues/comments{/number}"
                    },
                    {
                      "k": "issue_events_url",
                      "v": "https://api.github.com/repos/rahulsharma582/terraform15Aug/issues/events{/number}"
                    },
                    {
                      "k": "issues_url",
                      "v": "https://api.github.com/repos/rahulsharma582/terraform15Aug/issues{/number}"
                    },
                    {
                      "k": "keys_url",
                      "v": "https://api.github.com/repos/rahulsharma582/terraform15Aug/keys{/key_id}"
                    },
                    {
                      "k": "labels_url",
                      "v": "https://api.github.com/repos/rahulsharma582/terraform15Aug/labels{/name}"
                    },
                    {
                      "k": "language",
                      "v": "HCL"
                    },
                    {
                      "k": "languages_url",
                      "v": "https://api.github.com/repos/rahulsharma582/terraform15Aug/languages"
                    },
                    {
                      "k": "license",
                      "v": {
                        "t": 2,
                        "d": [
                          {
                            "k": "key",
                            "v": "gpl-3.0"
                          },
                          {
                            "k": "name",
                            "v": "GNU General Public License v3.0"
                          },
                          {
                            "k": "node_id",
                            "v": "MDc6TGljZW5zZTk="
                          },
                          {
                            "k": "spdx_id",
                            "v": "GPL-3.0"
                          },
                          {
                            "k": "url",
                            "v": "https://api.github.com/licenses/gpl-3.0"
                          }
                        ]
                      }
                    },
                    {
                      "k": "master_branch",
                      "v": "main"
                    },
                    {
                      "k": "merges_url",
                      "v": "https://api.github.com/repos/rahulsharma582/terraform15Aug/merges"
                    },
                    {
                      "k": "milestones_url",
                      "v": "https://api.github.com/repos/rahulsharma582/terraform15Aug/milestones{/number}"
                    },
                    {
                      "k": "mirror_url",
                      "v": null
                    },
                    {
                      "k": "name",
                      "v": "terraform15Aug"
                    },
                    {
                      "k": "node_id",
                      "v": "R_kgDOT5iNGw"
                    },
                    {
                      "k": "notifications_url",
                      "v": "https://api.github.com/repos/rahulsharma582/terraform15Aug/notifications{?since,all,participating}"
                    },
                    {
                      "k": "open_issues",
                      "v": 1.0
                    },
                    {
                      "k": "open_issues_count",
                      "v": 1.0
                    },
                    {
                      "k": "owner",
                      "v": {
                        "t": 2,
                        "d": [
                          {
                            "k": "avatar_url",
                            "v": "https://avatars.githubusercontent.com/u/287917171?v=4"
                          },
                          {
                            "k": "email",
                            "v": "rs4917112@gmail.com"
                          },
                          {
                            "k": "events_url",
                            "v": "https://api.github.com/users/rahulsharma582/events{/privacy}"
                          },
                          {
                            "k": "followers_url",
                            "v": "https://api.github.com/users/rahulsharma582/followers"
                          },
                          {
                            "k": "following_url",
                            "v": "https://api.github.com/users/rahulsharma582/following{/other_user}"
                          },
                          {
                            "k": "gists_url",
                            "v": "https://api.github.com/users/rahulsharma582/gists{/gist_id}"
                          },
                          {
                            "k": "gravatar_id",
                            "v": ""
                          },
                          {
                            "k": "html_url",
                            "v": "https://github.com/rahulsharma582"
                          },
                          {
                            "k": "id",
                            "v": 287917171.0
                          },
                          {
                            "k": "login",
                            "v": "rahulsharma582"
                          },
                          {
                            "k": "name",
                            "v": "rahulsharma582"
                          },
                          {
                            "k": "node_id",
                            "v": "U_kgDOESlEcw"
                          },
                          {
                            "k": "organizations_url",
                            "v": "https://api.github.com/users/rahulsharma582/orgs"
                          },
                          {
                            "k": "received_events_url",
                            "v": "https://api.github.com/users/rahulsharma582/received_events"
                          },
                          {
                            "k": "repos_url",
                            "v": "https://api.github.com/users/rahulsharma582/repos"
                          },
                          {
                            "k": "site_admin",
                            "v": false
                          },
                          {
                            "k": "starred_url",
                            "v": "https://api.github.com/users/rahulsharma582/starred{/owner}{/repo}"
                          },
                          {
                            "k": "subscriptions_url",
                            "v": "https://api.github.com/users/rahulsharma582/subscriptions"
                          },
                          {
                            "k": "type",
                            "v": "User"
                          },
                          {
                            "k": "url",
                            "v": "https://api.github.com/users/rahulsharma582"
                          },
                          {
                            "k": "user_view_type",
                            "v": "public"
                          }
                        ]
                      }
                    },
                    {
                      "k": "private",
                      "v": false
                    },
                    {
                      "k": "pull_request_creation_policy",
                      "v": "all"
                    },
                    {
                      "k": "pulls_url",
                      "v": "https://api.github.com/repos/rahulsharma582/terraform15Aug/pulls{/number}"
                    },
                    {
                      "k": "pushed_at",
                      "v": 1787081331.0
                    },
                    {
                      "k": "releases_url",
                      "v": "https://api.github.com/repos/rahulsharma582/terraform15Aug/releases{/id}"
                    },
                    {
                      "k": "size",
                      "v": 183993.0
                    },
                    {
                      "k": "ssh_url",
                      "v": "git@github.com:rahulsharma582/terraform15Aug.git"
                    },
                    {
                      "k": "stargazers",
                      "v": 0.0
                    },
                    {
                      "k": "stargazers_count",
                      "v": 0.0
                    },
                    {
                      "k": "stargazers_url",
                      "v": "https://api.github.com/repos/rahulsharma582/terraform15Aug/stargazers"
                    },
                    {
                      "k": "statuses_url",
                      "v": "https://api.github.com/repos/rahulsharma582/terraform15Aug/statuses/{sha}"
                    },
                    {
                      "k": "subscribers_url",
                      "v": "https://api.github.com/repos/rahulsharma582/terraform15Aug/subscribers"
                    },
                    {
                      "k": "subscription_url",
                      "v": "https://api.github.com/repos/rahulsharma582/terraform15Aug/subscription"
                    },
                    {
                      "k": "svn_url",
                      "v": "https://github.com/rahulsharma582/terraform15Aug"
                    },
                    {
                      "k": "tags_url",
                      "v": "https://api.github.com/repos/rahulsharma582/terraform15Aug/tags"
                    },
                    {
                      "k": "teams_url",
                      "v": "https://api.github.com/repos/rahulsharma582/terraform15Aug/teams"
                    },
                    {
                      "k": "topics",
                      "v": {
                        "t": 1
                      }
                    },
                    {
                      "k": "trees_url",
                      "v": "https://api.github.com/repos/rahulsharma582/terraform15Aug/git/trees{/sha}"
                    },
                    {
                      "k": "updated_at",
                      "v": "2026-08-16T00:15:06Z"
                    },
                    {
                      "k": "url",
                      "v": "https://api.github.com/repos/rahulsharma582/terraform15Aug"
                    },
                    {
                      "k": "visibility",
                      "v": "public"
                    },
                    {
                      "k": "watchers",
                      "v": 0.0
                    },
                    {
                      "k": "watchers_count",
                      "v": 0.0
                    },
                    {
                      "k": "web_commit_signoff_required",
                      "v": false
                    }
                  ]
                }
              },
              {
                "k": "sender",
                "v": {
                  "t": 2,
                  "d": [
                    {
                      "k": "avatar_url",
                      "v": "https://avatars.githubusercontent.com/u/287917171?v=4"
                    },
                    {
                      "k": "events_url",
                      "v": "https://api.github.com/users/rahulsharma582/events{/privacy}"
                    },
                    {
                      "k": "followers_url",
                      "v": "https://api.github.com/users/rahulsharma582/followers"
                    },
                    {
                      "k": "following_url",
                      "v": "https://api.github.com/users/rahulsharma582/following{/other_user}"
                    },
                    {
                      "k": "gists_url",
                      "v": "https://api.github.com/users/rahulsharma582/gists{/gist_id}"
                    },
                    {
                      "k": "gravatar_id",
                      "v": ""
                    },
                    {
                      "k": "html_url",
                      "v": "https://github.com/rahulsharma582"
                    },
                    {
                      "k": "id",
                      "v": 287917171.0
                    },
                    {
                      "k": "login",
                      "v": "rahulsharma582"
                    },
                    {
                      "k": "node_id",
                      "v": "U_kgDOESlEcw"
                    },
                    {
                      "k": "organizations_url",
                      "v": "https://api.github.com/users/rahulsharma582/orgs"
                    },
                    {
                      "k": "received_events_url",
                      "v": "https://api.github.com/users/rahulsharma582/received_events"
                    },
                    {
                      "k": "repos_url",
                      "v": "https://api.github.com/users/rahulsharma582/repos"
                    },
                    {
                      "k": "site_admin",
                      "v": false
                    },
                    {
                      "k": "starred_url",
                      "v": "https://api.github.com/users/rahulsharma582/starred{/owner}{/repo}"
                    },
                    {
                      "k": "subscriptions_url",
                      "v": "https://api.github.com/users/rahulsharma582/subscriptions"
                    },
                    {
                      "k": "type",
                      "v": "User"
                    },
                    {
                      "k": "url",
                      "v": "https://api.github.com/users/rahulsharma582"
                    },
                    {
                      "k": "user_view_type",
                      "v": "public"
                    }
                  ]
                }
              }
            ]
          }
        },
        {
          "k": "workflow_ref",
          "v": "rahulsharma582/terraform15Aug/.github/workflows/CI.yml@refs/heads/features/CIpipeline"
        },
        {
          "k": "workflow_sha",
          "v": "1bb1e39b16a8970e1b3bd2b1074247a62d2cf4c2"
        },
        {
          "k": "repository_id",
          "v": "1335397659"
        },
        {
          "k": "triggering_actor",
          "v": "rahulsharma582"
        }
      ]
    },
    "inputs": {
      "t": 2
    },
    "job": {
      "t": 2,
      "d": [
        {
          "k": "check_run_id",
          "v": 95840598827.0
        },
        {
          "k": "workflow_ref",
          "v": "rahulsharma582/terraform15Aug/.github/workflows/CI.yml@refs/heads/features/CIpipeline"
        },
        {
          "k": "workflow_sha",
          "v": "1bb1e39b16a8970e1b3bd2b1074247a62d2cf4c2"
        },
        {
          "k": "workflow_repository",
          "v": "rahulsharma582/terraform15Aug"
        },
        {
          "k": "workflow_file_path",
          "v": ".github/workflows/CI.yml"
        }
      ]
    },
    "matrix": null,
    "needs": {
      "t": 2
    },
    "strategy": {
      "t": 2,
      "d": [
        {
          "k": "fail-fast",
          "v": true
        },
        {
          "k": "job-index",
          "v": 0.0
        },
        {
          "k": "job-total",
          "v": 1.0
        },
        {
          "k": "max-parallel",
          "v": 1.0
        }
      ]
    },
    "vars": {
      "t": 2
    }
  },
  "billingOwnerId": "U_kgDOESlEcw"
}
[2026-08-18 19:29:42Z INFO JobRunner] Job ID 3fa1ad7b-592f-51f7-8626-7d8df4950bfa
[2026-08-18 19:29:42Z INFO ConfigurationStore] currentAssemblyLocation: E:\devops\Complete Terraform\terraform\terraform 15AUG\terraform15Aug\actions-runner\bin\Runner.Worker.dll
[2026-08-18 19:29:42Z INFO HostContext] Well known directory 'Bin': 'E:\devops\Complete Terraform\terraform\terraform 15AUG\terraform15Aug\actions-runner\bin'
[2026-08-18 19:29:42Z INFO ConfigurationStore] binPath: E:\devops\Complete Terraform\terraform\terraform 15AUG\terraform15Aug\actions-runner\bin
[2026-08-18 19:29:42Z INFO HostContext] Well known directory 'Bin': 'E:\devops\Complete Terraform\terraform\terraform 15AUG\terraform15Aug\actions-runner\bin'
[2026-08-18 19:29:42Z INFO HostContext] Well known directory 'Root': 'E:\devops\Complete Terraform\terraform\terraform 15AUG\terraform15Aug\actions-runner'
[2026-08-18 19:29:42Z INFO ConfigurationStore] RootFolder: E:\devops\Complete Terraform\terraform\terraform 15AUG\terraform15Aug\actions-runner
[2026-08-18 19:29:42Z INFO HostContext] Well known directory 'Bin': 'E:\devops\Complete Terraform\terraform\terraform 15AUG\terraform15Aug\actions-runner\bin'
[2026-08-18 19:29:42Z INFO HostContext] Well known directory 'Root': 'E:\devops\Complete Terraform\terraform\terraform 15AUG\terraform15Aug\actions-runner'
[2026-08-18 19:29:42Z INFO HostContext] Well known config file 'Runner': 'E:\devops\Complete Terraform\terraform\terraform 15AUG\terraform15Aug\actions-runner\.runner'
[2026-08-18 19:29:42Z INFO ConfigurationStore] ConfigFilePath: E:\devops\Complete Terraform\terraform\terraform 15AUG\terraform15Aug\actions-runner\.runner
[2026-08-18 19:29:42Z INFO HostContext] Well known directory 'Bin': 'E:\devops\Complete Terraform\terraform\terraform 15AUG\terraform15Aug\actions-runner\bin'
[2026-08-18 19:29:42Z INFO HostContext] Well known directory 'Root': 'E:\devops\Complete Terraform\terraform\terraform 15AUG\terraform15Aug\actions-runner'
[2026-08-18 19:29:42Z INFO HostContext] Well known config file 'MigratedRunner': 'E:\devops\Complete Terraform\terraform\terraform 15AUG\terraform15Aug\actions-runner\.runner_migrated'
[2026-08-18 19:29:42Z INFO ConfigurationStore] MigratedConfigFilePath: E:\devops\Complete Terraform\terraform\terraform 15AUG\terraform15Aug\actions-runner\.runner_migrated
[2026-08-18 19:29:42Z INFO HostContext] Well known directory 'Bin': 'E:\devops\Complete Terraform\terraform\terraform 15AUG\terraform15Aug\actions-runner\bin'
[2026-08-18 19:29:42Z INFO HostContext] Well known directory 'Root': 'E:\devops\Complete Terraform\terraform\terraform 15AUG\terraform15Aug\actions-runner'
[2026-08-18 19:29:42Z INFO HostContext] Well known config file 'Credentials': 'E:\devops\Complete Terraform\terraform\terraform 15AUG\terraform15Aug\actions-runner\.credentials'
[2026-08-18 19:29:42Z INFO ConfigurationStore] CredFilePath: E:\devops\Complete Terraform\terraform\terraform 15AUG\terraform15Aug\actions-runner\.credentials
[2026-08-18 19:29:42Z INFO HostContext] Well known directory 'Bin': 'E:\devops\Complete Terraform\terraform\terraform 15AUG\terraform15Aug\actions-runner\bin'
[2026-08-18 19:29:42Z INFO HostContext] Well known directory 'Root': 'E:\devops\Complete Terraform\terraform\terraform 15AUG\terraform15Aug\actions-runner'
[2026-08-18 19:29:42Z INFO HostContext] Well known config file 'MigratedCredentials': 'E:\devops\Complete Terraform\terraform\terraform 15AUG\terraform15Aug\actions-runner\.credentials_migrated'
[2026-08-18 19:29:42Z INFO ConfigurationStore] MigratedCredFilePath: E:\devops\Complete Terraform\terraform\terraform 15AUG\terraform15Aug\actions-runner\.credentials_migrated
[2026-08-18 19:29:42Z INFO HostContext] Well known directory 'Bin': 'E:\devops\Complete Terraform\terraform\terraform 15AUG\terraform15Aug\actions-runner\bin'
[2026-08-18 19:29:42Z INFO HostContext] Well known directory 'Root': 'E:\devops\Complete Terraform\terraform\terraform 15AUG\terraform15Aug\actions-runner'
[2026-08-18 19:29:42Z INFO HostContext] Well known config file 'Service': 'E:\devops\Complete Terraform\terraform\terraform 15AUG\terraform15Aug\actions-runner\.service'
[2026-08-18 19:29:42Z INFO ConfigurationStore] ServiceConfigFilePath: E:\devops\Complete Terraform\terraform\terraform 15AUG\terraform15Aug\actions-runner\.service
[2026-08-18 19:29:42Z INFO ConfigurationStore] Read setting file: 409 chars
[2026-08-18 19:29:42Z INFO JobRunner] Initializing launch client
[2026-08-18 19:29:42Z INFO JobServerQueue] Initializing results client
[2026-08-18 19:29:42Z INFO ResultServer] Creating websocket client ...wss://results-receiver.actions.githubusercontent.com/_ws/ingest.sock
[2026-08-18 19:29:42Z INFO ResultServer] Attempting to start websocket client with delay 00:00:00.
[2026-08-18 19:29:42Z INFO JobServerQueue] Start process web console line queue.
[2026-08-18 19:29:42Z INFO JobServerQueue] Start process file upload queue.
[2026-08-18 19:29:42Z INFO JobServerQueue] Start results file upload queue.
[2026-08-18 19:29:42Z INFO JobServerQueue] Starting results-based upload queue...
[2026-08-18 19:29:42Z INFO JobServerQueue] Start process timeline update queue.
[2026-08-18 19:29:42Z INFO ExecutionContext] Initializing Job context
[2026-08-18 19:29:42Z INFO ExecutionContext] Initialize GitHub context
[2026-08-18 19:29:42Z INFO ExecutionContext] Initialize Env context
[2026-08-18 19:29:42Z INFO HostContext] Well known directory 'Bin': 'E:\devops\Complete Terraform\terraform\terraform 15AUG\terraform15Aug\actions-runner\bin'
[2026-08-18 19:29:42Z INFO HostContext] Well known directory 'Root': 'E:\devops\Complete Terraform\terraform\terraform 15AUG\terraform15Aug\actions-runner'
[2026-08-18 19:29:42Z INFO HostContext] Well known directory 'Diag': 'E:\devops\Complete Terraform\terraform\terraform 15AUG\terraform15Aug\actions-runner\_diag'
[2026-08-18 19:29:42Z INFO HostContext] Well known directory 'Bin': 'E:\devops\Complete Terraform\terraform\terraform 15AUG\terraform15Aug\actions-runner\bin'
[2026-08-18 19:29:42Z INFO HostContext] Well known directory 'Root': 'E:\devops\Complete Terraform\terraform\terraform 15AUG\terraform15Aug\actions-runner'
[2026-08-18 19:29:42Z INFO HostContext] Well known directory 'Diag': 'E:\devops\Complete Terraform\terraform\terraform 15AUG\terraform15Aug\actions-runner\_diag'
[2026-08-18 19:29:42Z INFO JobRunner] Starting the job execution context.
[2026-08-18 19:29:42Z INFO HostContext] Well known directory 'Bin': 'E:\devops\Complete Terraform\terraform\terraform 15AUG\terraform15Aug\actions-runner\bin'
[2026-08-18 19:29:42Z INFO HostContext] Well known directory 'Root': 'E:\devops\Complete Terraform\terraform\terraform 15AUG\terraform15Aug\actions-runner'
[2026-08-18 19:29:42Z INFO HostContext] Well known directory 'Work': 'E:\devops\Complete Terraform\terraform\terraform 15AUG\terraform15Aug\actions-runner\_work'
[2026-08-18 19:29:42Z INFO JobRunner] Validating directory permissions for: 'E:\devops\Complete Terraform\terraform\terraform 15AUG\terraform15Aug\actions-runner\_work'
[2026-08-18 19:29:42Z INFO HostContext] Well known directory 'Bin': 'E:\devops\Complete Terraform\terraform\terraform 15AUG\terraform15Aug\actions-runner\bin'
[2026-08-18 19:29:42Z INFO HostContext] Well known directory 'Root': 'E:\devops\Complete Terraform\terraform\terraform 15AUG\terraform15Aug\actions-runner'
[2026-08-18 19:29:42Z INFO HostContext] Well known directory 'Work': 'E:\devops\Complete Terraform\terraform\terraform 15AUG\terraform15Aug\actions-runner\_work'
[2026-08-18 19:29:42Z INFO HostContext] Well known directory 'Tools': 'E:\devops\Complete Terraform\terraform\terraform 15AUG\terraform15Aug\actions-runner\_work\_tool'
[2026-08-18 19:29:42Z INFO HostContext] Well known directory 'Bin': 'E:\devops\Complete Terraform\terraform\terraform 15AUG\terraform15Aug\actions-runner\bin'
[2026-08-18 19:29:42Z INFO HostContext] Well known directory 'Root': 'E:\devops\Complete Terraform\terraform\terraform 15AUG\terraform15Aug\actions-runner'
[2026-08-18 19:29:42Z INFO HostContext] Well known directory 'Work': 'E:\devops\Complete Terraform\terraform\terraform 15AUG\terraform15Aug\actions-runner\_work'
[2026-08-18 19:29:42Z INFO HostContext] Well known directory 'Temp': 'E:\devops\Complete Terraform\terraform\terraform 15AUG\terraform15Aug\actions-runner\_work\_temp'
[2026-08-18 19:29:43Z INFO JobRunner] Getting job extension.
[2026-08-18 19:29:43Z INFO JobRunner] Initialize job. Getting all job steps.
[2026-08-18 19:29:43Z INFO HostContext] Well known directory 'Bin': 'E:\devops\Complete Terraform\terraform\terraform 15AUG\terraform15Aug\actions-runner\bin'
[2026-08-18 19:29:43Z INFO HostContext] Well known directory 'Root': 'E:\devops\Complete Terraform\terraform\terraform 15AUG\terraform15Aug\actions-runner'
[2026-08-18 19:29:43Z INFO HostContext] Well known directory 'Diag': 'E:\devops\Complete Terraform\terraform\terraform 15AUG\terraform15Aug\actions-runner\_diag'
[2026-08-18 19:29:43Z INFO HostContext] Well known directory 'Bin': 'E:\devops\Complete Terraform\terraform\terraform 15AUG\terraform15Aug\actions-runner\bin'
[2026-08-18 19:29:43Z INFO HostContext] Well known directory 'Root': 'E:\devops\Complete Terraform\terraform\terraform 15AUG\terraform15Aug\actions-runner'
[2026-08-18 19:29:43Z INFO HostContext] Well known directory 'Diag': 'E:\devops\Complete Terraform\terraform\terraform 15AUG\terraform15Aug\actions-runner\_diag'
[2026-08-18 19:29:43Z INFO HostContext] Well known directory 'Bin': 'E:\devops\Complete Terraform\terraform\terraform 15AUG\terraform15Aug\actions-runner\bin'
[2026-08-18 19:29:43Z INFO HostContext] Well known directory 'Root': 'E:\devops\Complete Terraform\terraform\terraform 15AUG\terraform15Aug\actions-runner'
[2026-08-18 19:29:43Z INFO HostContext] Well known config file 'Credentials': 'E:\devops\Complete Terraform\terraform\terraform 15AUG\terraform15Aug\actions-runner\.credentials'
[2026-08-18 19:29:43Z INFO HostContext] Well known directory 'Bin': 'E:\devops\Complete Terraform\terraform\terraform 15AUG\terraform15Aug\actions-runner\bin'
[2026-08-18 19:29:43Z INFO HostContext] Well known directory 'Root': 'E:\devops\Complete Terraform\terraform\terraform 15AUG\terraform15Aug\actions-runner'
[2026-08-18 19:29:43Z INFO HostContext] Well known config file 'SetupInfo': 'E:\devops\Complete Terraform\terraform\terraform 15AUG\terraform15Aug\actions-runner\.setup_info'
[2026-08-18 19:29:43Z INFO HostContext] Well known directory 'Bin': 'E:\devops\Complete Terraform\terraform\terraform 15AUG\terraform15Aug\actions-runner\bin'
[2026-08-18 19:29:43Z INFO HostContext] Well known directory 'Root': 'E:\devops\Complete Terraform\terraform\terraform 15AUG\terraform15Aug\actions-runner'
[2026-08-18 19:29:43Z INFO HostContext] Well known directory 'Work': 'E:\devops\Complete Terraform\terraform\terraform 15AUG\terraform15Aug\actions-runner\_work'
[2026-08-18 19:29:43Z INFO PipelineDirectoryManager] Loading tracking config if exists: E:\devops\Complete Terraform\terraform\terraform 15AUG\terraform15Aug\actions-runner\_work\_PipelineMapping\rahulsharma582/terraform15Aug\PipelineFolder.json
[2026-08-18 19:29:43Z INFO PipelineDirectoryManager] Updating job run properties.
[2026-08-18 19:29:43Z INFO HostContext] Well known directory 'Bin': 'E:\devops\Complete Terraform\terraform\terraform 15AUG\terraform15Aug\actions-runner\bin'
[2026-08-18 19:29:43Z INFO HostContext] Well known directory 'Root': 'E:\devops\Complete Terraform\terraform\terraform 15AUG\terraform15Aug\actions-runner'
[2026-08-18 19:29:43Z INFO HostContext] Well known directory 'Work': 'E:\devops\Complete Terraform\terraform\terraform 15AUG\terraform15Aug\actions-runner\_work'
[2026-08-18 19:29:43Z INFO HostContext] Well known directory 'Bin': 'E:\devops\Complete Terraform\terraform\terraform 15AUG\terraform15Aug\actions-runner\bin'
[2026-08-18 19:29:43Z INFO HostContext] Well known directory 'Root': 'E:\devops\Complete Terraform\terraform\terraform 15AUG\terraform15Aug\actions-runner'
[2026-08-18 19:29:43Z INFO HostContext] Well known directory 'Work': 'E:\devops\Complete Terraform\terraform\terraform 15AUG\terraform15Aug\actions-runner\_work'
[2026-08-18 19:29:43Z INFO HostContext] Well known directory 'Bin': 'E:\devops\Complete Terraform\terraform\terraform 15AUG\terraform15Aug\actions-runner\bin'
[2026-08-18 19:29:43Z INFO HostContext] Well known directory 'Root': 'E:\devops\Complete Terraform\terraform\terraform 15AUG\terraform15Aug\actions-runner'
[2026-08-18 19:29:43Z INFO HostContext] Well known directory 'Work': 'E:\devops\Complete Terraform\terraform\terraform 15AUG\terraform15Aug\actions-runner\_work'
[2026-08-18 19:29:43Z INFO JobExtension] Downloading actions
[2026-08-18 19:29:43Z INFO HostContext] Well known directory 'Bin': 'E:\devops\Complete Terraform\terraform\terraform 15AUG\terraform15Aug\actions-runner\bin'
[2026-08-18 19:29:43Z INFO HostContext] Well known directory 'Root': 'E:\devops\Complete Terraform\terraform\terraform 15AUG\terraform15Aug\actions-runner'
[2026-08-18 19:29:43Z INFO HostContext] Well known directory 'Work': 'E:\devops\Complete Terraform\terraform\terraform 15AUG\terraform15Aug\actions-runner\_work'
[2026-08-18 19:29:43Z INFO HostContext] Well known directory 'Actions': 'E:\devops\Complete Terraform\terraform\terraform 15AUG\terraform15Aug\actions-runner\_work\_actions'
[2026-08-18 19:29:43Z INFO Worker] Listening for cancel message from the channel.
[2026-08-18 19:29:43Z INFO Worker] Waiting for the job to complete or for a cancel message from the channel.
[2026-08-18 19:29:43Z INFO ResultServer] Successfully started websocket client.
[2026-08-18 19:29:44Z INFO JobServerQueue] Try to append 1 batches web console lines for record '26093841-7054-4282-b763-1d504240e49c', success rate: 1/1.
[2026-08-18 19:29:44Z INFO JobServerQueue] Try to append 1 batches web console lines for record '26093841-7054-4282-b763-1d504240e49c', success rate: 1/1.
[2026-08-18 19:29:44Z INFO JobServerQueue] Job timeline record has been updated for the first time.
[2026-08-18 19:29:44Z INFO HostContext] Well known directory 'Bin': 'E:\devops\Complete Terraform\terraform\terraform 15AUG\terraform15Aug\actions-runner\bin'
[2026-08-18 19:29:44Z INFO HostContext] Well known directory 'Root': 'E:\devops\Complete Terraform\terraform\terraform 15AUG\terraform15Aug\actions-runner'
[2026-08-18 19:29:44Z INFO HostContext] Well known directory 'Work': 'E:\devops\Complete Terraform\terraform\terraform 15AUG\terraform15Aug\actions-runner\_work'
[2026-08-18 19:29:44Z INFO HostContext] Well known directory 'Actions': 'E:\devops\Complete Terraform\terraform\terraform 15AUG\terraform15Aug\actions-runner\_work\_actions'
[2026-08-18 19:29:44Z INFO HostContext] Well known directory 'Bin': 'E:\devops\Complete Terraform\terraform\terraform 15AUG\terraform15Aug\actions-runner\bin'
[2026-08-18 19:29:44Z INFO HostContext] Well known directory 'Root': 'E:\devops\Complete Terraform\terraform\terraform 15AUG\terraform15Aug\actions-runner'
[2026-08-18 19:29:44Z INFO HostContext] Well known directory 'Work': 'E:\devops\Complete Terraform\terraform\terraform 15AUG\terraform15Aug\actions-runner\_work'
[2026-08-18 19:29:44Z INFO HostContext] Well known directory 'Actions': 'E:\devops\Complete Terraform\terraform\terraform 15AUG\terraform15Aug\actions-runner\_work\_actions'
[2026-08-18 19:29:44Z INFO ActionManager] Save archive 'https://codeload.github.com/actions/checkout/zip/11d5960a326750d5838078e36cf38b85af677262' into E:\devops\Complete Terraform\terraform\terraform 15AUG\terraform15Aug\actions-runner\_work\_actions\_temp_8a307364-f284-41fa-b5db-11af86163108\68543726-6fee-4f2e-afc2-a9781eb880c6.zip.
[2026-08-18 19:29:44Z INFO ActionManager] Using Basic token for action archive download.
[2026-08-18 19:29:44Z INFO JobServerQueue] Try to append 1 batches web console lines for record '26093841-7054-4282-b763-1d504240e49c', success rate: 1/1.
[2026-08-18 19:29:45Z INFO ActionManager] Request URL: https://codeload.github.com/actions/checkout/zip/11d5960a326750d5838078e36cf38b85af677262 X-GitHub-Request-Id: E08C:1BBB8:381AD:2B34F4:6A84B2A8 Http Status: OK
[2026-08-18 19:29:46Z INFO ActionManager] Finished getting action repository.
[2026-08-18 19:29:46Z INFO HostContext] Well known directory 'Bin': 'E:\devops\Complete Terraform\terraform\terraform 15AUG\terraform15Aug\actions-runner\bin'
[2026-08-18 19:29:46Z INFO HostContext] Well known directory 'Root': 'E:\devops\Complete Terraform\terraform\terraform 15AUG\terraform15Aug\actions-runner'
[2026-08-18 19:29:46Z INFO HostContext] Well known directory 'Work': 'E:\devops\Complete Terraform\terraform\terraform 15AUG\terraform15Aug\actions-runner\_work'
[2026-08-18 19:29:46Z INFO HostContext] Well known directory 'Actions': 'E:\devops\Complete Terraform\terraform\terraform 15AUG\terraform15Aug\actions-runner\_work\_actions'
[2026-08-18 19:29:46Z INFO HostContext] Well known directory 'Bin': 'E:\devops\Complete Terraform\terraform\terraform 15AUG\terraform15Aug\actions-runner\bin'
[2026-08-18 19:29:46Z INFO HostContext] Well known directory 'Root': 'E:\devops\Complete Terraform\terraform\terraform 15AUG\terraform15Aug\actions-runner'
[2026-08-18 19:29:46Z INFO HostContext] Well known directory 'Work': 'E:\devops\Complete Terraform\terraform\terraform 15AUG\terraform15Aug\actions-runner\_work'
[2026-08-18 19:29:46Z INFO HostContext] Well known directory 'Actions': 'E:\devops\Complete Terraform\terraform\terraform 15AUG\terraform15Aug\actions-runner\_work\_actions'
[2026-08-18 19:29:46Z INFO ActionManager] Save archive 'https://codeload.github.com/hashicorp/setup-terraform/zip/b9cd54a3c349d3f38e8881555d616ced269862dd' into E:\devops\Complete Terraform\terraform\terraform 15AUG\terraform15Aug\actions-runner\_work\_actions\_temp_0c43b9ec-44a9-417f-ace2-ca10338e6bf0\14e431bc-c58f-4435-b331-357e85e195db.zip.
[2026-08-18 19:29:46Z INFO ActionManager] Using Basic token for action archive download.
[2026-08-18 19:29:46Z INFO JobServerQueue] Try to append 1 batches web console lines for record '26093841-7054-4282-b763-1d504240e49c', success rate: 1/1.
[2026-08-18 19:29:47Z INFO ActionManager] Request URL: https://codeload.github.com/hashicorp/setup-terraform/zip/b9cd54a3c349d3f38e8881555d616ced269862dd X-GitHub-Request-Id: D9C6:1D0847:37CA4:2B28A0:6A84B2AA Http Status: OK
[2026-08-18 19:29:47Z INFO ActionManager] Finished getting action repository.
[2026-08-18 19:29:48Z INFO HostContext] Well known directory 'Bin': 'E:\devops\Complete Terraform\terraform\terraform 15AUG\terraform15Aug\actions-runner\bin'
[2026-08-18 19:29:48Z INFO HostContext] Well known directory 'Root': 'E:\devops\Complete Terraform\terraform\terraform 15AUG\terraform15Aug\actions-runner'
[2026-08-18 19:29:48Z INFO HostContext] Well known directory 'Work': 'E:\devops\Complete Terraform\terraform\terraform 15AUG\terraform15Aug\actions-runner\_work'
[2026-08-18 19:29:48Z INFO HostContext] Well known directory 'Actions': 'E:\devops\Complete Terraform\terraform\terraform 15AUG\terraform15Aug\actions-runner\_work\_actions'
[2026-08-18 19:29:48Z INFO ActionManifestManagerLegacy] Load schema file with definitions: [
  "null",
  "boolean",
  "number",
  "string",
  "sequence",
  "mapping",
  "any",
  "action-root",
  "inputs",
  "input",
  "outputs",
  "output-definition",
  "runs",
  "container-runs",
  "container-runs-args",
  "container-runs-env",
  "node-runs",
  "plugin-runs",
  "composite-runs",
  "composite-steps",
  "composite-step",
  "run-step",
  "uses-step",
  "container-runs-context",
  "output-value",
  "input-default-context",
  "non-empty-string",
  "string-steps-context",
  "boolean-steps-context",
  "step-env",
  "step-if",
  "step-with"
]
[2026-08-18 19:29:48Z INFO ActionManifestManager] Load schema file with definitions: [
  "null",
  "boolean",
  "number",
  "string",
  "sequence",
  "mapping",
  "any",
  "action-root",
  "inputs",
  "input",
  "outputs",
  "output-definition",
  "runs",
  "container-runs",
  "container-runs-args",
  "container-runs-env",
  "node-runs",
  "plugin-runs",
  "composite-runs",
  "composite-steps",
  "composite-step",
  "run-step",
  "uses-step",
  "container-runs-context",
  "output-value",
  "input-default-context",
  "non-empty-string",
  "string-steps-context",
  "boolean-steps-context",
  "step-env",
  "step-if",
  "step-with"
]
[2026-08-18 19:29:48Z INFO HostContext] Well known directory 'Bin': 'E:\devops\Complete Terraform\terraform\terraform 15AUG\terraform15Aug\actions-runner\bin'
[2026-08-18 19:29:48Z INFO HostContext] Well known directory 'Root': 'E:\devops\Complete Terraform\terraform\terraform 15AUG\terraform15Aug\actions-runner'
[2026-08-18 19:29:48Z INFO HostContext] Well known directory 'Work': 'E:\devops\Complete Terraform\terraform\terraform 15AUG\terraform15Aug\actions-runner\_work'
[2026-08-18 19:29:48Z INFO HostContext] Well known directory 'Actions': 'E:\devops\Complete Terraform\terraform\terraform 15AUG\terraform15Aug\actions-runner\_work\_actions'
[2026-08-18 19:29:48Z INFO ActionManifestManagerLegacy] Loaded action.yml file: {
  "name": "Checkout",
  "description": "Checkout a Git repository at a particular version",
  "inputs": {
    "type": 2,
    "map": [
      {
        "key": {
          "type": 0,
          "file": 2,
          "line": 4,
          "col": 3,
          "lit": "repository"
        },
        "value": {
          "type": 3,
          "file": 2,
          "line": 6,
          "col": 14,
          "expr": "github.repository"
        }
      },
      {
        "key": {
          "type": 0,
          "file": 2,
          "line": 7,
          "col": 3,
          "lit": "ref"
        },
        "value": ""
      },
      {
        "key": {
          "type": 0,
          "file": 2,
          "line": 12,
          "col": 3,
          "lit": "token"
        },
        "value": {
          "type": 3,
          "file": 2,
          "line": 24,
          "col": 14,
          "expr": "github.token"
        }
      },
      {
        "key": {
          "type": 0,
          "file": 2,
          "line": 25,
          "col": 3,
          "lit": "ssh-key"
        },
        "value": ""
      },
      {
        "key": {
          "type": 0,
          "file": 2,
          "line": 37,
          "col": 3,
          "lit": "ssh-known-hosts"
        },
        "value": ""
      },
      {
        "key": {
          "type": 0,
          "file": 2,
          "line": 42,
          "col": 3,
          "lit": "ssh-strict"
        },
        "value": {
          "type": 0,
          "file": 2,
          "line": 47,
          "col": 14,
          "lit": "true"
        }
      },
      {
        "key": {
          "type": 0,
          "file": 2,
          "line": 48,
          "col": 3,
          "lit": "ssh-user"
        },
        "value": {
          "type": 0,
          "file": 2,
          "line": 51,
          "col": 14,
          "lit": "git"
        }
      },
      {
        "key": {
          "type": 0,
          "file": 2,
          "line": 52,
          "col": 3,
          "lit": "persist-credentials"
        },
        "value": {
          "type": 0,
          "file": 2,
          "line": 54,
          "col": 14,
          "lit": "true"
        }
      },
      {
        "key": {
          "type": 0,
          "file": 2,
          "line": 55,
          "col": 3,
          "lit": "path"
        },
        "value": ""
      },
      {
        "key": {
          "type": 0,
          "file": 2,
          "line": 57,
          "col": 3,
          "lit": "clean"
        },
        "value": {
          "type": 0,
          "file": 2,
          "line": 59,
          "col": 14,
          "lit": "true"
        }
      },
      {
        "key": {
          "type": 0,
          "file": 2,
          "line": 60,
          "col": 3,
          "lit": "filter"
        },
        "value": {
          "type": 0,
          "file": 2,
          "line": 64,
          "col": 14,
          "lit": ""
        }
      },
      {
        "key": {
          "type": 0,
          "file": 2,
          "line": 65,
          "col": 3,
          "lit": "sparse-checkout"
        },
        "value": {
          "type": 0,
          "file": 2,
          "line": 69,
          "col": 14,
          "lit": ""
        }
      },
      {
        "key": {
          "type": 0,
          "file": 2,
          "line": 70,
          "col": 3,
          "lit": "sparse-checkout-cone-mode"
        },
        "value": {
          "type": 0,
          "file": 2,
          "line": 73,
          "col": 14,
          "lit": "true"
        }
      },
      {
        "key": {
          "type": 0,
          "file": 2,
          "line": 74,
          "col": 3,
          "lit": "fetch-depth"
        },
        "value": {
          "type": 0,
          "file": 2,
          "line": 76,
          "col": 14,
          "lit": "1"
        }
      },
      {
        "key": {
          "type": 0,
          "file": 2,
          "line": 77,
          "col": 3,
          "lit": "fetch-tags"
        },
        "value": {
          "type": 0,
          "file": 2,
          "line": 79,
          "col": 14,
          "lit": "false"
        }
      },
      {
        "key": {
          "type": 0,
          "file": 2,
          "line": 80,
          "col": 3,
          "lit": "show-progress"
        },
        "value": {
          "type": 0,
          "file": 2,
          "line": 82,
          "col": 14,
          "lit": "true"
        }
      },
      {
        "key": {
          "type": 0,
          "file": 2,
          "line": 83,
          "col": 3,
          "lit": "lfs"
        },
        "value": {
          "type": 0,
          "file": 2,
          "line": 85,
          "col": 14,
          "lit": "false"
        }
      },
      {
        "key": {
          "type": 0,
          "file": 2,
          "line": 86,
          "col": 3,
          "lit": "submodules"
        },
        "value": {
          "type": 0,
          "file": 2,
          "line": 94,
          "col": 14,
          "lit": "false"
        }
      },
      {
        "key": {
          "type": 0,
          "file": 2,
          "line": 95,
          "col": 3,
          "lit": "set-safe-directory"
        },
        "value": {
          "type": 0,
          "file": 2,
          "line": 97,
          "col": 14,
          "lit": "true"
        }
      },
      {
        "key": {
          "type": 0,
          "file": 2,
          "line": 98,
          "col": 3,
          "lit": "github-server-url"
        },
        "value": ""
      },
      {
        "key": {
          "type": 0,
          "file": 2,
          "line": 101,
          "col": 3,
          "lit": "allow-unsafe-pr-checkout"
        },
        "value": {
          "type": 0,
          "file": 2,
          "line": 109,
          "col": 14,
          "lit": "false"
        }
      }
    ]
  },
  "execution": {
    "executionType": "nodeJS",
    "hasPre": false,
    "hasPost": true,
    "script": "dist/index.js",
    "pre": null,
    "post": "dist/index.js",
    "nodeVersion": "node20",
    "cleanupCondition": "always()",
    "initCondition": "always()"
  },
  "deprecated": null
}
[2026-08-18 19:29:48Z INFO ActionManager] Action node.js file: dist/index.js, no more preparation.
[2026-08-18 19:29:48Z INFO HostContext] Well known directory 'Bin': 'E:\devops\Complete Terraform\terraform\terraform 15AUG\terraform15Aug\actions-runner\bin'
[2026-08-18 19:29:48Z INFO HostContext] Well known directory 'Root': 'E:\devops\Complete Terraform\terraform\terraform 15AUG\terraform15Aug\actions-runner'
[2026-08-18 19:29:48Z INFO HostContext] Well known directory 'Work': 'E:\devops\Complete Terraform\terraform\terraform 15AUG\terraform15Aug\actions-runner\_work'
[2026-08-18 19:29:48Z INFO HostContext] Well known directory 'Actions': 'E:\devops\Complete Terraform\terraform\terraform 15AUG\terraform15Aug\actions-runner\_work\_actions'
[2026-08-18 19:29:48Z INFO ActionManager] Load action that reference repository from 'E:\devops\Complete Terraform\terraform\terraform 15AUG\terraform15Aug\actions-runner\_work\_actions\actions\checkout\v4'
[2026-08-18 19:29:48Z INFO HostContext] Well known directory 'Bin': 'E:\devops\Complete Terraform\terraform\terraform 15AUG\terraform15Aug\actions-runner\bin'
[2026-08-18 19:29:48Z INFO HostContext] Well known directory 'Root': 'E:\devops\Complete Terraform\terraform\terraform 15AUG\terraform15Aug\actions-runner'
[2026-08-18 19:29:48Z INFO HostContext] Well known directory 'Work': 'E:\devops\Complete Terraform\terraform\terraform 15AUG\terraform15Aug\actions-runner\_work'
[2026-08-18 19:29:48Z INFO HostContext] Well known directory 'Actions': 'E:\devops\Complete Terraform\terraform\terraform 15AUG\terraform15Aug\actions-runner\_work\_actions'
[2026-08-18 19:29:48Z INFO ActionManifestManagerLegacy] Loaded action.yml file: {
  "name": "Checkout",
  "description": "Checkout a Git repository at a particular version",
  "inputs": {
    "type": 2,
    "map": [
      {
        "key": {
          "type": 0,
          "file": 2,
          "line": 4,
          "col": 3,
          "lit": "repository"
        },
        "value": {
          "type": 3,
          "file": 2,
          "line": 6,
          "col": 14,
          "expr": "github.repository"
        }
      },
      {
        "key": {
          "type": 0,
          "file": 2,
          "line": 7,
          "col": 3,
          "lit": "ref"
        },
        "value": ""
      },
      {
        "key": {
          "type": 0,
          "file": 2,
          "line": 12,
          "col": 3,
          "lit": "token"
        },
        "value": {
          "type": 3,
          "file": 2,
          "line": 24,
          "col": 14,
          "expr": "github.token"
        }
      },
      {
        "key": {
          "type": 0,
          "file": 2,
          "line": 25,
          "col": 3,
          "lit": "ssh-key"
        },
        "value": ""
      },
      {
        "key": {
          "type": 0,
          "file": 2,
          "line": 37,
          "col": 3,
          "lit": "ssh-known-hosts"
        },
        "value": ""
      },
      {
        "key": {
          "type": 0,
          "file": 2,
          "line": 42,
          "col": 3,
          "lit": "ssh-strict"
        },
        "value": {
          "type": 0,
          "file": 2,
          "line": 47,
          "col": 14,
          "lit": "true"
        }
      },
      {
        "key": {
          "type": 0,
          "file": 2,
          "line": 48,
          "col": 3,
          "lit": "ssh-user"
        },
        "value": {
          "type": 0,
          "file": 2,
          "line": 51,
          "col": 14,
          "lit": "git"
        }
      },
      {
        "key": {
          "type": 0,
          "file": 2,
          "line": 52,
          "col": 3,
          "lit": "persist-credentials"
        },
        "value": {
          "type": 0,
          "file": 2,
          "line": 54,
          "col": 14,
          "lit": "true"
        }
      },
      {
        "key": {
          "type": 0,
          "file": 2,
          "line": 55,
          "col": 3,
          "lit": "path"
        },
        "value": ""
      },
      {
        "key": {
          "type": 0,
          "file": 2,
          "line": 57,
          "col": 3,
          "lit": "clean"
        },
        "value": {
          "type": 0,
          "file": 2,
          "line": 59,
          "col": 14,
          "lit": "true"
        }
      },
      {
        "key": {
          "type": 0,
          "file": 2,
          "line": 60,
          "col": 3,
          "lit": "filter"
        },
        "value": {
          "type": 0,
          "file": 2,
          "line": 64,
          "col": 14,
          "lit": ""
        }
      },
      {
        "key": {
          "type": 0,
          "file": 2,
          "line": 65,
          "col": 3,
          "lit": "sparse-checkout"
        },
        "value": {
          "type": 0,
          "file": 2,
          "line": 69,
          "col": 14,
          "lit": ""
        }
      },
      {
        "key": {
          "type": 0,
          "file": 2,
          "line": 70,
          "col": 3,
          "lit": "sparse-checkout-cone-mode"
        },
        "value": {
          "type": 0,
          "file": 2,
          "line": 73,
          "col": 14,
          "lit": "true"
        }
      },
      {
        "key": {
          "type": 0,
          "file": 2,
          "line": 74,
          "col": 3,
          "lit": "fetch-depth"
        },
        "value": {
          "type": 0,
          "file": 2,
          "line": 76,
          "col": 14,
          "lit": "1"
        }
      },
      {
        "key": {
          "type": 0,
          "file": 2,
          "line": 77,
          "col": 3,
          "lit": "fetch-tags"
        },
        "value": {
          "type": 0,
          "file": 2,
          "line": 79,
          "col": 14,
          "lit": "false"
        }
      },
      {
        "key": {
          "type": 0,
          "file": 2,
          "line": 80,
          "col": 3,
          "lit": "show-progress"
        },
        "value": {
          "type": 0,
          "file": 2,
          "line": 82,
          "col": 14,
          "lit": "true"
        }
      },
      {
        "key": {
          "type": 0,
          "file": 2,
          "line": 83,
          "col": 3,
          "lit": "lfs"
        },
        "value": {
          "type": 0,
          "file": 2,
          "line": 85,
          "col": 14,
          "lit": "false"
        }
      },
      {
        "key": {
          "type": 0,
          "file": 2,
          "line": 86,
          "col": 3,
          "lit": "submodules"
        },
        "value": {
          "type": 0,
          "file": 2,
          "line": 94,
          "col": 14,
          "lit": "false"
        }
      },
      {
        "key": {
          "type": 0,
          "file": 2,
          "line": 95,
          "col": 3,
          "lit": "set-safe-directory"
        },
        "value": {
          "type": 0,
          "file": 2,
          "line": 97,
          "col": 14,
          "lit": "true"
        }
      },
      {
        "key": {
          "type": 0,
          "file": 2,
          "line": 98,
          "col": 3,
          "lit": "github-server-url"
        },
        "value": ""
      },
      {
        "key": {
          "type": 0,
          "file": 2,
          "line": 101,
          "col": 3,
          "lit": "allow-unsafe-pr-checkout"
        },
        "value": {
          "type": 0,
          "file": 2,
          "line": 109,
          "col": 14,
          "lit": "false"
        }
      }
    ]
  },
  "execution": {
    "executionType": "nodeJS",
    "hasPre": false,
    "hasPost": true,
    "script": "dist/index.js",
    "pre": null,
    "post": "dist/index.js",
    "nodeVersion": "node20",
    "cleanupCondition": "always()",
    "initCondition": "always()"
  },
  "deprecated": null
}
[2026-08-18 19:29:48Z INFO ActionManager] Action pre node.js file: N/A.
[2026-08-18 19:29:48Z INFO ActionManager] Action node.js file: dist/index.js.
[2026-08-18 19:29:48Z INFO ActionManager] Action post node.js file: dist/index.js.
[2026-08-18 19:29:48Z INFO HostContext] Well known directory 'Bin': 'E:\devops\Complete Terraform\terraform\terraform 15AUG\terraform15Aug\actions-runner\bin'
[2026-08-18 19:29:48Z INFO HostContext] Well known directory 'Root': 'E:\devops\Complete Terraform\terraform\terraform 15AUG\terraform15Aug\actions-runner'
[2026-08-18 19:29:48Z INFO HostContext] Well known directory 'Work': 'E:\devops\Complete Terraform\terraform\terraform 15AUG\terraform15Aug\actions-runner\_work'
[2026-08-18 19:29:48Z INFO HostContext] Well known directory 'Actions': 'E:\devops\Complete Terraform\terraform\terraform 15AUG\terraform15Aug\actions-runner\_work\_actions'
[2026-08-18 19:29:48Z INFO HostContext] Well known directory 'Bin': 'E:\devops\Complete Terraform\terraform\terraform 15AUG\terraform15Aug\actions-runner\bin'
[2026-08-18 19:29:48Z INFO HostContext] Well known directory 'Root': 'E:\devops\Complete Terraform\terraform\terraform 15AUG\terraform15Aug\actions-runner'
[2026-08-18 19:29:48Z INFO HostContext] Well known directory 'Work': 'E:\devops\Complete Terraform\terraform\terraform 15AUG\terraform15Aug\actions-runner\_work'
[2026-08-18 19:29:48Z INFO HostContext] Well known directory 'Actions': 'E:\devops\Complete Terraform\terraform\terraform 15AUG\terraform15Aug\actions-runner\_work\_actions'
[2026-08-18 19:29:48Z INFO ActionManifestManagerLegacy] Ignore action property author.
[2026-08-18 19:29:48Z INFO ActionManifestManagerLegacy] Ignore action property branding.
[2026-08-18 19:29:48Z INFO ActionManifestManagerLegacy] Loaded action.yml file: {
  "name": "HashiCorp - Setup Terraform",
  "description": "Sets up Terraform CLI in your GitHub Actions workflow.",
  "inputs": {
    "type": 2,
    "map": [
      {
        "key": {
          "type": 0,
          "file": 3,
          "line": 5,
          "col": 3,
          "lit": "cli_config_credentials_hostname"
        },
        "value": {
          "type": 0,
          "file": 3,
          "line": 7,
          "col": 14,
          "lit": "app.terraform.io"
        }
      },
      {
        "key": {
          "type": 0,
          "file": 3,
          "line": 9,
          "col": 3,
          "lit": "cli_config_credentials_token"
        },
        "value": ""
      },
      {
        "key": {
          "type": 0,
          "file": 3,
          "line": 12,
          "col": 3,
          "lit": "terraform_version"
        },
        "value": {
          "type": 0,
          "file": 3,
          "line": 14,
          "col": 14,
          "lit": "latest"
        }
      },
      {
        "key": {
          "type": 0,
          "file": 3,
          "line": 16,
          "col": 3,
          "lit": "terraform_wrapper"
        },
        "value": {
          "type": 0,
          "file": 3,
          "line": 18,
          "col": 14,
          "lit": "true"
        }
      }
    ]
  },
  "execution": {
    "executionType": "nodeJS",
    "hasPre": false,
    "hasPost": false,
    "script": "dist/index.js",
    "pre": null,
    "post": null,
    "nodeVersion": "node20",
    "cleanupCondition": "always()",
    "initCondition": "always()"
  },
  "deprecated": null
}
[2026-08-18 19:29:48Z INFO ActionManager] Action node.js file: dist/index.js, no more preparation.
[2026-08-18 19:29:48Z INFO HostContext] Well known directory 'Bin': 'E:\devops\Complete Terraform\terraform\terraform 15AUG\terraform15Aug\actions-runner\bin'
[2026-08-18 19:29:48Z INFO HostContext] Well known directory 'Root': 'E:\devops\Complete Terraform\terraform\terraform 15AUG\terraform15Aug\actions-runner'
[2026-08-18 19:29:48Z INFO HostContext] Well known directory 'Work': 'E:\devops\Complete Terraform\terraform\terraform 15AUG\terraform15Aug\actions-runner\_work'
[2026-08-18 19:29:48Z INFO HostContext] Well known directory 'Actions': 'E:\devops\Complete Terraform\terraform\terraform 15AUG\terraform15Aug\actions-runner\_work\_actions'
[2026-08-18 19:29:48Z INFO ActionManager] Load action that reference repository from 'E:\devops\Complete Terraform\terraform\terraform 15AUG\terraform15Aug\actions-runner\_work\_actions\hashicorp\setup-terraform\v3'
[2026-08-18 19:29:48Z INFO HostContext] Well known directory 'Bin': 'E:\devops\Complete Terraform\terraform\terraform 15AUG\terraform15Aug\actions-runner\bin'
[2026-08-18 19:29:48Z INFO HostContext] Well known directory 'Root': 'E:\devops\Complete Terraform\terraform\terraform 15AUG\terraform15Aug\actions-runner'
[2026-08-18 19:29:48Z INFO HostContext] Well known directory 'Work': 'E:\devops\Complete Terraform\terraform\terraform 15AUG\terraform15Aug\actions-runner\_work'
[2026-08-18 19:29:48Z INFO HostContext] Well known directory 'Actions': 'E:\devops\Complete Terraform\terraform\terraform 15AUG\terraform15Aug\actions-runner\_work\_actions'
[2026-08-18 19:29:48Z INFO ActionManifestManagerLegacy] Ignore action property author.
[2026-08-18 19:29:48Z INFO ActionManifestManagerLegacy] Ignore action property branding.
[2026-08-18 19:29:48Z INFO ActionManifestManagerLegacy] Loaded action.yml file: {
  "name": "HashiCorp - Setup Terraform",
  "description": "Sets up Terraform CLI in your GitHub Actions workflow.",
  "inputs": {
    "type": 2,
    "map": [
      {
        "key": {
          "type": 0,
          "file": 3,
          "line": 5,
          "col": 3,
          "lit": "cli_config_credentials_hostname"
        },
        "value": {
          "type": 0,
          "file": 3,
          "line": 7,
          "col": 14,
          "lit": "app.terraform.io"
        }
      },
      {
        "key": {
          "type": 0,
          "file": 3,
          "line": 9,
          "col": 3,
          "lit": "cli_config_credentials_token"
        },
        "value": ""
      },
      {
        "key": {
          "type": 0,
          "file": 3,
          "line": 12,
          "col": 3,
          "lit": "terraform_version"
        },
        "value": {
          "type": 0,
          "file": 3,
          "line": 14,
          "col": 14,
          "lit": "latest"
        }
      },
      {
        "key": {
          "type": 0,
          "file": 3,
          "line": 16,
          "col": 3,
          "lit": "terraform_wrapper"
        },
        "value": {
          "type": 0,
          "file": 3,
          "line": 18,
          "col": 14,
          "lit": "true"
        }
      }
    ]
  },
  "execution": {
    "executionType": "nodeJS",
    "hasPre": false,
    "hasPost": false,
    "script": "dist/index.js",
    "pre": null,
    "post": null,
    "nodeVersion": "node20",
    "cleanupCondition": "always()",
    "initCondition": "always()"
  },
  "deprecated": null
}
[2026-08-18 19:29:48Z INFO ActionManager] Action pre node.js file: N/A.
[2026-08-18 19:29:48Z INFO ActionManager] Action node.js file: dist/index.js.
[2026-08-18 19:29:48Z INFO ActionManager] Action post node.js file: N/A.
[2026-08-18 19:29:48Z INFO JobExtension] Adding .
[2026-08-18 19:29:48Z INFO JobExtension] Adding .
[2026-08-18 19:29:48Z INFO JobExtension] Adding .
[2026-08-18 19:29:48Z INFO JobExtension] Adding .
[2026-08-18 19:29:48Z INFO JobExtension] Adding .
[2026-08-18 19:29:48Z INFO JobExtension] Adding .
[2026-08-18 19:29:48Z INFO JobExtension] Adding .
[2026-08-18 19:29:48Z INFO JobExtension] Adding .
[2026-08-18 19:29:48Z INFO HostContext] Well known directory 'Bin': 'E:\devops\Complete Terraform\terraform\terraform 15AUG\terraform15Aug\actions-runner\bin'
[2026-08-18 19:29:48Z INFO HostContext] Well known directory 'Root': 'E:\devops\Complete Terraform\terraform\terraform 15AUG\terraform15Aug\actions-runner'
[2026-08-18 19:29:48Z INFO HostContext] Well known directory 'Diag': 'E:\devops\Complete Terraform\terraform\terraform 15AUG\terraform15Aug\actions-runner\_diag'
[2026-08-18 19:29:48Z INFO HostContext] Well known directory 'Bin': 'E:\devops\Complete Terraform\terraform\terraform 15AUG\terraform15Aug\actions-runner\bin'
[2026-08-18 19:29:48Z INFO HostContext] Well known directory 'Root': 'E:\devops\Complete Terraform\terraform\terraform 15AUG\terraform15Aug\actions-runner'
[2026-08-18 19:29:48Z INFO HostContext] Well known directory 'Diag': 'E:\devops\Complete Terraform\terraform\terraform 15AUG\terraform15Aug\actions-runner\_diag'
[2026-08-18 19:29:48Z INFO HostContext] Well known directory 'Bin': 'E:\devops\Complete Terraform\terraform\terraform 15AUG\terraform15Aug\actions-runner\bin'
[2026-08-18 19:29:48Z INFO HostContext] Well known directory 'Root': 'E:\devops\Complete Terraform\terraform\terraform 15AUG\terraform15Aug\actions-runner'
[2026-08-18 19:29:48Z INFO HostContext] Well known directory 'Diag': 'E:\devops\Complete Terraform\terraform\terraform 15AUG\terraform15Aug\actions-runner\_diag'
[2026-08-18 19:29:48Z INFO HostContext] Well known directory 'Bin': 'E:\devops\Complete Terraform\terraform\terraform 15AUG\terraform15Aug\actions-runner\bin'
[2026-08-18 19:29:48Z INFO HostContext] Well known directory 'Root': 'E:\devops\Complete Terraform\terraform\terraform 15AUG\terraform15Aug\actions-runner'
[2026-08-18 19:29:48Z INFO HostContext] Well known directory 'Diag': 'E:\devops\Complete Terraform\terraform\terraform 15AUG\terraform15Aug\actions-runner\_diag'
[2026-08-18 19:29:48Z INFO HostContext] Well known directory 'Bin': 'E:\devops\Complete Terraform\terraform\terraform 15AUG\terraform15Aug\actions-runner\bin'
[2026-08-18 19:29:48Z INFO HostContext] Well known directory 'Root': 'E:\devops\Complete Terraform\terraform\terraform 15AUG\terraform15Aug\actions-runner'
[2026-08-18 19:29:48Z INFO HostContext] Well known directory 'Diag': 'E:\devops\Complete Terraform\terraform\terraform 15AUG\terraform15Aug\actions-runner\_diag'
[2026-08-18 19:29:48Z INFO HostContext] Well known directory 'Bin': 'E:\devops\Complete Terraform\terraform\terraform 15AUG\terraform15Aug\actions-runner\bin'
[2026-08-18 19:29:48Z INFO HostContext] Well known directory 'Root': 'E:\devops\Complete Terraform\terraform\terraform 15AUG\terraform15Aug\actions-runner'
[2026-08-18 19:29:48Z INFO HostContext] Well known directory 'Diag': 'E:\devops\Complete Terraform\terraform\terraform 15AUG\terraform15Aug\actions-runner\_diag'
[2026-08-18 19:29:48Z INFO HostContext] Well known directory 'Bin': 'E:\devops\Complete Terraform\terraform\terraform 15AUG\terraform15Aug\actions-runner\bin'
[2026-08-18 19:29:48Z INFO HostContext] Well known directory 'Root': 'E:\devops\Complete Terraform\terraform\terraform 15AUG\terraform15Aug\actions-runner'
[2026-08-18 19:29:48Z INFO HostContext] Well known directory 'Diag': 'E:\devops\Complete Terraform\terraform\terraform 15AUG\terraform15Aug\actions-runner\_diag'
[2026-08-18 19:29:48Z INFO HostContext] Well known directory 'Bin': 'E:\devops\Complete Terraform\terraform\terraform 15AUG\terraform15Aug\actions-runner\bin'
[2026-08-18 19:29:48Z INFO HostContext] Well known directory 'Root': 'E:\devops\Complete Terraform\terraform\terraform 15AUG\terraform15Aug\actions-runner'
[2026-08-18 19:29:48Z INFO HostContext] Well known directory 'Diag': 'E:\devops\Complete Terraform\terraform\terraform 15AUG\terraform15Aug\actions-runner\_diag'
[2026-08-18 19:29:48Z INFO HostContext] Well known directory 'Bin': 'E:\devops\Complete Terraform\terraform\terraform 15AUG\terraform15Aug\actions-runner\bin'
[2026-08-18 19:29:48Z INFO HostContext] Well known directory 'Root': 'E:\devops\Complete Terraform\terraform\terraform 15AUG\terraform15Aug\actions-runner'
[2026-08-18 19:29:48Z INFO HostContext] Well known directory 'Diag': 'E:\devops\Complete Terraform\terraform\terraform 15AUG\terraform15Aug\actions-runner\_diag'
[2026-08-18 19:29:48Z INFO HostContext] Well known directory 'Bin': 'E:\devops\Complete Terraform\terraform\terraform 15AUG\terraform15Aug\actions-runner\bin'
[2026-08-18 19:29:48Z INFO HostContext] Well known directory 'Root': 'E:\devops\Complete Terraform\terraform\terraform 15AUG\terraform15Aug\actions-runner'
[2026-08-18 19:29:48Z INFO HostContext] Well known directory 'Diag': 'E:\devops\Complete Terraform\terraform\terraform 15AUG\terraform15Aug\actions-runner\_diag'
[2026-08-18 19:29:48Z INFO HostContext] Well known directory 'Bin': 'E:\devops\Complete Terraform\terraform\terraform 15AUG\terraform15Aug\actions-runner\bin'
[2026-08-18 19:29:48Z INFO HostContext] Well known directory 'Root': 'E:\devops\Complete Terraform\terraform\terraform 15AUG\terraform15Aug\actions-runner'
[2026-08-18 19:29:48Z INFO HostContext] Well known directory 'Diag': 'E:\devops\Complete Terraform\terraform\terraform 15AUG\terraform15Aug\actions-runner\_diag'
[2026-08-18 19:29:48Z INFO HostContext] Well known directory 'Bin': 'E:\devops\Complete Terraform\terraform\terraform 15AUG\terraform15Aug\actions-runner\bin'
[2026-08-18 19:29:48Z INFO HostContext] Well known directory 'Root': 'E:\devops\Complete Terraform\terraform\terraform 15AUG\terraform15Aug\actions-runner'
[2026-08-18 19:29:48Z INFO HostContext] Well known directory 'Diag': 'E:\devops\Complete Terraform\terraform\terraform 15AUG\terraform15Aug\actions-runner\_diag'
[2026-08-18 19:29:48Z INFO HostContext] Well known directory 'Bin': 'E:\devops\Complete Terraform\terraform\terraform 15AUG\terraform15Aug\actions-runner\bin'
[2026-08-18 19:29:48Z INFO HostContext] Well known directory 'Root': 'E:\devops\Complete Terraform\terraform\terraform 15AUG\terraform15Aug\actions-runner'
[2026-08-18 19:29:48Z INFO HostContext] Well known directory 'Diag': 'E:\devops\Complete Terraform\terraform\terraform 15AUG\terraform15Aug\actions-runner\_diag'
[2026-08-18 19:29:48Z INFO HostContext] Well known directory 'Bin': 'E:\devops\Complete Terraform\terraform\terraform 15AUG\terraform15Aug\actions-runner\bin'
[2026-08-18 19:29:48Z INFO HostContext] Well known directory 'Root': 'E:\devops\Complete Terraform\terraform\terraform 15AUG\terraform15Aug\actions-runner'
[2026-08-18 19:29:48Z INFO HostContext] Well known directory 'Diag': 'E:\devops\Complete Terraform\terraform\terraform 15AUG\terraform15Aug\actions-runner\_diag'
[2026-08-18 19:29:48Z INFO HostContext] Well known directory 'Bin': 'E:\devops\Complete Terraform\terraform\terraform 15AUG\terraform15Aug\actions-runner\bin'
[2026-08-18 19:29:48Z INFO HostContext] Well known directory 'Root': 'E:\devops\Complete Terraform\terraform\terraform 15AUG\terraform15Aug\actions-runner'
[2026-08-18 19:29:48Z INFO HostContext] Well known directory 'Diag': 'E:\devops\Complete Terraform\terraform\terraform 15AUG\terraform15Aug\actions-runner\_diag'
[2026-08-18 19:29:48Z INFO HostContext] Well known directory 'Bin': 'E:\devops\Complete Terraform\terraform\terraform 15AUG\terraform15Aug\actions-runner\bin'
[2026-08-18 19:29:48Z INFO HostContext] Well known directory 'Root': 'E:\devops\Complete Terraform\terraform\terraform 15AUG\terraform15Aug\actions-runner'
[2026-08-18 19:29:48Z INFO HostContext] Well known directory 'Diag': 'E:\devops\Complete Terraform\terraform\terraform 15AUG\terraform15Aug\actions-runner\_diag'
[2026-08-18 19:29:48Z INFO JobExtension] Total accessible running process: 258.
[2026-08-18 19:29:48Z INFO JobServerQueue] Try to append 1 batches web console lines for record '26093841-7054-4282-b763-1d504240e49c', success rate: 1/1.
[2026-08-18 19:29:48Z INFO HostContext] Well known directory 'Bin': 'E:\devops\Complete Terraform\terraform\terraform 15AUG\terraform15Aug\actions-runner\bin'
[2026-08-18 19:29:48Z INFO HostContext] Well known directory 'Root': 'E:\devops\Complete Terraform\terraform\terraform 15AUG\terraform15Aug\actions-runner'
[2026-08-18 19:29:48Z INFO HostContext] Well known directory 'Work': 'E:\devops\Complete Terraform\terraform\terraform 15AUG\terraform15Aug\actions-runner\_work'
[2026-08-18 19:29:48Z INFO JobExtension] Start checking server connectivity.
[2026-08-18 19:29:48Z INFO JobExtension] Check server connectivity for https://broker.actions.githubusercontent.com/health.
[2026-08-18 19:29:48Z INFO JobExtension] Check server connectivity for https://token.actions.githubusercontent.com/ready.
[2026-08-18 19:29:48Z INFO JobExtension] Check server connectivity for https://run.actions.githubusercontent.com/health.
[2026-08-18 19:29:48Z INFO JobExtension] Start checking service connectivity in background.
[2026-08-18 19:29:48Z INFO ExecutionContext] Publish step telemetry for current step {
  "action": "setup_job",
  "type": "runner",
  "stage": "Pre",
  "stepId": "26093841-7054-4282-b763-1d504240e49c",
  "result": "succeeded",
  "errorMessages": [],
  "executionTimeInSeconds": 6,
  "startTime": "2026-08-18T19:29:43.1559661Z",
  "finishTime": "2026-08-18T19:29:48.8039712Z"
}.
[2026-08-18 19:29:48Z INFO JobRunner] Total job steps: 8.
[2026-08-18 19:29:48Z INFO JobRunner] Waiting for job to be marked as started.
[2026-08-18 19:29:48Z INFO JobRunner] Run all job steps.
[2026-08-18 19:29:48Z INFO DapDebugger] DapDebugger initialized
[2026-08-18 19:29:48Z INFO StepsRunner] Processing step: DisplayName='Checkout Code'
[2026-08-18 19:29:48Z INFO StepsRunner] Evaluating: success()
[2026-08-18 19:29:48Z INFO StepsRunner] Result: true
[2026-08-18 19:29:48Z INFO StepsRunner] Starting the step.
[2026-08-18 19:29:48Z INFO HostContext] Well known directory 'Bin': 'E:\devops\Complete Terraform\terraform\terraform 15AUG\terraform15Aug\actions-runner\bin'
[2026-08-18 19:29:48Z INFO HostContext] Well known directory 'Root': 'E:\devops\Complete Terraform\terraform\terraform 15AUG\terraform15Aug\actions-runner'
[2026-08-18 19:29:48Z INFO HostContext] Well known directory 'Work': 'E:\devops\Complete Terraform\terraform\terraform 15AUG\terraform15Aug\actions-runner\_work'
[2026-08-18 19:29:48Z INFO StepsRunner] Which2: 'chcp'
[2026-08-18 19:29:48Z INFO StepsRunner] Location: 'C:\Windows\system32\chcp.COM'
[2026-08-18 19:29:48Z INFO ProcessInvokerWrapper] Starting process:
[2026-08-18 19:29:48Z INFO ProcessInvokerWrapper]   File name: 'C:\Windows\system32\chcp.COM'
[2026-08-18 19:29:48Z INFO ProcessInvokerWrapper]   Arguments: '65001'
[2026-08-18 19:29:48Z INFO ProcessInvokerWrapper]   Working directory: 'E:\devops\Complete Terraform\terraform\terraform 15AUG\terraform15Aug\actions-runner\_work'
[2026-08-18 19:29:48Z INFO ProcessInvokerWrapper]   Require exit code zero: 'False'
[2026-08-18 19:29:48Z INFO ProcessInvokerWrapper]   Encoding web name:  ; code page: ''
[2026-08-18 19:29:48Z INFO ProcessInvokerWrapper]   Force kill process on cancellation: 'False'
[2026-08-18 19:29:48Z INFO ProcessInvokerWrapper]   Redirected STDIN: 'False'
[2026-08-18 19:29:48Z INFO ProcessInvokerWrapper]   Persist current code page: 'True'
[2026-08-18 19:29:48Z INFO ProcessInvokerWrapper]   Keep redirected STDIN open: 'False'
[2026-08-18 19:29:48Z INFO ProcessInvokerWrapper]   High priority process: 'False'
[2026-08-18 19:29:48Z INFO ProcessInvokerWrapper] Process started with process id 16092, waiting for process exit.
[2026-08-18 19:29:48Z INFO ProcessInvokerWrapper] STDOUT/STDERR stream read finished.
[2026-08-18 19:29:48Z INFO ProcessInvokerWrapper] STDOUT/STDERR stream read finished.
[2026-08-18 19:29:48Z INFO ProcessInvokerWrapper] Finished process 16092 with exit code 0, and elapsed time 00:00:00.0536432.
[2026-08-18 19:29:48Z INFO StepsRunner] Successfully returned to code page 65001 (UTF8)
[2026-08-18 19:29:48Z INFO HostContext] Well known directory 'Bin': 'E:\devops\Complete Terraform\terraform\terraform 15AUG\terraform15Aug\actions-runner\bin'
[2026-08-18 19:29:48Z INFO HostContext] Well known directory 'Root': 'E:\devops\Complete Terraform\terraform\terraform 15AUG\terraform15Aug\actions-runner'
[2026-08-18 19:29:48Z INFO HostContext] Well known directory 'Work': 'E:\devops\Complete Terraform\terraform\terraform 15AUG\terraform15Aug\actions-runner\_work'
[2026-08-18 19:29:48Z INFO HostContext] Well known directory 'Actions': 'E:\devops\Complete Terraform\terraform\terraform 15AUG\terraform15Aug\actions-runner\_work\_actions'
[2026-08-18 19:29:48Z INFO ActionManager] Load action that reference repository from 'E:\devops\Complete Terraform\terraform\terraform 15AUG\terraform15Aug\actions-runner\_work\_actions\actions\checkout\v4'
[2026-08-18 19:29:48Z INFO HostContext] Well known directory 'Bin': 'E:\devops\Complete Terraform\terraform\terraform 15AUG\terraform15Aug\actions-runner\bin'
[2026-08-18 19:29:48Z INFO HostContext] Well known directory 'Root': 'E:\devops\Complete Terraform\terraform\terraform 15AUG\terraform15Aug\actions-runner'
[2026-08-18 19:29:48Z INFO HostContext] Well known directory 'Work': 'E:\devops\Complete Terraform\terraform\terraform 15AUG\terraform15Aug\actions-runner\_work'
[2026-08-18 19:29:48Z INFO HostContext] Well known directory 'Actions': 'E:\devops\Complete Terraform\terraform\terraform 15AUG\terraform15Aug\actions-runner\_work\_actions'
[2026-08-18 19:29:48Z INFO ActionManifestManagerLegacy] Loaded action.yml file: {
  "name": "Checkout",
  "description": "Checkout a Git repository at a particular version",
  "inputs": {
    "type": 2,
    "map": [
      {
        "key": {
          "type": 0,
          "file": 2,
          "line": 4,
          "col": 3,
          "lit": "repository"
        },
        "value": {
          "type": 3,
          "file": 2,
          "line": 6,
          "col": 14,
          "expr": "github.repository"
        }
      },
      {
        "key": {
          "type": 0,
          "file": 2,
          "line": 7,
          "col": 3,
          "lit": "ref"
        },
        "value": ""
      },
      {
        "key": {
          "type": 0,
          "file": 2,
          "line": 12,
          "col": 3,
          "lit": "token"
        },
        "value": {
          "type": 3,
          "file": 2,
          "line": 24,
          "col": 14,
          "expr": "github.token"
        }
      },
      {
        "key": {
          "type": 0,
          "file": 2,
          "line": 25,
          "col": 3,
          "lit": "ssh-key"
        },
        "value": ""
      },
      {
        "key": {
          "type": 0,
          "file": 2,
          "line": 37,
          "col": 3,
          "lit": "ssh-known-hosts"
        },
        "value": ""
      },
      {
        "key": {
          "type": 0,
          "file": 2,
          "line": 42,
          "col": 3,
          "lit": "ssh-strict"
        },
        "value": {
          "type": 0,
          "file": 2,
          "line": 47,
          "col": 14,
          "lit": "true"
        }
      },
      {
        "key": {
          "type": 0,
          "file": 2,
          "line": 48,
          "col": 3,
          "lit": "ssh-user"
        },
        "value": {
          "type": 0,
          "file": 2,
          "line": 51,
          "col": 14,
          "lit": "git"
        }
      },
      {
        "key": {
          "type": 0,
          "file": 2,
          "line": 52,
          "col": 3,
          "lit": "persist-credentials"
        },
        "value": {
          "type": 0,
          "file": 2,
          "line": 54,
          "col": 14,
          "lit": "true"
        }
      },
      {
        "key": {
          "type": 0,
          "file": 2,
          "line": 55,
          "col": 3,
          "lit": "path"
        },
        "value": ""
      },
      {
        "key": {
          "type": 0,
          "file": 2,
          "line": 57,
          "col": 3,
          "lit": "clean"
        },
        "value": {
          "type": 0,
          "file": 2,
          "line": 59,
          "col": 14,
          "lit": "true"
        }
      },
      {
        "key": {
          "type": 0,
          "file": 2,
          "line": 60,
          "col": 3,
          "lit": "filter"
        },
        "value": {
          "type": 0,
          "file": 2,
          "line": 64,
          "col": 14,
          "lit": ""
        }
      },
      {
        "key": {
          "type": 0,
          "file": 2,
          "line": 65,
          "col": 3,
          "lit": "sparse-checkout"
        },
        "value": {
          "type": 0,
          "file": 2,
          "line": 69,
          "col": 14,
          "lit": ""
        }
      },
      {
        "key": {
          "type": 0,
          "file": 2,
          "line": 70,
          "col": 3,
          "lit": "sparse-checkout-cone-mode"
        },
        "value": {
          "type": 0,
          "file": 2,
          "line": 73,
          "col": 14,
          "lit": "true"
        }
      },
      {
        "key": {
          "type": 0,
          "file": 2,
          "line": 74,
          "col": 3,
          "lit": "fetch-depth"
        },
        "value": {
          "type": 0,
          "file": 2,
          "line": 76,
          "col": 14,
          "lit": "1"
        }
      },
      {
        "key": {
          "type": 0,
          "file": 2,
          "line": 77,
          "col": 3,
          "lit": "fetch-tags"
        },
        "value": {
          "type": 0,
          "file": 2,
          "line": 79,
          "col": 14,
          "lit": "false"
        }
      },
      {
        "key": {
          "type": 0,
          "file": 2,
          "line": 80,
          "col": 3,
          "lit": "show-progress"
        },
        "value": {
          "type": 0,
          "file": 2,
          "line": 82,
          "col": 14,
          "lit": "true"
        }
      },
      {
        "key": {
          "type": 0,
          "file": 2,
          "line": 83,
          "col": 3,
          "lit": "lfs"
        },
        "value": {
          "type": 0,
          "file": 2,
          "line": 85,
          "col": 14,
          "lit": "false"
        }
      },
      {
        "key": {
          "type": 0,
          "file": 2,
          "line": 86,
          "col": 3,
          "lit": "submodules"
        },
        "value": {
          "type": 0,
          "file": 2,
          "line": 94,
          "col": 14,
          "lit": "false"
        }
      },
      {
        "key": {
          "type": 0,
          "file": 2,
          "line": 95,
          "col": 3,
          "lit": "set-safe-directory"
        },
        "value": {
          "type": 0,
          "file": 2,
          "line": 97,
          "col": 14,
          "lit": "true"
        }
      },
      {
        "key": {
          "type": 0,
          "file": 2,
          "line": 98,
          "col": 3,
          "lit": "github-server-url"
        },
        "value": ""
      },
      {
        "key": {
          "type": 0,
          "file": 2,
          "line": 101,
          "col": 3,
          "lit": "allow-unsafe-pr-checkout"
        },
        "value": {
          "type": 0,
          "file": 2,
          "line": 109,
          "col": 14,
          "lit": "false"
        }
      }
    ]
  },
  "execution": {
    "executionType": "nodeJS",
    "hasPre": false,
    "hasPost": true,
    "script": "dist/index.js",
    "pre": null,
    "post": "dist/index.js",
    "nodeVersion": "node20",
    "cleanupCondition": "always()",
    "initCondition": "always()"
  },
  "deprecated": null
}
[2026-08-18 19:29:48Z INFO ActionManager] Action pre node.js file: N/A.
[2026-08-18 19:29:48Z INFO ActionManager] Action node.js file: dist/index.js.
[2026-08-18 19:29:48Z INFO ActionManager] Action post node.js file: dist/index.js.
[2026-08-18 19:29:48Z INFO ExecutionContext] Reserve record order 10 to 18 for post job actions.
[2026-08-18 19:29:48Z INFO HostContext] Well known directory 'Bin': 'E:\devops\Complete Terraform\terraform\terraform 15AUG\terraform15Aug\actions-runner\bin'
[2026-08-18 19:29:48Z INFO HostContext] Well known directory 'Root': 'E:\devops\Complete Terraform\terraform\terraform 15AUG\terraform15Aug\actions-runner'
[2026-08-18 19:29:48Z INFO HostContext] Well known directory 'Diag': 'E:\devops\Complete Terraform\terraform\terraform 15AUG\terraform15Aug\actions-runner\_diag'
[2026-08-18 19:29:48Z INFO HostContext] Well known directory 'Bin': 'E:\devops\Complete Terraform\terraform\terraform 15AUG\terraform15Aug\actions-runner\bin'
[2026-08-18 19:29:48Z INFO HostContext] Well known directory 'Root': 'E:\devops\Complete Terraform\terraform\terraform 15AUG\terraform15Aug\actions-runner'
[2026-08-18 19:29:48Z INFO HostContext] Well known directory 'Diag': 'E:\devops\Complete Terraform\terraform\terraform 15AUG\terraform15Aug\actions-runner\_diag'
[2026-08-18 19:29:48Z INFO HostContext] Well known directory 'Bin': 'E:\devops\Complete Terraform\terraform\terraform 15AUG\terraform15Aug\actions-runner\bin'
[2026-08-18 19:29:48Z INFO HostContext] Well known directory 'Root': 'E:\devops\Complete Terraform\terraform\terraform 15AUG\terraform15Aug\actions-runner'
[2026-08-18 19:29:48Z INFO HostContext] Well known directory 'Work': 'E:\devops\Complete Terraform\terraform\terraform 15AUG\terraform15Aug\actions-runner\_work'
[2026-08-18 19:29:48Z INFO HostContext] Well known directory 'Temp': 'E:\devops\Complete Terraform\terraform\terraform 15AUG\terraform15Aug\actions-runner\_work\_temp'
[2026-08-18 19:29:49Z INFO ExecutionContext] Write event payload to E:\devops\Complete Terraform\terraform\terraform 15AUG\terraform15Aug\actions-runner\_work\_temp\_github_workflow\event.json
[2026-08-18 19:29:49Z INFO HostContext] Well known directory 'Bin': 'E:\devops\Complete Terraform\terraform\terraform 15AUG\terraform15Aug\actions-runner\bin'
[2026-08-18 19:29:49Z INFO HostContext] Well known directory 'Root': 'E:\devops\Complete Terraform\terraform\terraform 15AUG\terraform15Aug\actions-runner'
[2026-08-18 19:29:49Z INFO HostContext] Well known directory 'Work': 'E:\devops\Complete Terraform\terraform\terraform 15AUG\terraform15Aug\actions-runner\_work'
[2026-08-18 19:29:49Z INFO HostContext] Well known directory 'Temp': 'E:\devops\Complete Terraform\terraform\terraform 15AUG\terraform15Aug\actions-runner\_work\_temp'
[2026-08-18 19:29:49Z INFO ExtensionManager] Getting extensions for interface: 'GitHub.Runner.Worker.IFileCommandExtension'
[2026-08-18 19:29:49Z INFO ExtensionManager] Creating instance: GitHub.Runner.Worker.AddPathFileCommand, Runner.Worker
[2026-08-18 19:29:49Z INFO ExtensionManager] Creating instance: GitHub.Runner.Worker.SetEnvFileCommand, Runner.Worker
[2026-08-18 19:29:49Z INFO ExtensionManager] Creating instance: GitHub.Runner.Worker.CreateStepSummaryCommand, Runner.Worker
[2026-08-18 19:29:49Z INFO ExtensionManager] Creating instance: GitHub.Runner.Worker.SaveStateFileCommand, Runner.Worker
[2026-08-18 19:29:49Z INFO ExtensionManager] Creating instance: GitHub.Runner.Worker.SetOutputFileCommand, Runner.Worker
[2026-08-18 19:29:49Z INFO ExtensionManager] Creating instance: GitHub.Runner.Worker.CreateArtifactsFileCommand, Runner.Worker
[2026-08-18 19:29:49Z INFO ExtensionManager] Creating instance: GitHub.Runner.Worker.ArtifactsListFileCommand, Runner.Worker
[2026-08-18 19:29:49Z INFO ActionManifestManagerLegacy] Input 'repository': default value evaluate result: {
  "type": 0,
  "file": 2,
  "line": 6,
  "col": 14,
  "lit": "rahulsharma582/terraform15Aug"
}
[2026-08-18 19:29:49Z INFO ActionManifestManagerLegacy] Input 'ref': default value evaluate result: ""
[2026-08-18 19:29:49Z INFO ActionManifestManagerLegacy] Input 'token': default value evaluate result: {
  "type": 0,
  "file": 2,
  "line": 24,
  "col": 14,
  "lit": "***"
}
[2026-08-18 19:29:49Z INFO ActionManifestManagerLegacy] Input 'ssh-key': default value evaluate result: ""
[2026-08-18 19:29:49Z INFO ActionManifestManagerLegacy] Input 'ssh-known-hosts': default value evaluate result: ""
[2026-08-18 19:29:49Z INFO ActionManifestManagerLegacy] Input 'ssh-strict': default value evaluate result: {
  "type": 0,
  "file": 2,
  "line": 47,
  "col": 14,
  "lit": "true"
}
[2026-08-18 19:29:49Z INFO ActionManifestManagerLegacy] Input 'ssh-user': default value evaluate result: {
  "type": 0,
  "file": 2,
  "line": 51,
  "col": 14,
  "lit": "git"
}
[2026-08-18 19:29:49Z INFO ActionManifestManagerLegacy] Input 'persist-credentials': default value evaluate result: {
  "type": 0,
  "file": 2,
  "line": 54,
  "col": 14,
  "lit": "true"
}
[2026-08-18 19:29:49Z INFO ActionManifestManagerLegacy] Input 'path': default value evaluate result: ""
[2026-08-18 19:29:49Z INFO ActionManifestManagerLegacy] Input 'clean': default value evaluate result: {
  "type": 0,
  "file": 2,
  "line": 59,
  "col": 14,
  "lit": "true"
}
[2026-08-18 19:29:49Z INFO ActionManifestManagerLegacy] Input 'filter': default value evaluate result: {
  "type": 0,
  "file": 2,
  "line": 64,
  "col": 14,
  "lit": ""
}
[2026-08-18 19:29:49Z INFO ActionManifestManagerLegacy] Input 'sparse-checkout': default value evaluate result: {
  "type": 0,
  "file": 2,
  "line": 69,
  "col": 14,
  "lit": ""
}
[2026-08-18 19:29:49Z INFO ActionManifestManagerLegacy] Input 'sparse-checkout-cone-mode': default value evaluate result: {
  "type": 0,
  "file": 2,
  "line": 73,
  "col": 14,
  "lit": "true"
}
[2026-08-18 19:29:49Z INFO ActionManifestManagerLegacy] Input 'fetch-tags': default value evaluate result: {
  "type": 0,
  "file": 2,
  "line": 79,
  "col": 14,
  "lit": "false"
}
[2026-08-18 19:29:49Z INFO ActionManifestManagerLegacy] Input 'show-progress': default value evaluate result: {
  "type": 0,
  "file": 2,
  "line": 82,
  "col": 14,
  "lit": "true"
}
[2026-08-18 19:29:49Z INFO ActionManifestManagerLegacy] Input 'lfs': default value evaluate result: {
  "type": 0,
  "file": 2,
  "line": 85,
  "col": 14,
  "lit": "false"
}
[2026-08-18 19:29:49Z INFO ActionManifestManagerLegacy] Input 'submodules': default value evaluate result: {
  "type": 0,
  "file": 2,
  "line": 94,
  "col": 14,
  "lit": "false"
}
[2026-08-18 19:29:49Z INFO ActionManifestManagerLegacy] Input 'set-safe-directory': default value evaluate result: {
  "type": 0,
  "file": 2,
  "line": 97,
  "col": 14,
  "lit": "true"
}
[2026-08-18 19:29:49Z INFO ActionManifestManagerLegacy] Input 'github-server-url': default value evaluate result: ""
[2026-08-18 19:29:49Z INFO ActionManifestManagerLegacy] Input 'allow-unsafe-pr-checkout': default value evaluate result: {
  "type": 0,
  "file": 2,
  "line": 109,
  "col": 14,
  "lit": "false"
}
[2026-08-18 19:29:49Z INFO ExtensionManager] Getting extensions for interface: 'GitHub.Runner.Worker.IActionCommandExtension'
[2026-08-18 19:29:49Z INFO ExtensionManager] Creating instance: GitHub.Runner.Worker.InternalPluginSetRepoPathCommandExtension, Runner.Worker
[2026-08-18 19:29:49Z INFO ExtensionManager] Creating instance: GitHub.Runner.Worker.SetEnvCommandExtension, Runner.Worker
[2026-08-18 19:29:49Z INFO ExtensionManager] Creating instance: GitHub.Runner.Worker.SetOutputCommandExtension, Runner.Worker
[2026-08-18 19:29:49Z INFO ExtensionManager] Creating instance: GitHub.Runner.Worker.SaveStateCommandExtension, Runner.Worker
[2026-08-18 19:29:49Z INFO ExtensionManager] Creating instance: GitHub.Runner.Worker.AddPathCommandExtension, Runner.Worker
[2026-08-18 19:29:49Z INFO ExtensionManager] Creating instance: GitHub.Runner.Worker.AddMaskCommandExtension, Runner.Worker
[2026-08-18 19:29:49Z INFO ExtensionManager] Creating instance: GitHub.Runner.Worker.AddMatcherCommandExtension, Runner.Worker
[2026-08-18 19:29:49Z INFO ExtensionManager] Creating instance: GitHub.Runner.Worker.RemoveMatcherCommandExtension, Runner.Worker
[2026-08-18 19:29:49Z INFO ExtensionManager] Creating instance: GitHub.Runner.Worker.WarningCommandExtension, Runner.Worker
[2026-08-18 19:29:49Z INFO ExtensionManager] Creating instance: GitHub.Runner.Worker.ErrorCommandExtension, Runner.Worker
[2026-08-18 19:29:49Z INFO ExtensionManager] Creating instance: GitHub.Runner.Worker.NoticeCommandExtension, Runner.Worker
[2026-08-18 19:29:49Z INFO ExtensionManager] Creating instance: GitHub.Runner.Worker.DebugCommandExtension, Runner.Worker
[2026-08-18 19:29:49Z INFO ExtensionManager] Creating instance: GitHub.Runner.Worker.GroupCommandExtension, Runner.Worker
[2026-08-18 19:29:49Z INFO ExtensionManager] Creating instance: GitHub.Runner.Worker.EndGroupCommandExtension, Runner.Worker
[2026-08-18 19:29:49Z INFO ExtensionManager] Creating instance: GitHub.Runner.Worker.EchoCommandExtension, Runner.Worker
[2026-08-18 19:29:49Z INFO ActionCommandManager] Register action command extension for command internal-set-repo-path
[2026-08-18 19:29:49Z INFO ActionCommandManager] Register action command extension for command set-env
[2026-08-18 19:29:49Z INFO ActionCommandManager] Register action command extension for command set-output
[2026-08-18 19:29:49Z INFO ActionCommandManager] Register action command extension for command save-state
[2026-08-18 19:29:49Z INFO ActionCommandManager] Register action command extension for command add-path
[2026-08-18 19:29:49Z INFO ActionCommandManager] Register action command extension for command add-mask
[2026-08-18 19:29:49Z INFO ActionCommandManager] Register action command extension for command add-matcher
[2026-08-18 19:29:49Z INFO ActionCommandManager] Register action command extension for command remove-matcher
[2026-08-18 19:29:49Z INFO ActionCommandManager] Register action command extension for command warning
[2026-08-18 19:29:49Z INFO ActionCommandManager] Register action command extension for command error
[2026-08-18 19:29:49Z INFO ActionCommandManager] Register action command extension for command notice
[2026-08-18 19:29:49Z INFO ActionCommandManager] Register action command extension for command debug
[2026-08-18 19:29:49Z INFO ActionCommandManager] Register action command extension for command group
[2026-08-18 19:29:49Z INFO ActionCommandManager] Register action command extension for command endgroup
[2026-08-18 19:29:49Z INFO ActionCommandManager] Register action command extension for command echo
[2026-08-18 19:29:49Z INFO HostContext] Well known directory 'Bin': 'E:\devops\Complete Terraform\terraform\terraform 15AUG\terraform15Aug\actions-runner\bin'
[2026-08-18 19:29:49Z INFO HostContext] Well known directory 'Root': 'E:\devops\Complete Terraform\terraform\terraform 15AUG\terraform15Aug\actions-runner'
[2026-08-18 19:29:49Z INFO HostContext] Well known directory 'Externals': 'E:\devops\Complete Terraform\terraform\terraform 15AUG\terraform15Aug\actions-runner\externals'
[2026-08-18 19:29:49Z INFO ProcessInvokerWrapper] Starting process:
[2026-08-18 19:29:49Z INFO ProcessInvokerWrapper]   File name: 'E:\devops\Complete Terraform\terraform\terraform 15AUG\terraform15Aug\actions-runner\externals\node24\bin\node.exe'
[2026-08-18 19:29:49Z INFO ProcessInvokerWrapper]   Arguments: '"E:\devops\Complete Terraform\terraform\terraform 15AUG\terraform15Aug\actions-runner\_work\_actions\actions\checkout\v4\dist/index.js"'
[2026-08-18 19:29:49Z INFO ProcessInvokerWrapper]   Working directory: 'E:\devops\Complete Terraform\terraform\terraform 15AUG\terraform15Aug\actions-runner\_work\terraform15Aug\terraform15Aug'
[2026-08-18 19:29:49Z INFO ProcessInvokerWrapper]   Require exit code zero: 'False'
[2026-08-18 19:29:49Z INFO ProcessInvokerWrapper]   Encoding web name: utf-8 ; code page: '65001'
[2026-08-18 19:29:49Z INFO ProcessInvokerWrapper]   Force kill process on cancellation: 'False'
[2026-08-18 19:29:49Z INFO ProcessInvokerWrapper]   Redirected STDIN: 'False'
[2026-08-18 19:29:49Z INFO ProcessInvokerWrapper]   Persist current code page: 'True'
[2026-08-18 19:29:49Z INFO ProcessInvokerWrapper]   Keep redirected STDIN open: 'False'
[2026-08-18 19:29:49Z INFO ProcessInvokerWrapper]   High priority process: 'False'
[2026-08-18 19:29:49Z INFO JobServerQueue] Try to append 1 batches web console lines for record '262f1490-9989-4d9c-b937-752a725f687c', success rate: 1/1.
[2026-08-18 19:29:49Z INFO JobServerQueue] Got a step log file to send to results service.
[2026-08-18 19:29:49Z INFO JobServerQueue] Starting upload of step log file to results service ResultsLog, E:\devops\Complete Terraform\terraform\terraform 15AUG\terraform15Aug\actions-runner\_diag\blocks\3bb2ee00-256a-46e5-9b36-016f231efbed_26093841-7054-4282-b763-1d504240e49c.1
[2026-08-18 19:29:49Z INFO JobServerQueue] Try to upload 1 log files or attachments, success rate: 1/1.
[2026-08-18 19:29:54Z INFO JobServerQueue] Tried to upload 1 file(s) to results, success rate: 1/1.
[2026-08-18 19:29:58Z INFO HostContext] Well known directory 'Bin': 'E:\devops\Complete Terraform\terraform\terraform 15AUG\terraform15Aug\actions-runner\bin'
[2026-08-18 19:29:58Z INFO HostContext] Well known directory 'Root': 'E:\devops\Complete Terraform\terraform\terraform 15AUG\terraform15Aug\actions-runner'
[2026-08-18 19:29:58Z INFO HostContext] Well known directory 'Work': 'E:\devops\Complete Terraform\terraform\terraform 15AUG\terraform15Aug\actions-runner\_work'
[2026-08-18 19:30:02Z INFO ProcessInvokerWrapper] Process started with process id 10888, waiting for process exit.
[2026-08-18 19:30:03Z INFO JobServerQueue] Try to append 1 batches web console lines for record '262f1490-9989-4d9c-b937-752a725f687c', success rate: 1/1.
[2026-08-18 19:30:03Z INFO AddMaskCommandExtension] Add new secret mask with length of 524
[2026-08-18 19:30:03Z INFO JobServerQueue] Try to append 1 batches web console lines for record '262f1490-9989-4d9c-b937-752a725f687c', success rate: 1/1.
[2026-08-18 19:30:03Z INFO JobServerQueue] Try to append 1 batches web console lines for record '262f1490-9989-4d9c-b937-752a725f687c', success rate: 1/1.
[2026-08-18 19:30:03Z INFO JobServerQueue] Try to append 1 batches web console lines for record '262f1490-9989-4d9c-b937-752a725f687c', success rate: 1/1.
[2026-08-18 19:30:05Z INFO JobServerQueue] Try to append 1 batches web console lines for record '262f1490-9989-4d9c-b937-752a725f687c', success rate: 1/1.
[2026-08-18 19:30:05Z INFO JobServerQueue] Try to append 1 batches web console lines for record '262f1490-9989-4d9c-b937-752a725f687c', success rate: 1/1.
[2026-08-18 19:30:05Z INFO JobServerQueue] Try to append 1 batches web console lines for record '262f1490-9989-4d9c-b937-752a725f687c', success rate: 1/1.
[2026-08-18 19:30:07Z INFO JobServerQueue] Try to append 1 batches web console lines for record '262f1490-9989-4d9c-b937-752a725f687c', success rate: 1/1.
[2026-08-18 19:30:08Z INFO JobServerQueue] Try to append 1 batches web console lines for record '262f1490-9989-4d9c-b937-752a725f687c', success rate: 1/1.
[2026-08-18 19:30:08Z INFO HostContext] Well known directory 'Bin': 'E:\devops\Complete Terraform\terraform\terraform 15AUG\terraform15Aug\actions-runner\bin'
[2026-08-18 19:30:08Z INFO HostContext] Well known directory 'Root': 'E:\devops\Complete Terraform\terraform\terraform 15AUG\terraform15Aug\actions-runner'
[2026-08-18 19:30:08Z INFO HostContext] Well known directory 'Work': 'E:\devops\Complete Terraform\terraform\terraform 15AUG\terraform15Aug\actions-runner\_work'
[2026-08-18 19:30:09Z INFO JobServerQueue] Try to append 1 batches web console lines for record '262f1490-9989-4d9c-b937-752a725f687c', success rate: 1/1.
[2026-08-18 19:30:12Z INFO JobServerQueue] Try to append 1 batches web console lines for record '262f1490-9989-4d9c-b937-752a725f687c', success rate: 1/1.
[2026-08-18 19:30:12Z INFO JobServerQueue] Try to append 1 batches web console lines for record '262f1490-9989-4d9c-b937-752a725f687c', success rate: 1/1.
[2026-08-18 19:30:15Z INFO JobServerQueue] Try to append 1 batches web console lines for record '262f1490-9989-4d9c-b937-752a725f687c', success rate: 1/1.
[2026-08-18 19:30:15Z INFO JobServerQueue] Try to append 1 batches web console lines for record '262f1490-9989-4d9c-b937-752a725f687c', success rate: 1/1.
[2026-08-18 19:30:15Z INFO JobServerQueue] Try to append 1 batches web console lines for record '262f1490-9989-4d9c-b937-752a725f687c', success rate: 1/1.
[2026-08-18 19:30:15Z INFO JobServerQueue] Try to append 1 batches web console lines for record '262f1490-9989-4d9c-b937-752a725f687c', success rate: 1/1.
[2026-08-18 19:30:16Z INFO JobServerQueue] Try to append 1 batches web console lines for record '262f1490-9989-4d9c-b937-752a725f687c', success rate: 1/1.
[2026-08-18 19:30:16Z INFO ProcessInvokerWrapper] STDOUT/STDERR stream read finished.
[2026-08-18 19:30:16Z INFO ProcessInvokerWrapper] STDOUT/STDERR stream read finished.
[2026-08-18 19:30:16Z INFO JobServerQueue] Try to append 1 batches web console lines for record '262f1490-9989-4d9c-b937-752a725f687c', success rate: 1/1.
[2026-08-18 19:30:16Z INFO ProcessInvokerWrapper] Finished process 10888 with exit code 0, and elapsed time 00:00:27.5301403.
[2026-08-18 19:30:16Z INFO CreateStepSummaryCommand] Step Summary file (E:\devops\Complete Terraform\terraform\terraform 15AUG\terraform15Aug\actions-runner\_work\_temp\_runner_file_commands\step_summary_10c6fe6f-b543-483d-bf99-82b2ec5132c9) is empty; skipping attachment upload
[2026-08-18 19:30:16Z INFO StepsRunner] Step result: 
[2026-08-18 19:30:16Z INFO ExecutionContext] Publish step telemetry for current step {
  "action": "actions/checkout",
  "ref": "v4",
  "type": "node24",
  "stage": "Main",
  "stepId": "262f1490-9989-4d9c-b937-752a725f687c",
  "stepContextName": "__actions_checkout",
  "hasPreStep": false,
  "hasPostStep": true,
  "result": "succeeded",
  "errorMessages": [],
  "executionTimeInSeconds": 28,
  "startTime": "2026-08-18T19:29:48.8450884Z",
  "finishTime": "2026-08-18T19:30:16.6830444Z"
}.
[2026-08-18 19:30:16Z INFO StepsRunner] No need for updating job result with current step result 'Succeeded'.
[2026-08-18 19:30:16Z INFO StepsRunner] Current state: job state = ''
[2026-08-18 19:30:16Z INFO StepsRunner] Processing step: DisplayName='Setup Terraform'
[2026-08-18 19:30:16Z INFO StepsRunner] Evaluating: success()
[2026-08-18 19:30:16Z INFO StepsRunner] Result: true
[2026-08-18 19:30:16Z INFO StepsRunner] Starting the step.
[2026-08-18 19:30:16Z INFO HostContext] Well known directory 'Bin': 'E:\devops\Complete Terraform\terraform\terraform 15AUG\terraform15Aug\actions-runner\bin'
[2026-08-18 19:30:16Z INFO HostContext] Well known directory 'Root': 'E:\devops\Complete Terraform\terraform\terraform 15AUG\terraform15Aug\actions-runner'
[2026-08-18 19:30:16Z INFO HostContext] Well known directory 'Work': 'E:\devops\Complete Terraform\terraform\terraform 15AUG\terraform15Aug\actions-runner\_work'
[2026-08-18 19:30:16Z INFO StepsRunner] Which2: 'chcp'
[2026-08-18 19:30:16Z INFO StepsRunner] Location: 'C:\Windows\system32\chcp.COM'
[2026-08-18 19:30:16Z INFO ProcessInvokerWrapper] Starting process:
[2026-08-18 19:30:16Z INFO ProcessInvokerWrapper]   File name: 'C:\Windows\system32\chcp.COM'
[2026-08-18 19:30:16Z INFO ProcessInvokerWrapper]   Arguments: '65001'
[2026-08-18 19:30:16Z INFO ProcessInvokerWrapper]   Working directory: 'E:\devops\Complete Terraform\terraform\terraform 15AUG\terraform15Aug\actions-runner\_work'
[2026-08-18 19:30:16Z INFO ProcessInvokerWrapper]   Require exit code zero: 'False'
[2026-08-18 19:30:16Z INFO ProcessInvokerWrapper]   Encoding web name:  ; code page: ''
[2026-08-18 19:30:16Z INFO ProcessInvokerWrapper]   Force kill process on cancellation: 'False'
[2026-08-18 19:30:16Z INFO ProcessInvokerWrapper]   Redirected STDIN: 'False'
[2026-08-18 19:30:16Z INFO ProcessInvokerWrapper]   Persist current code page: 'True'
[2026-08-18 19:30:16Z INFO ProcessInvokerWrapper]   Keep redirected STDIN open: 'False'
[2026-08-18 19:30:16Z INFO ProcessInvokerWrapper]   High priority process: 'False'
[2026-08-18 19:30:16Z INFO ProcessInvokerWrapper] Process started with process id 17128, waiting for process exit.
[2026-08-18 19:30:16Z INFO ProcessInvokerWrapper] STDOUT/STDERR stream read finished.
[2026-08-18 19:30:16Z INFO ProcessInvokerWrapper] STDOUT/STDERR stream read finished.
[2026-08-18 19:30:16Z INFO ProcessInvokerWrapper] Finished process 17128 with exit code 0, and elapsed time 00:00:00.0492403.
[2026-08-18 19:30:16Z INFO StepsRunner] Successfully returned to code page 65001 (UTF8)
[2026-08-18 19:30:16Z INFO HostContext] Well known directory 'Bin': 'E:\devops\Complete Terraform\terraform\terraform 15AUG\terraform15Aug\actions-runner\bin'
[2026-08-18 19:30:16Z INFO HostContext] Well known directory 'Root': 'E:\devops\Complete Terraform\terraform\terraform 15AUG\terraform15Aug\actions-runner'
[2026-08-18 19:30:16Z INFO HostContext] Well known directory 'Work': 'E:\devops\Complete Terraform\terraform\terraform 15AUG\terraform15Aug\actions-runner\_work'
[2026-08-18 19:30:16Z INFO HostContext] Well known directory 'Actions': 'E:\devops\Complete Terraform\terraform\terraform 15AUG\terraform15Aug\actions-runner\_work\_actions'
[2026-08-18 19:30:16Z INFO ActionManager] Load action that reference repository from 'E:\devops\Complete Terraform\terraform\terraform 15AUG\terraform15Aug\actions-runner\_work\_actions\hashicorp\setup-terraform\v3'
[2026-08-18 19:30:16Z INFO HostContext] Well known directory 'Bin': 'E:\devops\Complete Terraform\terraform\terraform 15AUG\terraform15Aug\actions-runner\bin'
[2026-08-18 19:30:16Z INFO HostContext] Well known directory 'Root': 'E:\devops\Complete Terraform\terraform\terraform 15AUG\terraform15Aug\actions-runner'
[2026-08-18 19:30:16Z INFO HostContext] Well known directory 'Work': 'E:\devops\Complete Terraform\terraform\terraform 15AUG\terraform15Aug\actions-runner\_work'
[2026-08-18 19:30:16Z INFO HostContext] Well known directory 'Actions': 'E:\devops\Complete Terraform\terraform\terraform 15AUG\terraform15Aug\actions-runner\_work\_actions'
[2026-08-18 19:30:16Z INFO ActionManifestManagerLegacy] Ignore action property author.
[2026-08-18 19:30:16Z INFO ActionManifestManagerLegacy] Ignore action property branding.
[2026-08-18 19:30:16Z INFO ActionManifestManagerLegacy] Loaded action.yml file: {
  "name": "HashiCorp - Setup Terraform",
  "description": "Sets up Terraform CLI in your GitHub Actions workflow.",
  "inputs": {
    "type": 2,
    "map": [
      {
        "key": {
          "type": 0,
          "file": 3,
          "line": 5,
          "col": 3,
          "lit": "cli_config_credentials_hostname"
        },
        "value": {
          "type": 0,
          "file": 3,
          "line": 7,
          "col": 14,
          "lit": "app.terraform.io"
        }
      },
      {
        "key": {
          "type": 0,
          "file": 3,
          "line": 9,
          "col": 3,
          "lit": "cli_config_credentials_token"
        },
        "value": ""
      },
      {
        "key": {
          "type": 0,
          "file": 3,
          "line": 12,
          "col": 3,
          "lit": "terraform_version"
        },
        "value": {
          "type": 0,
          "file": 3,
          "line": 14,
          "col": 14,
          "lit": "latest"
        }
      },
      {
        "key": {
          "type": 0,
          "file": 3,
          "line": 16,
          "col": 3,
          "lit": "terraform_wrapper"
        },
        "value": {
          "type": 0,
          "file": 3,
          "line": 18,
          "col": 14,
          "lit": "true"
        }
      }
    ]
  },
  "execution": {
    "executionType": "nodeJS",
    "hasPre": false,
    "hasPost": false,
    "script": "dist/index.js",
    "pre": null,
    "post": null,
    "nodeVersion": "node20",
    "cleanupCondition": "always()",
    "initCondition": "always()"
  },
  "deprecated": null
}
[2026-08-18 19:30:16Z INFO ActionManager] Action pre node.js file: N/A.
[2026-08-18 19:30:16Z INFO ActionManager] Action node.js file: dist/index.js.
[2026-08-18 19:30:16Z INFO ActionManager] Action post node.js file: N/A.
[2026-08-18 19:30:16Z INFO HostContext] Well known directory 'Bin': 'E:\devops\Complete Terraform\terraform\terraform 15AUG\terraform15Aug\actions-runner\bin'
[2026-08-18 19:30:16Z INFO HostContext] Well known directory 'Root': 'E:\devops\Complete Terraform\terraform\terraform 15AUG\terraform15Aug\actions-runner'
[2026-08-18 19:30:16Z INFO HostContext] Well known directory 'Work': 'E:\devops\Complete Terraform\terraform\terraform 15AUG\terraform15Aug\actions-runner\_work'
[2026-08-18 19:30:16Z INFO HostContext] Well known directory 'Temp': 'E:\devops\Complete Terraform\terraform\terraform 15AUG\terraform15Aug\actions-runner\_work\_temp'
[2026-08-18 19:30:16Z INFO ExecutionContext] Write event payload to E:\devops\Complete Terraform\terraform\terraform 15AUG\terraform15Aug\actions-runner\_work\_temp\_github_workflow\event.json
[2026-08-18 19:30:16Z INFO HostContext] Well known directory 'Bin': 'E:\devops\Complete Terraform\terraform\terraform 15AUG\terraform15Aug\actions-runner\bin'
[2026-08-18 19:30:16Z INFO HostContext] Well known directory 'Root': 'E:\devops\Complete Terraform\terraform\terraform 15AUG\terraform15Aug\actions-runner'
[2026-08-18 19:30:16Z INFO HostContext] Well known directory 'Work': 'E:\devops\Complete Terraform\terraform\terraform 15AUG\terraform15Aug\actions-runner\_work'
[2026-08-18 19:30:16Z INFO HostContext] Well known directory 'Temp': 'E:\devops\Complete Terraform\terraform\terraform 15AUG\terraform15Aug\actions-runner\_work\_temp'
[2026-08-18 19:30:16Z INFO ExtensionManager] Getting extensions for interface: 'GitHub.Runner.Worker.IFileCommandExtension'
[2026-08-18 19:30:16Z INFO ActionManifestManagerLegacy] Input 'cli_config_credentials_hostname': default value evaluate result: {
  "type": 0,
  "file": 3,
  "line": 7,
  "col": 14,
  "lit": "app.terraform.io"
}
[2026-08-18 19:30:16Z INFO ActionManifestManagerLegacy] Input 'cli_config_credentials_token': default value evaluate result: ""
[2026-08-18 19:30:16Z INFO ActionManifestManagerLegacy] Input 'terraform_version': default value evaluate result: {
  "type": 0,
  "file": 3,
  "line": 14,
  "col": 14,
  "lit": "latest"
}
[2026-08-18 19:30:16Z INFO ActionManifestManagerLegacy] Input 'terraform_wrapper': default value evaluate result: {
  "type": 0,
  "file": 3,
  "line": 18,
  "col": 14,
  "lit": "true"
}
[2026-08-18 19:30:16Z INFO ExtensionManager] Getting extensions for interface: 'GitHub.Runner.Worker.IActionCommandExtension'
[2026-08-18 19:30:16Z INFO ActionCommandManager] Register action command extension for command internal-set-repo-path
[2026-08-18 19:30:16Z INFO ActionCommandManager] Register action command extension for command set-env
[2026-08-18 19:30:16Z INFO ActionCommandManager] Register action command extension for command set-output
[2026-08-18 19:30:16Z INFO ActionCommandManager] Register action command extension for command save-state
[2026-08-18 19:30:16Z INFO ActionCommandManager] Register action command extension for command add-path
[2026-08-18 19:30:16Z INFO ActionCommandManager] Register action command extension for command add-mask
[2026-08-18 19:30:16Z INFO ActionCommandManager] Register action command extension for command add-matcher
[2026-08-18 19:30:16Z INFO ActionCommandManager] Register action command extension for command remove-matcher
[2026-08-18 19:30:16Z INFO ActionCommandManager] Register action command extension for command warning
[2026-08-18 19:30:16Z INFO ActionCommandManager] Register action command extension for command error
[2026-08-18 19:30:16Z INFO ActionCommandManager] Register action command extension for command notice
[2026-08-18 19:30:16Z INFO ActionCommandManager] Register action command extension for command debug
[2026-08-18 19:30:16Z INFO ActionCommandManager] Register action command extension for command group
[2026-08-18 19:30:16Z INFO ActionCommandManager] Register action command extension for command endgroup
[2026-08-18 19:30:16Z INFO ActionCommandManager] Register action command extension for command echo
[2026-08-18 19:30:16Z INFO HostContext] Well known directory 'Bin': 'E:\devops\Complete Terraform\terraform\terraform 15AUG\terraform15Aug\actions-runner\bin'
[2026-08-18 19:30:16Z INFO HostContext] Well known directory 'Root': 'E:\devops\Complete Terraform\terraform\terraform 15AUG\terraform15Aug\actions-runner'
[2026-08-18 19:30:16Z INFO HostContext] Well known directory 'Externals': 'E:\devops\Complete Terraform\terraform\terraform 15AUG\terraform15Aug\actions-runner\externals'
[2026-08-18 19:30:16Z INFO ProcessInvokerWrapper] Starting process:
[2026-08-18 19:30:16Z INFO ProcessInvokerWrapper]   File name: 'E:\devops\Complete Terraform\terraform\terraform 15AUG\terraform15Aug\actions-runner\externals\node24\bin\node.exe'
[2026-08-18 19:30:16Z INFO ProcessInvokerWrapper]   Arguments: '"E:\devops\Complete Terraform\terraform\terraform 15AUG\terraform15Aug\actions-runner\_work\_actions\hashicorp\setup-terraform\v3\dist/index.js"'
[2026-08-18 19:30:16Z INFO ProcessInvokerWrapper]   Working directory: 'E:\devops\Complete Terraform\terraform\terraform 15AUG\terraform15Aug\actions-runner\_work\terraform15Aug\terraform15Aug'
[2026-08-18 19:30:16Z INFO ProcessInvokerWrapper]   Require exit code zero: 'False'
[2026-08-18 19:30:16Z INFO ProcessInvokerWrapper]   Encoding web name: utf-8 ; code page: '65001'
[2026-08-18 19:30:16Z INFO ProcessInvokerWrapper]   Force kill process on cancellation: 'False'
[2026-08-18 19:30:16Z INFO ProcessInvokerWrapper]   Redirected STDIN: 'False'
[2026-08-18 19:30:16Z INFO ProcessInvokerWrapper]   Persist current code page: 'True'
[2026-08-18 19:30:16Z INFO ProcessInvokerWrapper]   Keep redirected STDIN open: 'False'
[2026-08-18 19:30:16Z INFO ProcessInvokerWrapper]   High priority process: 'False'
[2026-08-18 19:30:16Z INFO ProcessInvokerWrapper] Process started with process id 16988, waiting for process exit.
[2026-08-18 19:30:16Z INFO JobServerQueue] Try to append 1 batches web console lines for record '8e30869a-06e3-494e-993a-b069ae2f8f4e', success rate: 1/1.
[2026-08-18 19:30:16Z INFO JobServerQueue] Got a step log file to send to results service.
[2026-08-18 19:30:16Z INFO JobServerQueue] Starting upload of step log file to results service ResultsLog, E:\devops\Complete Terraform\terraform\terraform 15AUG\terraform15Aug\actions-runner\_diag\blocks\3bb2ee00-256a-46e5-9b36-016f231efbed_262f1490-9989-4d9c-b937-752a725f687c.1
[2026-08-18 19:30:17Z INFO JobServerQueue] Try to upload 1 log files or attachments, success rate: 1/1.
[2026-08-18 19:30:17Z INFO JobServerQueue] Try to append 1 batches web console lines for record '8e30869a-06e3-494e-993a-b069ae2f8f4e', success rate: 1/1.
[2026-08-18 19:30:17Z INFO JobServerQueue] Tried to upload 1 file(s) to results, success rate: 1/1.
[2026-08-18 19:30:18Z INFO HostContext] Well known directory 'Bin': 'E:\devops\Complete Terraform\terraform\terraform 15AUG\terraform15Aug\actions-runner\bin'
[2026-08-18 19:30:18Z INFO HostContext] Well known directory 'Root': 'E:\devops\Complete Terraform\terraform\terraform 15AUG\terraform15Aug\actions-runner'
[2026-08-18 19:30:18Z INFO HostContext] Well known directory 'Work': 'E:\devops\Complete Terraform\terraform\terraform 15AUG\terraform15Aug\actions-runner\_work'
[2026-08-18 19:30:28Z INFO HostContext] Well known directory 'Bin': 'E:\devops\Complete Terraform\terraform\terraform 15AUG\terraform15Aug\actions-runner\bin'
[2026-08-18 19:30:28Z INFO HostContext] Well known directory 'Root': 'E:\devops\Complete Terraform\terraform\terraform 15AUG\terraform15Aug\actions-runner'
[2026-08-18 19:30:28Z INFO HostContext] Well known directory 'Work': 'E:\devops\Complete Terraform\terraform\terraform 15AUG\terraform15Aug\actions-runner\_work'
[2026-08-18 19:30:34Z INFO JobServerQueue] Try to append 1 batches web console lines for record '8e30869a-06e3-494e-993a-b069ae2f8f4e', success rate: 1/1.
[2026-08-18 19:30:38Z INFO HostContext] Well known directory 'Bin': 'E:\devops\Complete Terraform\terraform\terraform 15AUG\terraform15Aug\actions-runner\bin'
[2026-08-18 19:30:38Z INFO HostContext] Well known directory 'Root': 'E:\devops\Complete Terraform\terraform\terraform 15AUG\terraform15Aug\actions-runner'
[2026-08-18 19:30:38Z INFO HostContext] Well known directory 'Work': 'E:\devops\Complete Terraform\terraform\terraform 15AUG\terraform15Aug\actions-runner\_work'
[2026-08-18 19:30:40Z INFO ProcessInvokerWrapper] STDOUT/STDERR stream read finished.
[2026-08-18 19:30:40Z INFO ProcessInvokerWrapper] STDOUT/STDERR stream read finished.
[2026-08-18 19:30:40Z INFO ProcessInvokerWrapper] Finished process 16988 with exit code 0, and elapsed time 00:00:23.4204038.
[2026-08-18 19:30:40Z INFO CreateStepSummaryCommand] Step Summary file (E:\devops\Complete Terraform\terraform\terraform 15AUG\terraform15Aug\actions-runner\_work\_temp\_runner_file_commands\step_summary_2adea83c-b1ae-4dbb-8c37-92aa6230670e) is empty; skipping attachment upload
[2026-08-18 19:30:40Z INFO StepsRunner] Step result: 
[2026-08-18 19:30:40Z INFO ExecutionContext] Publish step telemetry for current step {
  "action": "hashicorp/setup-terraform",
  "ref": "v3",
  "type": "node24",
  "stage": "Main",
  "stepId": "8e30869a-06e3-494e-993a-b069ae2f8f4e",
  "stepContextName": "__hashicorp_setup-terraform",
  "hasPreStep": false,
  "hasPostStep": false,
  "result": "succeeded",
  "errorMessages": [],
  "executionTimeInSeconds": 24,
  "startTime": "2026-08-18T19:30:16.6864463Z",
  "finishTime": "2026-08-18T19:30:40.1986475Z"
}.
[2026-08-18 19:30:40Z INFO StepsRunner] No need for updating job result with current step result 'Succeeded'.
[2026-08-18 19:30:40Z INFO StepsRunner] Current state: job state = ''
[2026-08-18 19:30:40Z INFO StepsRunner] Processing step: DisplayName='Terraform Version'
[2026-08-18 19:30:40Z INFO StepsRunner] Evaluating: success()
[2026-08-18 19:30:40Z INFO StepsRunner] Result: true
[2026-08-18 19:30:40Z INFO StepsRunner] Starting the step.
[2026-08-18 19:30:40Z INFO HostContext] Well known directory 'Bin': 'E:\devops\Complete Terraform\terraform\terraform 15AUG\terraform15Aug\actions-runner\bin'
[2026-08-18 19:30:40Z INFO HostContext] Well known directory 'Root': 'E:\devops\Complete Terraform\terraform\terraform 15AUG\terraform15Aug\actions-runner'
[2026-08-18 19:30:40Z INFO HostContext] Well known directory 'Work': 'E:\devops\Complete Terraform\terraform\terraform 15AUG\terraform15Aug\actions-runner\_work'
[2026-08-18 19:30:40Z INFO StepsRunner] Which2: 'chcp'
[2026-08-18 19:30:40Z INFO StepsRunner] Location: 'C:\Windows\system32\chcp.COM'
[2026-08-18 19:30:40Z INFO ProcessInvokerWrapper] Starting process:
[2026-08-18 19:30:40Z INFO ProcessInvokerWrapper]   File name: 'C:\Windows\system32\chcp.COM'
[2026-08-18 19:30:40Z INFO ProcessInvokerWrapper]   Arguments: '65001'
[2026-08-18 19:30:40Z INFO ProcessInvokerWrapper]   Working directory: 'E:\devops\Complete Terraform\terraform\terraform 15AUG\terraform15Aug\actions-runner\_work'
[2026-08-18 19:30:40Z INFO ProcessInvokerWrapper]   Require exit code zero: 'False'
[2026-08-18 19:30:40Z INFO ProcessInvokerWrapper]   Encoding web name:  ; code page: ''
[2026-08-18 19:30:40Z INFO ProcessInvokerWrapper]   Force kill process on cancellation: 'False'
[2026-08-18 19:30:40Z INFO ProcessInvokerWrapper]   Redirected STDIN: 'False'
[2026-08-18 19:30:40Z INFO ProcessInvokerWrapper]   Persist current code page: 'True'
[2026-08-18 19:30:40Z INFO ProcessInvokerWrapper]   Keep redirected STDIN open: 'False'
[2026-08-18 19:30:40Z INFO ProcessInvokerWrapper]   High priority process: 'False'
[2026-08-18 19:30:40Z INFO ProcessInvokerWrapper] Process started with process id 8044, waiting for process exit.
[2026-08-18 19:30:40Z INFO ProcessInvokerWrapper] STDOUT/STDERR stream read finished.
[2026-08-18 19:30:40Z INFO ProcessInvokerWrapper] STDOUT/STDERR stream read finished.
[2026-08-18 19:30:40Z INFO ProcessInvokerWrapper] Finished process 8044 with exit code 0, and elapsed time 00:00:00.0332272.
[2026-08-18 19:30:40Z INFO StepsRunner] Successfully returned to code page 65001 (UTF8)
[2026-08-18 19:30:40Z INFO HostContext] Well known directory 'Bin': 'E:\devops\Complete Terraform\terraform\terraform 15AUG\terraform15Aug\actions-runner\bin'
[2026-08-18 19:30:40Z INFO HostContext] Well known directory 'Root': 'E:\devops\Complete Terraform\terraform\terraform 15AUG\terraform15Aug\actions-runner'
[2026-08-18 19:30:40Z INFO HostContext] Well known directory 'Work': 'E:\devops\Complete Terraform\terraform\terraform 15AUG\terraform15Aug\actions-runner\_work'
[2026-08-18 19:30:40Z INFO HostContext] Well known directory 'Temp': 'E:\devops\Complete Terraform\terraform\terraform 15AUG\terraform15Aug\actions-runner\_work\_temp'
[2026-08-18 19:30:40Z INFO ExecutionContext] Write event payload to E:\devops\Complete Terraform\terraform\terraform 15AUG\terraform15Aug\actions-runner\_work\_temp\_github_workflow\event.json
[2026-08-18 19:30:40Z INFO HostContext] Well known directory 'Bin': 'E:\devops\Complete Terraform\terraform\terraform 15AUG\terraform15Aug\actions-runner\bin'
[2026-08-18 19:30:40Z INFO HostContext] Well known directory 'Root': 'E:\devops\Complete Terraform\terraform\terraform 15AUG\terraform15Aug\actions-runner'
[2026-08-18 19:30:40Z INFO HostContext] Well known directory 'Work': 'E:\devops\Complete Terraform\terraform\terraform 15AUG\terraform15Aug\actions-runner\_work'
[2026-08-18 19:30:40Z INFO HostContext] Well known directory 'Temp': 'E:\devops\Complete Terraform\terraform\terraform 15AUG\terraform15Aug\actions-runner\_work\_temp'
[2026-08-18 19:30:40Z INFO ExtensionManager] Getting extensions for interface: 'GitHub.Runner.Worker.IFileCommandExtension'
[2026-08-18 19:30:40Z INFO ExtensionManager] Getting extensions for interface: 'GitHub.Runner.Worker.IActionCommandExtension'
[2026-08-18 19:30:40Z INFO ActionCommandManager] Register action command extension for command internal-set-repo-path
[2026-08-18 19:30:40Z INFO ActionCommandManager] Register action command extension for command set-env
[2026-08-18 19:30:40Z INFO ActionCommandManager] Register action command extension for command set-output
[2026-08-18 19:30:40Z INFO ActionCommandManager] Register action command extension for command save-state
[2026-08-18 19:30:40Z INFO ActionCommandManager] Register action command extension for command add-path
[2026-08-18 19:30:40Z INFO ActionCommandManager] Register action command extension for command add-mask
[2026-08-18 19:30:40Z INFO ActionCommandManager] Register action command extension for command add-matcher
[2026-08-18 19:30:40Z INFO ActionCommandManager] Register action command extension for command remove-matcher
[2026-08-18 19:30:40Z INFO ActionCommandManager] Register action command extension for command warning
[2026-08-18 19:30:40Z INFO ActionCommandManager] Register action command extension for command error
[2026-08-18 19:30:40Z INFO ActionCommandManager] Register action command extension for command notice
[2026-08-18 19:30:40Z INFO ActionCommandManager] Register action command extension for command debug
[2026-08-18 19:30:40Z INFO ActionCommandManager] Register action command extension for command group
[2026-08-18 19:30:40Z INFO ActionCommandManager] Register action command extension for command endgroup
[2026-08-18 19:30:40Z INFO ActionCommandManager] Register action command extension for command echo
[2026-08-18 19:30:40Z INFO ScriptHandler] Which2: 'pwsh'
[2026-08-18 19:30:40Z INFO JobServerQueue] Try to upload 1 log files or attachments, success rate: 1/1.
[2026-08-18 19:30:40Z INFO ScriptHandler] pwsh: command not found. Make sure 'pwsh' is installed and its location included in the 'Path' environment variable.
[2026-08-18 19:30:40Z INFO ScriptHandler] Defaulting to powershell
[2026-08-18 19:30:40Z INFO ScriptHandler] Which2: 'powershell'
[2026-08-18 19:30:40Z INFO ScriptHandler] Location: 'C:\Windows\System32\WindowsPowerShell\v1.0\powershell.EXE'
[2026-08-18 19:30:40Z INFO HostContext] Well known directory 'Bin': 'E:\devops\Complete Terraform\terraform\terraform 15AUG\terraform15Aug\actions-runner\bin'
[2026-08-18 19:30:40Z INFO HostContext] Well known directory 'Root': 'E:\devops\Complete Terraform\terraform\terraform 15AUG\terraform15Aug\actions-runner'
[2026-08-18 19:30:40Z INFO HostContext] Well known directory 'Work': 'E:\devops\Complete Terraform\terraform\terraform 15AUG\terraform15Aug\actions-runner\_work'
[2026-08-18 19:30:40Z INFO HostContext] Well known directory 'Temp': 'E:\devops\Complete Terraform\terraform\terraform 15AUG\terraform15Aug\actions-runner\_work\_temp'
[2026-08-18 19:30:40Z INFO ScriptHandler] Which2: 'pwsh'
[2026-08-18 19:30:40Z INFO JobServerQueue] Try to append 1 batches web console lines for record '4ddf5ded-e9a7-4b71-874e-a6784b73ef02', success rate: 1/1.
[2026-08-18 19:30:40Z INFO ScriptHandler] pwsh: command not found. Make sure 'pwsh' is installed and its location included in the 'Path' environment variable.
[2026-08-18 19:30:40Z INFO ScriptHandler] Defaulting to powershell
[2026-08-18 19:30:40Z INFO ScriptHandler] Which2: 'powershell'
[2026-08-18 19:30:40Z INFO ScriptHandler] Location: 'C:\Windows\System32\WindowsPowerShell\v1.0\powershell.EXE'
[2026-08-18 19:30:40Z INFO ProcessInvokerWrapper] Starting process:
[2026-08-18 19:30:40Z INFO ProcessInvokerWrapper]   File name: 'C:\Windows\System32\WindowsPowerShell\v1.0\powershell.EXE'
[2026-08-18 19:30:40Z INFO ProcessInvokerWrapper]   Arguments: '-command ". 'E:\devops\Complete Terraform\terraform\terraform 15AUG\terraform15Aug\actions-runner\_work\_temp\99933a3c-1fbd-4b48-9706-9c0008443b0b.ps1'"'
[2026-08-18 19:30:40Z INFO ProcessInvokerWrapper]   Working directory: 'E:\devops\Complete Terraform\terraform\terraform 15AUG\terraform15Aug\actions-runner\_work\terraform15Aug\terraform15Aug'
[2026-08-18 19:30:40Z INFO ProcessInvokerWrapper]   Require exit code zero: 'False'
[2026-08-18 19:30:40Z INFO ProcessInvokerWrapper]   Encoding web name:  ; code page: ''
[2026-08-18 19:30:40Z INFO ProcessInvokerWrapper]   Force kill process on cancellation: 'False'
[2026-08-18 19:30:40Z INFO ProcessInvokerWrapper]   Redirected STDIN: 'False'
[2026-08-18 19:30:40Z INFO ProcessInvokerWrapper]   Persist current code page: 'True'
[2026-08-18 19:30:40Z INFO ProcessInvokerWrapper]   Keep redirected STDIN open: 'False'
[2026-08-18 19:30:40Z INFO ProcessInvokerWrapper]   High priority process: 'False'
[2026-08-18 19:30:40Z INFO ProcessInvokerWrapper] Process started with process id 17396, waiting for process exit.
[2026-08-18 19:30:41Z INFO JobServerQueue] Got a step log file to send to results service.
[2026-08-18 19:30:41Z INFO JobServerQueue] Starting upload of step log file to results service ResultsLog, E:\devops\Complete Terraform\terraform\terraform 15AUG\terraform15Aug\actions-runner\_diag\blocks\3bb2ee00-256a-46e5-9b36-016f231efbed_8e30869a-06e3-494e-993a-b069ae2f8f4e.1
[2026-08-18 19:30:41Z INFO ProcessInvokerWrapper] STDOUT/STDERR stream read finished.
[2026-08-18 19:30:41Z INFO ProcessInvokerWrapper] STDOUT/STDERR stream read finished.
[2026-08-18 19:30:41Z INFO ProcessInvokerWrapper] Finished process 17396 with exit code 0, and elapsed time 00:00:01.3190065.
[2026-08-18 19:30:41Z INFO CreateStepSummaryCommand] Step Summary file (E:\devops\Complete Terraform\terraform\terraform 15AUG\terraform15Aug\actions-runner\_work\_temp\_runner_file_commands\step_summary_32560f06-c9e0-430e-99d9-218e5184fc46) is empty; skipping attachment upload
[2026-08-18 19:30:41Z INFO StepsRunner] Step result: 
[2026-08-18 19:30:41Z INFO ExecutionContext] Publish step telemetry for current step {
  "action": "powershell",
  "type": "run",
  "stage": "Main",
  "stepId": "4ddf5ded-e9a7-4b71-874e-a6784b73ef02",
  "stepContextName": "__run",
  "result": "succeeded",
  "errorMessages": [],
  "executionTimeInSeconds": 2,
  "startTime": "2026-08-18T19:30:40.2060995Z",
  "finishTime": "2026-08-18T19:30:41.6560858Z"
}.
[2026-08-18 19:30:41Z INFO StepsRunner] No need for updating job result with current step result 'Succeeded'.
[2026-08-18 19:30:41Z INFO StepsRunner] Current state: job state = ''
[2026-08-18 19:30:41Z INFO StepsRunner] Processing step: DisplayName='Terraform Format Check'
[2026-08-18 19:30:41Z INFO StepsRunner] Evaluating: success()
[2026-08-18 19:30:41Z INFO StepsRunner] Result: true
[2026-08-18 19:30:41Z INFO StepsRunner] Starting the step.
[2026-08-18 19:30:41Z INFO HostContext] Well known directory 'Bin': 'E:\devops\Complete Terraform\terraform\terraform 15AUG\terraform15Aug\actions-runner\bin'
[2026-08-18 19:30:41Z INFO HostContext] Well known directory 'Root': 'E:\devops\Complete Terraform\terraform\terraform 15AUG\terraform15Aug\actions-runner'
[2026-08-18 19:30:41Z INFO HostContext] Well known directory 'Work': 'E:\devops\Complete Terraform\terraform\terraform 15AUG\terraform15Aug\actions-runner\_work'
[2026-08-18 19:30:41Z INFO StepsRunner] Which2: 'chcp'
[2026-08-18 19:30:41Z INFO StepsRunner] Location: 'C:\Windows\system32\chcp.COM'
[2026-08-18 19:30:41Z INFO ProcessInvokerWrapper] Starting process:
[2026-08-18 19:30:41Z INFO ProcessInvokerWrapper]   File name: 'C:\Windows\system32\chcp.COM'
[2026-08-18 19:30:41Z INFO ProcessInvokerWrapper]   Arguments: '65001'
[2026-08-18 19:30:41Z INFO ProcessInvokerWrapper]   Working directory: 'E:\devops\Complete Terraform\terraform\terraform 15AUG\terraform15Aug\actions-runner\_work'
[2026-08-18 19:30:41Z INFO ProcessInvokerWrapper]   Require exit code zero: 'False'
[2026-08-18 19:30:41Z INFO ProcessInvokerWrapper]   Encoding web name:  ; code page: ''
[2026-08-18 19:30:41Z INFO ProcessInvokerWrapper]   Force kill process on cancellation: 'False'
[2026-08-18 19:30:41Z INFO ProcessInvokerWrapper]   Redirected STDIN: 'False'
[2026-08-18 19:30:41Z INFO ProcessInvokerWrapper]   Persist current code page: 'True'
[2026-08-18 19:30:41Z INFO ProcessInvokerWrapper]   Keep redirected STDIN open: 'False'
[2026-08-18 19:30:41Z INFO ProcessInvokerWrapper]   High priority process: 'False'
[2026-08-18 19:30:41Z INFO ProcessInvokerWrapper] Process started with process id 16660, waiting for process exit.
[2026-08-18 19:30:41Z INFO ProcessInvokerWrapper] STDOUT/STDERR stream read finished.
[2026-08-18 19:30:41Z INFO ProcessInvokerWrapper] STDOUT/STDERR stream read finished.
[2026-08-18 19:30:41Z INFO ProcessInvokerWrapper] Finished process 16660 with exit code 0, and elapsed time 00:00:00.0304391.
[2026-08-18 19:30:41Z INFO StepsRunner] Successfully returned to code page 65001 (UTF8)
[2026-08-18 19:30:41Z INFO HostContext] Well known directory 'Bin': 'E:\devops\Complete Terraform\terraform\terraform 15AUG\terraform15Aug\actions-runner\bin'
[2026-08-18 19:30:41Z INFO HostContext] Well known directory 'Root': 'E:\devops\Complete Terraform\terraform\terraform 15AUG\terraform15Aug\actions-runner'
[2026-08-18 19:30:41Z INFO HostContext] Well known directory 'Work': 'E:\devops\Complete Terraform\terraform\terraform 15AUG\terraform15Aug\actions-runner\_work'
[2026-08-18 19:30:41Z INFO HostContext] Well known directory 'Temp': 'E:\devops\Complete Terraform\terraform\terraform 15AUG\terraform15Aug\actions-runner\_work\_temp'
[2026-08-18 19:30:41Z INFO ExecutionContext] Write event payload to E:\devops\Complete Terraform\terraform\terraform 15AUG\terraform15Aug\actions-runner\_work\_temp\_github_workflow\event.json
[2026-08-18 19:30:41Z INFO HostContext] Well known directory 'Bin': 'E:\devops\Complete Terraform\terraform\terraform 15AUG\terraform15Aug\actions-runner\bin'
[2026-08-18 19:30:41Z INFO HostContext] Well known directory 'Root': 'E:\devops\Complete Terraform\terraform\terraform 15AUG\terraform15Aug\actions-runner'
[2026-08-18 19:30:41Z INFO HostContext] Well known directory 'Work': 'E:\devops\Complete Terraform\terraform\terraform 15AUG\terraform15Aug\actions-runner\_work'
[2026-08-18 19:30:41Z INFO HostContext] Well known directory 'Temp': 'E:\devops\Complete Terraform\terraform\terraform 15AUG\terraform15Aug\actions-runner\_work\_temp'
[2026-08-18 19:30:41Z INFO ExtensionManager] Getting extensions for interface: 'GitHub.Runner.Worker.IFileCommandExtension'
[2026-08-18 19:30:41Z INFO ExtensionManager] Getting extensions for interface: 'GitHub.Runner.Worker.IActionCommandExtension'
[2026-08-18 19:30:41Z INFO ActionCommandManager] Register action command extension for command internal-set-repo-path
[2026-08-18 19:30:41Z INFO ActionCommandManager] Register action command extension for command set-env
[2026-08-18 19:30:41Z INFO ActionCommandManager] Register action command extension for command set-output
[2026-08-18 19:30:41Z INFO ActionCommandManager] Register action command extension for command save-state
[2026-08-18 19:30:41Z INFO ActionCommandManager] Register action command extension for command add-path
[2026-08-18 19:30:41Z INFO ActionCommandManager] Register action command extension for command add-mask
[2026-08-18 19:30:41Z INFO ActionCommandManager] Register action command extension for command add-matcher
[2026-08-18 19:30:41Z INFO ActionCommandManager] Register action command extension for command remove-matcher
[2026-08-18 19:30:41Z INFO ActionCommandManager] Register action command extension for command warning
[2026-08-18 19:30:41Z INFO ActionCommandManager] Register action command extension for command error
[2026-08-18 19:30:41Z INFO ActionCommandManager] Register action command extension for command notice
[2026-08-18 19:30:41Z INFO ActionCommandManager] Register action command extension for command debug
[2026-08-18 19:30:41Z INFO ActionCommandManager] Register action command extension for command group
[2026-08-18 19:30:41Z INFO ActionCommandManager] Register action command extension for command endgroup
[2026-08-18 19:30:41Z INFO ActionCommandManager] Register action command extension for command echo
[2026-08-18 19:30:41Z INFO ScriptHandler] Which2: 'pwsh'
[2026-08-18 19:30:41Z INFO ScriptHandler] pwsh: command not found. Make sure 'pwsh' is installed and its location included in the 'Path' environment variable.
[2026-08-18 19:30:41Z INFO ScriptHandler] Defaulting to powershell
[2026-08-18 19:30:41Z INFO ScriptHandler] Which2: 'powershell'
[2026-08-18 19:30:41Z INFO ScriptHandler] Location: 'C:\Windows\System32\WindowsPowerShell\v1.0\powershell.EXE'
[2026-08-18 19:30:41Z INFO HostContext] Well known directory 'Bin': 'E:\devops\Complete Terraform\terraform\terraform 15AUG\terraform15Aug\actions-runner\bin'
[2026-08-18 19:30:41Z INFO HostContext] Well known directory 'Root': 'E:\devops\Complete Terraform\terraform\terraform 15AUG\terraform15Aug\actions-runner'
[2026-08-18 19:30:41Z INFO HostContext] Well known directory 'Work': 'E:\devops\Complete Terraform\terraform\terraform 15AUG\terraform15Aug\actions-runner\_work'
[2026-08-18 19:30:41Z INFO HostContext] Well known directory 'Temp': 'E:\devops\Complete Terraform\terraform\terraform 15AUG\terraform15Aug\actions-runner\_work\_temp'
[2026-08-18 19:30:41Z INFO ScriptHandler] Which2: 'pwsh'
[2026-08-18 19:30:41Z INFO ScriptHandler] pwsh: command not found. Make sure 'pwsh' is installed and its location included in the 'Path' environment variable.
[2026-08-18 19:30:41Z INFO ScriptHandler] Defaulting to powershell
[2026-08-18 19:30:41Z INFO ScriptHandler] Which2: 'powershell'
[2026-08-18 19:30:41Z INFO ScriptHandler] Location: 'C:\Windows\System32\WindowsPowerShell\v1.0\powershell.EXE'
[2026-08-18 19:30:41Z INFO ProcessInvokerWrapper] Starting process:
[2026-08-18 19:30:41Z INFO ProcessInvokerWrapper]   File name: 'C:\Windows\System32\WindowsPowerShell\v1.0\powershell.EXE'
[2026-08-18 19:30:41Z INFO ProcessInvokerWrapper]   Arguments: '-command ". 'E:\devops\Complete Terraform\terraform\terraform 15AUG\terraform15Aug\actions-runner\_work\_temp\f343fa7b-b98c-4060-9e0a-3a625ac4c14d.ps1'"'
[2026-08-18 19:30:41Z INFO ProcessInvokerWrapper]   Working directory: 'E:\devops\Complete Terraform\terraform\terraform 15AUG\terraform15Aug\actions-runner\_work\terraform15Aug\terraform15Aug\./prod_parent_module'
[2026-08-18 19:30:41Z INFO ProcessInvokerWrapper]   Require exit code zero: 'False'
[2026-08-18 19:30:41Z INFO ProcessInvokerWrapper]   Encoding web name:  ; code page: ''
[2026-08-18 19:30:41Z INFO ProcessInvokerWrapper]   Force kill process on cancellation: 'False'
[2026-08-18 19:30:41Z INFO ProcessInvokerWrapper]   Redirected STDIN: 'False'
[2026-08-18 19:30:41Z INFO ProcessInvokerWrapper]   Persist current code page: 'True'
[2026-08-18 19:30:41Z INFO ProcessInvokerWrapper]   Keep redirected STDIN open: 'False'
[2026-08-18 19:30:41Z INFO ProcessInvokerWrapper]   High priority process: 'False'
[2026-08-18 19:30:41Z INFO ProcessInvokerWrapper] Process started with process id 16020, waiting for process exit.
[2026-08-18 19:30:41Z INFO JobServerQueue] Tried to upload 1 file(s) to results, success rate: 1/1.
[2026-08-18 19:30:41Z INFO JobServerQueue] Try to append 1 batches web console lines for record 'fa906960-dfd0-4144-a4cc-9c7b40109d4e', success rate: 1/1.
[2026-08-18 19:30:42Z INFO JobServerQueue] Try to upload 1 log files or attachments, success rate: 1/1.
[2026-08-18 19:30:42Z INFO JobServerQueue] Got a step log file to send to results service.
[2026-08-18 19:30:42Z INFO JobServerQueue] Starting upload of step log file to results service ResultsLog, E:\devops\Complete Terraform\terraform\terraform 15AUG\terraform15Aug\actions-runner\_diag\blocks\3bb2ee00-256a-46e5-9b36-016f231efbed_4ddf5ded-e9a7-4b71-874e-a6784b73ef02.1
[2026-08-18 19:30:43Z INFO JobServerQueue] Tried to upload 1 file(s) to results, success rate: 1/1.
[2026-08-18 19:30:45Z INFO JobServerQueue] Stop aggressive process web console line queue.
[2026-08-18 19:30:48Z INFO HostContext] Well known directory 'Bin': 'E:\devops\Complete Terraform\terraform\terraform 15AUG\terraform15Aug\actions-runner\bin'
[2026-08-18 19:30:48Z INFO HostContext] Well known directory 'Root': 'E:\devops\Complete Terraform\terraform\terraform 15AUG\terraform15Aug\actions-runner'
[2026-08-18 19:30:48Z INFO HostContext] Well known directory 'Work': 'E:\devops\Complete Terraform\terraform\terraform 15AUG\terraform15Aug\actions-runner\_work'
[2026-08-18 19:30:58Z INFO HostContext] Well known directory 'Bin': 'E:\devops\Complete Terraform\terraform\terraform 15AUG\terraform15Aug\actions-runner\bin'
[2026-08-18 19:30:58Z INFO HostContext] Well known directory 'Root': 'E:\devops\Complete Terraform\terraform\terraform 15AUG\terraform15Aug\actions-runner'
[2026-08-18 19:30:58Z INFO HostContext] Well known directory 'Work': 'E:\devops\Complete Terraform\terraform\terraform 15AUG\terraform15Aug\actions-runner\_work'
[2026-08-18 19:31:06Z INFO ProcessInvokerWrapper] STDOUT/STDERR stream read finished.
[2026-08-18 19:31:06Z INFO ProcessInvokerWrapper] STDOUT/STDERR stream read finished.
[2026-08-18 19:31:06Z INFO ProcessInvokerWrapper] Finished process 16020 with exit code 0, and elapsed time 00:00:24.3546958.
[2026-08-18 19:31:06Z INFO CreateStepSummaryCommand] Step Summary file (E:\devops\Complete Terraform\terraform\terraform 15AUG\terraform15Aug\actions-runner\_work\_temp\_runner_file_commands\step_summary_0e2a4f28-e9b1-4634-8121-778aaf604240) is empty; skipping attachment upload
[2026-08-18 19:31:06Z INFO StepsRunner] Step result: 
[2026-08-18 19:31:06Z INFO ExecutionContext] Publish step telemetry for current step {
  "action": "powershell",
  "type": "run",
  "stage": "Main",
  "stepId": "fa906960-dfd0-4144-a4cc-9c7b40109d4e",
  "stepContextName": "__run_2",
  "result": "succeeded",
  "errorMessages": [],
  "executionTimeInSeconds": 25,
  "startTime": "2026-08-18T19:30:41.6587433Z",
  "finishTime": "2026-08-18T19:31:06.1268712Z"
}.
[2026-08-18 19:31:06Z INFO StepsRunner] No need for updating job result with current step result 'Succeeded'.
[2026-08-18 19:31:06Z INFO StepsRunner] Current state: job state = ''
[2026-08-18 19:31:06Z INFO StepsRunner] Processing step: DisplayName='Terraform Init'
[2026-08-18 19:31:06Z INFO StepsRunner] Evaluating: success()
[2026-08-18 19:31:06Z INFO StepsRunner] Result: true
[2026-08-18 19:31:06Z INFO StepsRunner] Starting the step.
[2026-08-18 19:31:06Z INFO HostContext] Well known directory 'Bin': 'E:\devops\Complete Terraform\terraform\terraform 15AUG\terraform15Aug\actions-runner\bin'
[2026-08-18 19:31:06Z INFO HostContext] Well known directory 'Root': 'E:\devops\Complete Terraform\terraform\terraform 15AUG\terraform15Aug\actions-runner'
[2026-08-18 19:31:06Z INFO HostContext] Well known directory 'Work': 'E:\devops\Complete Terraform\terraform\terraform 15AUG\terraform15Aug\actions-runner\_work'
[2026-08-18 19:31:06Z INFO StepsRunner] Which2: 'chcp'
[2026-08-18 19:31:06Z INFO StepsRunner] Location: 'C:\Windows\system32\chcp.COM'
[2026-08-18 19:31:06Z INFO ProcessInvokerWrapper] Starting process:
[2026-08-18 19:31:06Z INFO ProcessInvokerWrapper]   File name: 'C:\Windows\system32\chcp.COM'
[2026-08-18 19:31:06Z INFO ProcessInvokerWrapper]   Arguments: '65001'
[2026-08-18 19:31:06Z INFO ProcessInvokerWrapper]   Working directory: 'E:\devops\Complete Terraform\terraform\terraform 15AUG\terraform15Aug\actions-runner\_work'
[2026-08-18 19:31:06Z INFO ProcessInvokerWrapper]   Require exit code zero: 'False'
[2026-08-18 19:31:06Z INFO ProcessInvokerWrapper]   Encoding web name:  ; code page: ''
[2026-08-18 19:31:06Z INFO ProcessInvokerWrapper]   Force kill process on cancellation: 'False'
[2026-08-18 19:31:06Z INFO ProcessInvokerWrapper]   Redirected STDIN: 'False'
[2026-08-18 19:31:06Z INFO ProcessInvokerWrapper]   Persist current code page: 'True'
[2026-08-18 19:31:06Z INFO ProcessInvokerWrapper]   Keep redirected STDIN open: 'False'
[2026-08-18 19:31:06Z INFO ProcessInvokerWrapper]   High priority process: 'False'
[2026-08-18 19:31:06Z INFO ProcessInvokerWrapper] Process started with process id 17072, waiting for process exit.
[2026-08-18 19:31:06Z INFO ProcessInvokerWrapper] STDOUT/STDERR stream read finished.
[2026-08-18 19:31:06Z INFO ProcessInvokerWrapper] STDOUT/STDERR stream read finished.
[2026-08-18 19:31:06Z INFO ProcessInvokerWrapper] Finished process 17072 with exit code 0, and elapsed time 00:00:00.0323503.
[2026-08-18 19:31:06Z INFO StepsRunner] Successfully returned to code page 65001 (UTF8)
[2026-08-18 19:31:06Z INFO HostContext] Well known directory 'Bin': 'E:\devops\Complete Terraform\terraform\terraform 15AUG\terraform15Aug\actions-runner\bin'
[2026-08-18 19:31:06Z INFO HostContext] Well known directory 'Root': 'E:\devops\Complete Terraform\terraform\terraform 15AUG\terraform15Aug\actions-runner'
[2026-08-18 19:31:06Z INFO HostContext] Well known directory 'Work': 'E:\devops\Complete Terraform\terraform\terraform 15AUG\terraform15Aug\actions-runner\_work'
[2026-08-18 19:31:06Z INFO HostContext] Well known directory 'Temp': 'E:\devops\Complete Terraform\terraform\terraform 15AUG\terraform15Aug\actions-runner\_work\_temp'
[2026-08-18 19:31:06Z INFO ExecutionContext] Write event payload to E:\devops\Complete Terraform\terraform\terraform 15AUG\terraform15Aug\actions-runner\_work\_temp\_github_workflow\event.json
[2026-08-18 19:31:06Z INFO HostContext] Well known directory 'Bin': 'E:\devops\Complete Terraform\terraform\terraform 15AUG\terraform15Aug\actions-runner\bin'
[2026-08-18 19:31:06Z INFO HostContext] Well known directory 'Root': 'E:\devops\Complete Terraform\terraform\terraform 15AUG\terraform15Aug\actions-runner'
[2026-08-18 19:31:06Z INFO HostContext] Well known directory 'Work': 'E:\devops\Complete Terraform\terraform\terraform 15AUG\terraform15Aug\actions-runner\_work'
[2026-08-18 19:31:06Z INFO HostContext] Well known directory 'Temp': 'E:\devops\Complete Terraform\terraform\terraform 15AUG\terraform15Aug\actions-runner\_work\_temp'
[2026-08-18 19:31:06Z INFO ExtensionManager] Getting extensions for interface: 'GitHub.Runner.Worker.IFileCommandExtension'
[2026-08-18 19:31:06Z INFO ExtensionManager] Getting extensions for interface: 'GitHub.Runner.Worker.IActionCommandExtension'
[2026-08-18 19:31:06Z INFO ActionCommandManager] Register action command extension for command internal-set-repo-path
[2026-08-18 19:31:06Z INFO ActionCommandManager] Register action command extension for command set-env
[2026-08-18 19:31:06Z INFO ActionCommandManager] Register action command extension for command set-output
[2026-08-18 19:31:06Z INFO ActionCommandManager] Register action command extension for command save-state
[2026-08-18 19:31:06Z INFO ActionCommandManager] Register action command extension for command add-path
[2026-08-18 19:31:06Z INFO ActionCommandManager] Register action command extension for command add-mask
[2026-08-18 19:31:06Z INFO ActionCommandManager] Register action command extension for command add-matcher
[2026-08-18 19:31:06Z INFO ActionCommandManager] Register action command extension for command remove-matcher
[2026-08-18 19:31:06Z INFO ActionCommandManager] Register action command extension for command warning
[2026-08-18 19:31:06Z INFO ActionCommandManager] Register action command extension for command error
[2026-08-18 19:31:06Z INFO ActionCommandManager] Register action command extension for command notice
[2026-08-18 19:31:06Z INFO ActionCommandManager] Register action command extension for command debug
[2026-08-18 19:31:06Z INFO ActionCommandManager] Register action command extension for command group
[2026-08-18 19:31:06Z INFO ActionCommandManager] Register action command extension for command endgroup
[2026-08-18 19:31:06Z INFO ActionCommandManager] Register action command extension for command echo
[2026-08-18 19:31:06Z INFO ScriptHandler] Which2: 'pwsh'
[2026-08-18 19:31:06Z INFO ScriptHandler] pwsh: command not found. Make sure 'pwsh' is installed and its location included in the 'Path' environment variable.
[2026-08-18 19:31:06Z INFO ScriptHandler] Defaulting to powershell
[2026-08-18 19:31:06Z INFO ScriptHandler] Which2: 'powershell'
[2026-08-18 19:31:06Z INFO ScriptHandler] Location: 'C:\Windows\System32\WindowsPowerShell\v1.0\powershell.EXE'
[2026-08-18 19:31:06Z INFO HostContext] Well known directory 'Bin': 'E:\devops\Complete Terraform\terraform\terraform 15AUG\terraform15Aug\actions-runner\bin'
[2026-08-18 19:31:06Z INFO HostContext] Well known directory 'Root': 'E:\devops\Complete Terraform\terraform\terraform 15AUG\terraform15Aug\actions-runner'
[2026-08-18 19:31:06Z INFO HostContext] Well known directory 'Work': 'E:\devops\Complete Terraform\terraform\terraform 15AUG\terraform15Aug\actions-runner\_work'
[2026-08-18 19:31:06Z INFO HostContext] Well known directory 'Temp': 'E:\devops\Complete Terraform\terraform\terraform 15AUG\terraform15Aug\actions-runner\_work\_temp'
[2026-08-18 19:31:06Z INFO ScriptHandler] Which2: 'pwsh'
[2026-08-18 19:31:06Z INFO ScriptHandler] pwsh: command not found. Make sure 'pwsh' is installed and its location included in the 'Path' environment variable.
[2026-08-18 19:31:06Z INFO ScriptHandler] Defaulting to powershell
[2026-08-18 19:31:06Z INFO ScriptHandler] Which2: 'powershell'
[2026-08-18 19:31:06Z INFO ScriptHandler] Location: 'C:\Windows\System32\WindowsPowerShell\v1.0\powershell.EXE'
[2026-08-18 19:31:06Z INFO ProcessInvokerWrapper] Starting process:
[2026-08-18 19:31:06Z INFO ProcessInvokerWrapper]   File name: 'C:\Windows\System32\WindowsPowerShell\v1.0\powershell.EXE'
[2026-08-18 19:31:06Z INFO ProcessInvokerWrapper]   Arguments: '-command ". 'E:\devops\Complete Terraform\terraform\terraform 15AUG\terraform15Aug\actions-runner\_work\_temp\b8101052-422f-4bd8-84ca-6ed9c5b6ca58.ps1'"'
[2026-08-18 19:31:06Z INFO ProcessInvokerWrapper]   Working directory: 'E:\devops\Complete Terraform\terraform\terraform 15AUG\terraform15Aug\actions-runner\_work\terraform15Aug\terraform15Aug\./prod_parent_module'
[2026-08-18 19:31:06Z INFO ProcessInvokerWrapper]   Require exit code zero: 'False'
[2026-08-18 19:31:06Z INFO ProcessInvokerWrapper]   Encoding web name:  ; code page: ''
[2026-08-18 19:31:06Z INFO ProcessInvokerWrapper]   Force kill process on cancellation: 'False'
[2026-08-18 19:31:06Z INFO ProcessInvokerWrapper]   Redirected STDIN: 'False'
[2026-08-18 19:31:06Z INFO ProcessInvokerWrapper]   Persist current code page: 'True'
[2026-08-18 19:31:06Z INFO ProcessInvokerWrapper]   Keep redirected STDIN open: 'False'
[2026-08-18 19:31:06Z INFO ProcessInvokerWrapper]   High priority process: 'False'
[2026-08-18 19:31:06Z INFO ProcessInvokerWrapper] Process started with process id 17016, waiting for process exit.
[2026-08-18 19:31:06Z INFO JobServerQueue] Try to append 1 batches web console lines for record '749c58f9-d253-4cc9-a8d4-4e11f8d2a2de', success rate: 1/1.
[2026-08-18 19:31:06Z INFO JobServerQueue] Try to upload 1 log files or attachments, success rate: 1/1.
[2026-08-18 19:31:06Z INFO JobServerQueue] Got a step log file to send to results service.
[2026-08-18 19:31:06Z INFO JobServerQueue] Starting upload of step log file to results service ResultsLog, E:\devops\Complete Terraform\terraform\terraform 15AUG\terraform15Aug\actions-runner\_diag\blocks\3bb2ee00-256a-46e5-9b36-016f231efbed_fa906960-dfd0-4144-a4cc-9c7b40109d4e.1
[2026-08-18 19:31:07Z INFO ProcessInvokerWrapper] STDOUT/STDERR stream read finished.
[2026-08-18 19:31:07Z INFO ProcessInvokerWrapper] STDOUT/STDERR stream read finished.
[2026-08-18 19:31:07Z INFO ProcessInvokerWrapper] Finished process 17016 with exit code 0, and elapsed time 00:00:00.9537118.
[2026-08-18 19:31:07Z INFO CreateStepSummaryCommand] Step Summary file (E:\devops\Complete Terraform\terraform\terraform 15AUG\terraform15Aug\actions-runner\_work\_temp\_runner_file_commands\step_summary_b773b9cb-9f47-4d46-86ca-28df5fa6ed41) is empty; skipping attachment upload
[2026-08-18 19:31:07Z INFO StepsRunner] Step result: 
[2026-08-18 19:31:07Z INFO ExecutionContext] Publish step telemetry for current step {
  "action": "powershell",
  "type": "run",
  "stage": "Main",
  "stepId": "749c58f9-d253-4cc9-a8d4-4e11f8d2a2de",
  "stepContextName": "__run_3",
  "result": "succeeded",
  "errorMessages": [],
  "executionTimeInSeconds": 2,
  "startTime": "2026-08-18T19:31:06.136764Z",
  "finishTime": "2026-08-18T19:31:07.2066234Z"
}.
[2026-08-18 19:31:07Z INFO StepsRunner] No need for updating job result with current step result 'Succeeded'.
[2026-08-18 19:31:07Z INFO StepsRunner] Current state: job state = ''
[2026-08-18 19:31:07Z INFO StepsRunner] Processing step: DisplayName='Terraform Validate'
[2026-08-18 19:31:07Z INFO StepsRunner] Evaluating: success()
[2026-08-18 19:31:07Z INFO StepsRunner] Result: true
[2026-08-18 19:31:07Z INFO StepsRunner] Starting the step.
[2026-08-18 19:31:07Z INFO HostContext] Well known directory 'Bin': 'E:\devops\Complete Terraform\terraform\terraform 15AUG\terraform15Aug\actions-runner\bin'
[2026-08-18 19:31:07Z INFO HostContext] Well known directory 'Root': 'E:\devops\Complete Terraform\terraform\terraform 15AUG\terraform15Aug\actions-runner'
[2026-08-18 19:31:07Z INFO HostContext] Well known directory 'Work': 'E:\devops\Complete Terraform\terraform\terraform 15AUG\terraform15Aug\actions-runner\_work'
[2026-08-18 19:31:07Z INFO StepsRunner] Which2: 'chcp'
[2026-08-18 19:31:07Z INFO StepsRunner] Location: 'C:\Windows\system32\chcp.COM'
[2026-08-18 19:31:07Z INFO ProcessInvokerWrapper] Starting process:
[2026-08-18 19:31:07Z INFO ProcessInvokerWrapper]   File name: 'C:\Windows\system32\chcp.COM'
[2026-08-18 19:31:07Z INFO ProcessInvokerWrapper]   Arguments: '65001'
[2026-08-18 19:31:07Z INFO ProcessInvokerWrapper]   Working directory: 'E:\devops\Complete Terraform\terraform\terraform 15AUG\terraform15Aug\actions-runner\_work'
[2026-08-18 19:31:07Z INFO ProcessInvokerWrapper]   Require exit code zero: 'False'
[2026-08-18 19:31:07Z INFO ProcessInvokerWrapper]   Encoding web name:  ; code page: ''
[2026-08-18 19:31:07Z INFO ProcessInvokerWrapper]   Force kill process on cancellation: 'False'
[2026-08-18 19:31:07Z INFO ProcessInvokerWrapper]   Redirected STDIN: 'False'
[2026-08-18 19:31:07Z INFO ProcessInvokerWrapper]   Persist current code page: 'True'
[2026-08-18 19:31:07Z INFO ProcessInvokerWrapper]   Keep redirected STDIN open: 'False'
[2026-08-18 19:31:07Z INFO ProcessInvokerWrapper]   High priority process: 'False'
[2026-08-18 19:31:07Z INFO ProcessInvokerWrapper] Process started with process id 11484, waiting for process exit.
[2026-08-18 19:31:07Z INFO ProcessInvokerWrapper] STDOUT/STDERR stream read finished.
[2026-08-18 19:31:07Z INFO ProcessInvokerWrapper] STDOUT/STDERR stream read finished.
[2026-08-18 19:31:07Z INFO ProcessInvokerWrapper] Finished process 11484 with exit code 0, and elapsed time 00:00:00.0361380.
[2026-08-18 19:31:07Z INFO StepsRunner] Successfully returned to code page 65001 (UTF8)
[2026-08-18 19:31:07Z INFO HostContext] Well known directory 'Bin': 'E:\devops\Complete Terraform\terraform\terraform 15AUG\terraform15Aug\actions-runner\bin'
[2026-08-18 19:31:07Z INFO HostContext] Well known directory 'Root': 'E:\devops\Complete Terraform\terraform\terraform 15AUG\terraform15Aug\actions-runner'
[2026-08-18 19:31:07Z INFO HostContext] Well known directory 'Work': 'E:\devops\Complete Terraform\terraform\terraform 15AUG\terraform15Aug\actions-runner\_work'
[2026-08-18 19:31:07Z INFO HostContext] Well known directory 'Temp': 'E:\devops\Complete Terraform\terraform\terraform 15AUG\terraform15Aug\actions-runner\_work\_temp'
[2026-08-18 19:31:07Z INFO ExecutionContext] Write event payload to E:\devops\Complete Terraform\terraform\terraform 15AUG\terraform15Aug\actions-runner\_work\_temp\_github_workflow\event.json
[2026-08-18 19:31:07Z INFO HostContext] Well known directory 'Bin': 'E:\devops\Complete Terraform\terraform\terraform 15AUG\terraform15Aug\actions-runner\bin'
[2026-08-18 19:31:07Z INFO HostContext] Well known directory 'Root': 'E:\devops\Complete Terraform\terraform\terraform 15AUG\terraform15Aug\actions-runner'
[2026-08-18 19:31:07Z INFO HostContext] Well known directory 'Work': 'E:\devops\Complete Terraform\terraform\terraform 15AUG\terraform15Aug\actions-runner\_work'
[2026-08-18 19:31:07Z INFO HostContext] Well known directory 'Temp': 'E:\devops\Complete Terraform\terraform\terraform 15AUG\terraform15Aug\actions-runner\_work\_temp'
[2026-08-18 19:31:07Z INFO ExtensionManager] Getting extensions for interface: 'GitHub.Runner.Worker.IFileCommandExtension'
[2026-08-18 19:31:07Z INFO ExtensionManager] Getting extensions for interface: 'GitHub.Runner.Worker.IActionCommandExtension'
[2026-08-18 19:31:07Z INFO ActionCommandManager] Register action command extension for command internal-set-repo-path
[2026-08-18 19:31:07Z INFO ActionCommandManager] Register action command extension for command set-env
[2026-08-18 19:31:07Z INFO ActionCommandManager] Register action command extension for command set-output
[2026-08-18 19:31:07Z INFO ActionCommandManager] Register action command extension for command save-state
[2026-08-18 19:31:07Z INFO ActionCommandManager] Register action command extension for command add-path
[2026-08-18 19:31:07Z INFO ActionCommandManager] Register action command extension for command add-mask
[2026-08-18 19:31:07Z INFO ActionCommandManager] Register action command extension for command add-matcher
[2026-08-18 19:31:07Z INFO ActionCommandManager] Register action command extension for command remove-matcher
[2026-08-18 19:31:07Z INFO ActionCommandManager] Register action command extension for command warning
[2026-08-18 19:31:07Z INFO ActionCommandManager] Register action command extension for command error
[2026-08-18 19:31:07Z INFO ActionCommandManager] Register action command extension for command notice
[2026-08-18 19:31:07Z INFO ActionCommandManager] Register action command extension for command debug
[2026-08-18 19:31:07Z INFO ActionCommandManager] Register action command extension for command group
[2026-08-18 19:31:07Z INFO ActionCommandManager] Register action command extension for command endgroup
[2026-08-18 19:31:07Z INFO ActionCommandManager] Register action command extension for command echo
[2026-08-18 19:31:07Z INFO ScriptHandler] Which2: 'pwsh'
[2026-08-18 19:31:07Z INFO ScriptHandler] pwsh: command not found. Make sure 'pwsh' is installed and its location included in the 'Path' environment variable.
[2026-08-18 19:31:07Z INFO ScriptHandler] Defaulting to powershell
[2026-08-18 19:31:07Z INFO ScriptHandler] Which2: 'powershell'
[2026-08-18 19:31:07Z INFO ScriptHandler] Location: 'C:\Windows\System32\WindowsPowerShell\v1.0\powershell.EXE'
[2026-08-18 19:31:07Z INFO HostContext] Well known directory 'Bin': 'E:\devops\Complete Terraform\terraform\terraform 15AUG\terraform15Aug\actions-runner\bin'
[2026-08-18 19:31:07Z INFO HostContext] Well known directory 'Root': 'E:\devops\Complete Terraform\terraform\terraform 15AUG\terraform15Aug\actions-runner'
[2026-08-18 19:31:07Z INFO HostContext] Well known directory 'Work': 'E:\devops\Complete Terraform\terraform\terraform 15AUG\terraform15Aug\actions-runner\_work'
[2026-08-18 19:31:07Z INFO HostContext] Well known directory 'Temp': 'E:\devops\Complete Terraform\terraform\terraform 15AUG\terraform15Aug\actions-runner\_work\_temp'
[2026-08-18 19:31:07Z INFO ScriptHandler] Which2: 'pwsh'
[2026-08-18 19:31:07Z INFO ScriptHandler] pwsh: command not found. Make sure 'pwsh' is installed and its location included in the 'Path' environment variable.
[2026-08-18 19:31:07Z INFO ScriptHandler] Defaulting to powershell
[2026-08-18 19:31:07Z INFO ScriptHandler] Which2: 'powershell'
[2026-08-18 19:31:07Z INFO ScriptHandler] Location: 'C:\Windows\System32\WindowsPowerShell\v1.0\powershell.EXE'
[2026-08-18 19:31:07Z INFO ProcessInvokerWrapper] Starting process:
[2026-08-18 19:31:07Z INFO ProcessInvokerWrapper]   File name: 'C:\Windows\System32\WindowsPowerShell\v1.0\powershell.EXE'
[2026-08-18 19:31:07Z INFO ProcessInvokerWrapper]   Arguments: '-command ". 'E:\devops\Complete Terraform\terraform\terraform 15AUG\terraform15Aug\actions-runner\_work\_temp\07e0433d-cbd2-4147-8c06-8ba0202866c9.ps1'"'
[2026-08-18 19:31:07Z INFO ProcessInvokerWrapper]   Working directory: 'E:\devops\Complete Terraform\terraform\terraform 15AUG\terraform15Aug\actions-runner\_work\terraform15Aug\terraform15Aug\./prod_parent_module'
[2026-08-18 19:31:07Z INFO ProcessInvokerWrapper]   Require exit code zero: 'False'
[2026-08-18 19:31:07Z INFO ProcessInvokerWrapper]   Encoding web name:  ; code page: ''
[2026-08-18 19:31:07Z INFO ProcessInvokerWrapper]   Force kill process on cancellation: 'False'
[2026-08-18 19:31:07Z INFO ProcessInvokerWrapper]   Redirected STDIN: 'False'
[2026-08-18 19:31:07Z INFO ProcessInvokerWrapper]   Persist current code page: 'True'
[2026-08-18 19:31:07Z INFO ProcessInvokerWrapper]   Keep redirected STDIN open: 'False'
[2026-08-18 19:31:07Z INFO ProcessInvokerWrapper]   High priority process: 'False'
[2026-08-18 19:31:07Z INFO ProcessInvokerWrapper] Process started with process id 8568, waiting for process exit.
[2026-08-18 19:31:07Z INFO JobServerQueue] Try to append 1 batches web console lines for record 'fa578509-25e8-4d30-ae79-377b6ae1b678', success rate: 1/1.
[2026-08-18 19:31:07Z INFO JobServerQueue] Try to upload 1 log files or attachments, success rate: 1/1.
[2026-08-18 19:31:07Z INFO JobServerQueue] Tried to upload 1 file(s) to results, success rate: 1/1.
[2026-08-18 19:31:08Z INFO ProcessInvokerWrapper] STDOUT/STDERR stream read finished.
[2026-08-18 19:31:08Z INFO ProcessInvokerWrapper] STDOUT/STDERR stream read finished.
[2026-08-18 19:31:08Z INFO ProcessInvokerWrapper] Finished process 8568 with exit code 0, and elapsed time 00:00:00.9139510.
[2026-08-18 19:31:08Z INFO CreateStepSummaryCommand] Step Summary file (E:\devops\Complete Terraform\terraform\terraform 15AUG\terraform15Aug\actions-runner\_work\_temp\_runner_file_commands\step_summary_aa88867c-0a17-4f58-9d26-cccd9cd38f04) is empty; skipping attachment upload
[2026-08-18 19:31:08Z INFO StepsRunner] Step result: 
[2026-08-18 19:31:08Z INFO ExecutionContext] Publish step telemetry for current step {
  "action": "powershell",
  "type": "run",
  "stage": "Main",
  "stepId": "fa578509-25e8-4d30-ae79-377b6ae1b678",
  "stepContextName": "__run_4",
  "result": "succeeded",
  "errorMessages": [],
  "executionTimeInSeconds": 2,
  "startTime": "2026-08-18T19:31:07.2100792Z",
  "finishTime": "2026-08-18T19:31:08.2509857Z"
}.
[2026-08-18 19:31:08Z INFO StepsRunner] No need for updating job result with current step result 'Succeeded'.
[2026-08-18 19:31:08Z INFO StepsRunner] Current state: job state = ''
[2026-08-18 19:31:08Z INFO StepsRunner] Processing step: DisplayName='Check Gitleaks'
[2026-08-18 19:31:08Z INFO StepsRunner] Evaluating: success()
[2026-08-18 19:31:08Z INFO StepsRunner] Result: true
[2026-08-18 19:31:08Z INFO StepsRunner] Starting the step.
[2026-08-18 19:31:08Z INFO HostContext] Well known directory 'Bin': 'E:\devops\Complete Terraform\terraform\terraform 15AUG\terraform15Aug\actions-runner\bin'
[2026-08-18 19:31:08Z INFO HostContext] Well known directory 'Root': 'E:\devops\Complete Terraform\terraform\terraform 15AUG\terraform15Aug\actions-runner'
[2026-08-18 19:31:08Z INFO HostContext] Well known directory 'Work': 'E:\devops\Complete Terraform\terraform\terraform 15AUG\terraform15Aug\actions-runner\_work'
[2026-08-18 19:31:08Z INFO StepsRunner] Which2: 'chcp'
[2026-08-18 19:31:08Z INFO StepsRunner] Location: 'C:\Windows\system32\chcp.COM'
[2026-08-18 19:31:08Z INFO ProcessInvokerWrapper] Starting process:
[2026-08-18 19:31:08Z INFO ProcessInvokerWrapper]   File name: 'C:\Windows\system32\chcp.COM'
[2026-08-18 19:31:08Z INFO ProcessInvokerWrapper]   Arguments: '65001'
[2026-08-18 19:31:08Z INFO ProcessInvokerWrapper]   Working directory: 'E:\devops\Complete Terraform\terraform\terraform 15AUG\terraform15Aug\actions-runner\_work'
[2026-08-18 19:31:08Z INFO ProcessInvokerWrapper]   Require exit code zero: 'False'
[2026-08-18 19:31:08Z INFO ProcessInvokerWrapper]   Encoding web name:  ; code page: ''
[2026-08-18 19:31:08Z INFO ProcessInvokerWrapper]   Force kill process on cancellation: 'False'
[2026-08-18 19:31:08Z INFO ProcessInvokerWrapper]   Redirected STDIN: 'False'
[2026-08-18 19:31:08Z INFO ProcessInvokerWrapper]   Persist current code page: 'True'
[2026-08-18 19:31:08Z INFO ProcessInvokerWrapper]   Keep redirected STDIN open: 'False'
[2026-08-18 19:31:08Z INFO ProcessInvokerWrapper]   High priority process: 'False'
[2026-08-18 19:31:08Z INFO ProcessInvokerWrapper] Process started with process id 9224, waiting for process exit.
[2026-08-18 19:31:08Z INFO ProcessInvokerWrapper] STDOUT/STDERR stream read finished.
[2026-08-18 19:31:08Z INFO ProcessInvokerWrapper] STDOUT/STDERR stream read finished.
[2026-08-18 19:31:08Z INFO ProcessInvokerWrapper] Finished process 9224 with exit code 0, and elapsed time 00:00:00.0275903.
[2026-08-18 19:31:08Z INFO StepsRunner] Successfully returned to code page 65001 (UTF8)
[2026-08-18 19:31:08Z INFO HostContext] Well known directory 'Bin': 'E:\devops\Complete Terraform\terraform\terraform 15AUG\terraform15Aug\actions-runner\bin'
[2026-08-18 19:31:08Z INFO HostContext] Well known directory 'Root': 'E:\devops\Complete Terraform\terraform\terraform 15AUG\terraform15Aug\actions-runner'
[2026-08-18 19:31:08Z INFO HostContext] Well known directory 'Work': 'E:\devops\Complete Terraform\terraform\terraform 15AUG\terraform15Aug\actions-runner\_work'
[2026-08-18 19:31:08Z INFO HostContext] Well known directory 'Temp': 'E:\devops\Complete Terraform\terraform\terraform 15AUG\terraform15Aug\actions-runner\_work\_temp'
[2026-08-18 19:31:08Z INFO ExecutionContext] Write event payload to E:\devops\Complete Terraform\terraform\terraform 15AUG\terraform15Aug\actions-runner\_work\_temp\_github_workflow\event.json
[2026-08-18 19:31:08Z INFO HostContext] Well known directory 'Bin': 'E:\devops\Complete Terraform\terraform\terraform 15AUG\terraform15Aug\actions-runner\bin'
[2026-08-18 19:31:08Z INFO HostContext] Well known directory 'Root': 'E:\devops\Complete Terraform\terraform\terraform 15AUG\terraform15Aug\actions-runner'
[2026-08-18 19:31:08Z INFO HostContext] Well known directory 'Work': 'E:\devops\Complete Terraform\terraform\terraform 15AUG\terraform15Aug\actions-runner\_work'
[2026-08-18 19:31:08Z INFO HostContext] Well known directory 'Temp': 'E:\devops\Complete Terraform\terraform\terraform 15AUG\terraform15Aug\actions-runner\_work\_temp'
[2026-08-18 19:31:08Z INFO ExtensionManager] Getting extensions for interface: 'GitHub.Runner.Worker.IFileCommandExtension'
[2026-08-18 19:31:08Z INFO ExtensionManager] Getting extensions for interface: 'GitHub.Runner.Worker.IActionCommandExtension'
[2026-08-18 19:31:08Z INFO ActionCommandManager] Register action command extension for command internal-set-repo-path
[2026-08-18 19:31:08Z INFO ActionCommandManager] Register action command extension for command set-env
[2026-08-18 19:31:08Z INFO ActionCommandManager] Register action command extension for command set-output
[2026-08-18 19:31:08Z INFO ActionCommandManager] Register action command extension for command save-state
[2026-08-18 19:31:08Z INFO ActionCommandManager] Register action command extension for command add-path
[2026-08-18 19:31:08Z INFO ActionCommandManager] Register action command extension for command add-mask
[2026-08-18 19:31:08Z INFO ActionCommandManager] Register action command extension for command add-matcher
[2026-08-18 19:31:08Z INFO ActionCommandManager] Register action command extension for command remove-matcher
[2026-08-18 19:31:08Z INFO ActionCommandManager] Register action command extension for command warning
[2026-08-18 19:31:08Z INFO ActionCommandManager] Register action command extension for command error
[2026-08-18 19:31:08Z INFO ActionCommandManager] Register action command extension for command notice
[2026-08-18 19:31:08Z INFO ActionCommandManager] Register action command extension for command debug
[2026-08-18 19:31:08Z INFO ActionCommandManager] Register action command extension for command group
[2026-08-18 19:31:08Z INFO ActionCommandManager] Register action command extension for command endgroup
[2026-08-18 19:31:08Z INFO ActionCommandManager] Register action command extension for command echo
[2026-08-18 19:31:08Z INFO ScriptHandler] Which2: 'pwsh'
[2026-08-18 19:31:08Z INFO ScriptHandler] pwsh: command not found. Make sure 'pwsh' is installed and its location included in the 'Path' environment variable.
[2026-08-18 19:31:08Z INFO ScriptHandler] Defaulting to powershell
[2026-08-18 19:31:08Z INFO ScriptHandler] Which2: 'powershell'
[2026-08-18 19:31:08Z INFO ScriptHandler] Location: 'C:\Windows\System32\WindowsPowerShell\v1.0\powershell.EXE'
[2026-08-18 19:31:08Z INFO HostContext] Well known directory 'Bin': 'E:\devops\Complete Terraform\terraform\terraform 15AUG\terraform15Aug\actions-runner\bin'
[2026-08-18 19:31:08Z INFO HostContext] Well known directory 'Root': 'E:\devops\Complete Terraform\terraform\terraform 15AUG\terraform15Aug\actions-runner'
[2026-08-18 19:31:08Z INFO HostContext] Well known directory 'Work': 'E:\devops\Complete Terraform\terraform\terraform 15AUG\terraform15Aug\actions-runner\_work'
[2026-08-18 19:31:08Z INFO HostContext] Well known directory 'Temp': 'E:\devops\Complete Terraform\terraform\terraform 15AUG\terraform15Aug\actions-runner\_work\_temp'
[2026-08-18 19:31:08Z INFO ScriptHandler] Which2: 'pwsh'
[2026-08-18 19:31:08Z INFO ScriptHandler] pwsh: command not found. Make sure 'pwsh' is installed and its location included in the 'Path' environment variable.
[2026-08-18 19:31:08Z INFO ScriptHandler] Defaulting to powershell
[2026-08-18 19:31:08Z INFO ScriptHandler] Which2: 'powershell'
[2026-08-18 19:31:08Z INFO ScriptHandler] Location: 'C:\Windows\System32\WindowsPowerShell\v1.0\powershell.EXE'
[2026-08-18 19:31:08Z INFO ProcessInvokerWrapper] Starting process:
[2026-08-18 19:31:08Z INFO ProcessInvokerWrapper]   File name: 'C:\Windows\System32\WindowsPowerShell\v1.0\powershell.EXE'
[2026-08-18 19:31:08Z INFO ProcessInvokerWrapper]   Arguments: '-command ". 'E:\devops\Complete Terraform\terraform\terraform 15AUG\terraform15Aug\actions-runner\_work\_temp\35bb1651-82a9-4d32-a6bd-cfc612e4931e.ps1'"'
[2026-08-18 19:31:08Z INFO ProcessInvokerWrapper]   Working directory: 'E:\devops\Complete Terraform\terraform\terraform 15AUG\terraform15Aug\actions-runner\_work\terraform15Aug\terraform15Aug'
[2026-08-18 19:31:08Z INFO ProcessInvokerWrapper]   Require exit code zero: 'False'
[2026-08-18 19:31:08Z INFO ProcessInvokerWrapper]   Encoding web name:  ; code page: ''
[2026-08-18 19:31:08Z INFO ProcessInvokerWrapper]   Force kill process on cancellation: 'False'
[2026-08-18 19:31:08Z INFO ProcessInvokerWrapper]   Redirected STDIN: 'False'
[2026-08-18 19:31:08Z INFO ProcessInvokerWrapper]   Persist current code page: 'True'
[2026-08-18 19:31:08Z INFO ProcessInvokerWrapper]   Keep redirected STDIN open: 'False'
[2026-08-18 19:31:08Z INFO ProcessInvokerWrapper]   High priority process: 'False'
[2026-08-18 19:31:08Z INFO ProcessInvokerWrapper] Process started with process id 432, waiting for process exit.
[2026-08-18 19:31:08Z INFO JobServerQueue] Try to append 1 batches web console lines for record '0b980d33-49bf-448b-a08c-1e803e8f8993', success rate: 1/1.
[2026-08-18 19:31:08Z INFO JobServerQueue] Try to upload 1 log files or attachments, success rate: 1/1.
[2026-08-18 19:31:08Z INFO HostContext] Well known directory 'Bin': 'E:\devops\Complete Terraform\terraform\terraform 15AUG\terraform15Aug\actions-runner\bin'
[2026-08-18 19:31:08Z INFO HostContext] Well known directory 'Root': 'E:\devops\Complete Terraform\terraform\terraform 15AUG\terraform15Aug\actions-runner'
[2026-08-18 19:31:08Z INFO HostContext] Well known directory 'Work': 'E:\devops\Complete Terraform\terraform\terraform 15AUG\terraform15Aug\actions-runner\_work'
[2026-08-18 19:31:08Z INFO JobServerQueue] Got a step log file to send to results service.
[2026-08-18 19:31:08Z INFO JobServerQueue] Starting upload of step log file to results service ResultsLog, E:\devops\Complete Terraform\terraform\terraform 15AUG\terraform15Aug\actions-runner\_diag\blocks\3bb2ee00-256a-46e5-9b36-016f231efbed_749c58f9-d253-4cc9-a8d4-4e11f8d2a2de.1
[2026-08-18 19:31:09Z INFO JobServerQueue] Try to append 1 batches web console lines for record '0b980d33-49bf-448b-a08c-1e803e8f8993', success rate: 1/1.
[2026-08-18 19:31:09Z INFO ProcessInvokerWrapper] STDOUT/STDERR stream read finished.
[2026-08-18 19:31:09Z INFO ProcessInvokerWrapper] STDOUT/STDERR stream read finished.
[2026-08-18 19:31:09Z INFO ProcessInvokerWrapper] Finished process 432 with exit code 1, and elapsed time 00:00:01.1987010.
[2026-08-18 19:31:09Z INFO CreateStepSummaryCommand] Step Summary file (E:\devops\Complete Terraform\terraform\terraform 15AUG\terraform15Aug\actions-runner\_work\_temp\_runner_file_commands\step_summary_1559903d-00db-43ad-ad6c-d1561a43c7ac) is empty; skipping attachment upload
[2026-08-18 19:31:09Z INFO StepsRunner] Step result: Failed
[2026-08-18 19:31:09Z INFO ExecutionContext] Publish step telemetry for current step {
  "action": "powershell",
  "type": "run",
  "stage": "Main",
  "stepId": "0b980d33-49bf-448b-a08c-1e803e8f8993",
  "stepContextName": "__run_5",
  "result": "failed",
  "errorMessages": [
    "Process completed with exit code 1."
  ],
  "executionTimeInSeconds": 2,
  "startTime": "2026-08-18T19:31:08.253985Z",
  "finishTime": "2026-08-18T19:31:09.5679094Z"
}.
[2026-08-18 19:31:09Z INFO StepsRunner] Update job result with current step result 'Failed'.
[2026-08-18 19:31:09Z INFO StepsRunner] Current state: job state = 'Failed'
[2026-08-18 19:31:09Z INFO StepsRunner] Processing step: DisplayName='Gitleaks Secret Scan'
[2026-08-18 19:31:09Z INFO StepsRunner] Evaluating: success()
[2026-08-18 19:31:09Z INFO StepsRunner] Result: false
[2026-08-18 19:31:09Z INFO StepsRunner] Skipping step due to condition evaluation.
[2026-08-18 19:31:09Z INFO StepsRunner] No need for updating job result with current step result 'Skipped'.
[2026-08-18 19:31:09Z INFO StepsRunner] Current state: job state = 'Failed'
[2026-08-18 19:31:09Z INFO StepsRunner] Processing step: DisplayName='Post Checkout Code'
[2026-08-18 19:31:09Z INFO StepsRunner] Evaluating: always()
[2026-08-18 19:31:09Z INFO StepsRunner] Result: true
[2026-08-18 19:31:09Z INFO StepsRunner] Starting the step.
[2026-08-18 19:31:09Z INFO HostContext] Well known directory 'Bin': 'E:\devops\Complete Terraform\terraform\terraform 15AUG\terraform15Aug\actions-runner\bin'
[2026-08-18 19:31:09Z INFO HostContext] Well known directory 'Root': 'E:\devops\Complete Terraform\terraform\terraform 15AUG\terraform15Aug\actions-runner'
[2026-08-18 19:31:09Z INFO HostContext] Well known directory 'Work': 'E:\devops\Complete Terraform\terraform\terraform 15AUG\terraform15Aug\actions-runner\_work'
[2026-08-18 19:31:09Z INFO StepsRunner] Which2: 'chcp'
[2026-08-18 19:31:09Z INFO StepsRunner] Location: 'C:\Windows\system32\chcp.COM'
[2026-08-18 19:31:09Z INFO ProcessInvokerWrapper] Starting process:
[2026-08-18 19:31:09Z INFO ProcessInvokerWrapper]   File name: 'C:\Windows\system32\chcp.COM'
[2026-08-18 19:31:09Z INFO ProcessInvokerWrapper]   Arguments: '65001'
[2026-08-18 19:31:09Z INFO ProcessInvokerWrapper]   Working directory: 'E:\devops\Complete Terraform\terraform\terraform 15AUG\terraform15Aug\actions-runner\_work'
[2026-08-18 19:31:09Z INFO ProcessInvokerWrapper]   Require exit code zero: 'False'
[2026-08-18 19:31:09Z INFO ProcessInvokerWrapper]   Encoding web name:  ; code page: ''
[2026-08-18 19:31:09Z INFO ProcessInvokerWrapper]   Force kill process on cancellation: 'False'
[2026-08-18 19:31:09Z INFO ProcessInvokerWrapper]   Redirected STDIN: 'False'
[2026-08-18 19:31:09Z INFO ProcessInvokerWrapper]   Persist current code page: 'True'
[2026-08-18 19:31:09Z INFO ProcessInvokerWrapper]   Keep redirected STDIN open: 'False'
[2026-08-18 19:31:09Z INFO ProcessInvokerWrapper]   High priority process: 'False'
[2026-08-18 19:31:09Z INFO ProcessInvokerWrapper] Process started with process id 13800, waiting for process exit.
[2026-08-18 19:31:09Z INFO ProcessInvokerWrapper] STDOUT/STDERR stream read finished.
[2026-08-18 19:31:09Z INFO ProcessInvokerWrapper] STDOUT/STDERR stream read finished.
[2026-08-18 19:31:09Z INFO ProcessInvokerWrapper] Finished process 13800 with exit code 0, and elapsed time 00:00:00.0332415.
[2026-08-18 19:31:09Z INFO StepsRunner] Successfully returned to code page 65001 (UTF8)
[2026-08-18 19:31:09Z INFO HostContext] Well known directory 'Bin': 'E:\devops\Complete Terraform\terraform\terraform 15AUG\terraform15Aug\actions-runner\bin'
[2026-08-18 19:31:09Z INFO HostContext] Well known directory 'Root': 'E:\devops\Complete Terraform\terraform\terraform 15AUG\terraform15Aug\actions-runner'
[2026-08-18 19:31:09Z INFO HostContext] Well known directory 'Work': 'E:\devops\Complete Terraform\terraform\terraform 15AUG\terraform15Aug\actions-runner\_work'
[2026-08-18 19:31:09Z INFO HostContext] Well known directory 'Actions': 'E:\devops\Complete Terraform\terraform\terraform 15AUG\terraform15Aug\actions-runner\_work\_actions'
[2026-08-18 19:31:09Z INFO ActionManager] Load action that reference repository from 'E:\devops\Complete Terraform\terraform\terraform 15AUG\terraform15Aug\actions-runner\_work\_actions\actions\checkout\v4'
[2026-08-18 19:31:09Z INFO HostContext] Well known directory 'Bin': 'E:\devops\Complete Terraform\terraform\terraform 15AUG\terraform15Aug\actions-runner\bin'
[2026-08-18 19:31:09Z INFO HostContext] Well known directory 'Root': 'E:\devops\Complete Terraform\terraform\terraform 15AUG\terraform15Aug\actions-runner'
[2026-08-18 19:31:09Z INFO HostContext] Well known directory 'Work': 'E:\devops\Complete Terraform\terraform\terraform 15AUG\terraform15Aug\actions-runner\_work'
[2026-08-18 19:31:09Z INFO HostContext] Well known directory 'Actions': 'E:\devops\Complete Terraform\terraform\terraform 15AUG\terraform15Aug\actions-runner\_work\_actions'
[2026-08-18 19:31:09Z INFO ActionManifestManagerLegacy] Loaded action.yml file: {
  "name": "Checkout",
  "description": "Checkout a Git repository at a particular version",
  "inputs": {
    "type": 2,
    "map": [
      {
        "key": {
          "type": 0,
          "file": 2,
          "line": 4,
          "col": 3,
          "lit": "repository"
        },
        "value": {
          "type": 3,
          "file": 2,
          "line": 6,
          "col": 14,
          "expr": "github.repository"
        }
      },
      {
        "key": {
          "type": 0,
          "file": 2,
          "line": 7,
          "col": 3,
          "lit": "ref"
        },
        "value": ""
      },
      {
        "key": {
          "type": 0,
          "file": 2,
          "line": 12,
          "col": 3,
          "lit": "token"
        },
        "value": {
          "type": 3,
          "file": 2,
          "line": 24,
          "col": 14,
          "expr": "github.token"
        }
      },
      {
        "key": {
          "type": 0,
          "file": 2,
          "line": 25,
          "col": 3,
          "lit": "ssh-key"
        },
        "value": ""
      },
      {
        "key": {
          "type": 0,
          "file": 2,
          "line": 37,
          "col": 3,
          "lit": "ssh-known-hosts"
        },
        "value": ""
      },
      {
        "key": {
          "type": 0,
          "file": 2,
          "line": 42,
          "col": 3,
          "lit": "ssh-strict"
        },
        "value": {
          "type": 0,
          "file": 2,
          "line": 47,
          "col": 14,
          "lit": "true"
        }
      },
      {
        "key": {
          "type": 0,
          "file": 2,
          "line": 48,
          "col": 3,
          "lit": "ssh-user"
        },
        "value": {
          "type": 0,
          "file": 2,
          "line": 51,
          "col": 14,
          "lit": "git"
        }
      },
      {
        "key": {
          "type": 0,
          "file": 2,
          "line": 52,
          "col": 3,
          "lit": "persist-credentials"
        },
        "value": {
          "type": 0,
          "file": 2,
          "line": 54,
          "col": 14,
          "lit": "true"
        }
      },
      {
        "key": {
          "type": 0,
          "file": 2,
          "line": 55,
          "col": 3,
          "lit": "path"
        },
        "value": ""
      },
      {
        "key": {
          "type": 0,
          "file": 2,
          "line": 57,
          "col": 3,
          "lit": "clean"
        },
        "value": {
          "type": 0,
          "file": 2,
          "line": 59,
          "col": 14,
          "lit": "true"
        }
      },
      {
        "key": {
          "type": 0,
          "file": 2,
          "line": 60,
          "col": 3,
          "lit": "filter"
        },
        "value": {
          "type": 0,
          "file": 2,
          "line": 64,
          "col": 14,
          "lit": ""
        }
      },
      {
        "key": {
          "type": 0,
          "file": 2,
          "line": 65,
          "col": 3,
          "lit": "sparse-checkout"
        },
        "value": {
          "type": 0,
          "file": 2,
          "line": 69,
          "col": 14,
          "lit": ""
        }
      },
      {
        "key": {
          "type": 0,
          "file": 2,
          "line": 70,
          "col": 3,
          "lit": "sparse-checkout-cone-mode"
        },
        "value": {
          "type": 0,
          "file": 2,
          "line": 73,
          "col": 14,
          "lit": "true"
        }
      },
      {
        "key": {
          "type": 0,
          "file": 2,
          "line": 74,
          "col": 3,
          "lit": "fetch-depth"
        },
        "value": {
          "type": 0,
          "file": 2,
          "line": 76,
          "col": 14,
          "lit": "1"
        }
      },
      {
        "key": {
          "type": 0,
          "file": 2,
          "line": 77,
          "col": 3,
          "lit": "fetch-tags"
        },
        "value": {
          "type": 0,
          "file": 2,
          "line": 79,
          "col": 14,
          "lit": "false"
        }
      },
      {
        "key": {
          "type": 0,
          "file": 2,
          "line": 80,
          "col": 3,
          "lit": "show-progress"
        },
        "value": {
          "type": 0,
          "file": 2,
          "line": 82,
          "col": 14,
          "lit": "true"
        }
      },
      {
        "key": {
          "type": 0,
          "file": 2,
          "line": 83,
          "col": 3,
          "lit": "lfs"
        },
        "value": {
          "type": 0,
          "file": 2,
          "line": 85,
          "col": 14,
          "lit": "false"
        }
      },
      {
        "key": {
          "type": 0,
          "file": 2,
          "line": 86,
          "col": 3,
          "lit": "submodules"
        },
        "value": {
          "type": 0,
          "file": 2,
          "line": 94,
          "col": 14,
          "lit": "false"
        }
      },
      {
        "key": {
          "type": 0,
          "file": 2,
          "line": 95,
          "col": 3,
          "lit": "set-safe-directory"
        },
        "value": {
          "type": 0,
          "file": 2,
          "line": 97,
          "col": 14,
          "lit": "true"
        }
      },
      {
        "key": {
          "type": 0,
          "file": 2,
          "line": 98,
          "col": 3,
          "lit": "github-server-url"
        },
        "value": ""
      },
      {
        "key": {
          "type": 0,
          "file": 2,
          "line": 101,
          "col": 3,
          "lit": "allow-unsafe-pr-checkout"
        },
        "value": {
          "type": 0,
          "file": 2,
          "line": 109,
          "col": 14,
          "lit": "false"
        }
      }
    ]
  },
  "execution": {
    "executionType": "nodeJS",
    "hasPre": false,
    "hasPost": true,
    "script": "dist/index.js",
    "pre": null,
    "post": "dist/index.js",
    "nodeVersion": "node20",
    "cleanupCondition": "always()",
    "initCondition": "always()"
  },
  "deprecated": null
}
[2026-08-18 19:31:09Z INFO ActionManager] Action pre node.js file: N/A.
[2026-08-18 19:31:09Z INFO ActionManager] Action node.js file: dist/index.js.
[2026-08-18 19:31:09Z INFO ActionManager] Action post node.js file: dist/index.js.
[2026-08-18 19:31:09Z INFO HostContext] Well known directory 'Bin': 'E:\devops\Complete Terraform\terraform\terraform 15AUG\terraform15Aug\actions-runner\bin'
[2026-08-18 19:31:09Z INFO HostContext] Well known directory 'Root': 'E:\devops\Complete Terraform\terraform\terraform 15AUG\terraform15Aug\actions-runner'
[2026-08-18 19:31:09Z INFO HostContext] Well known directory 'Work': 'E:\devops\Complete Terraform\terraform\terraform 15AUG\terraform15Aug\actions-runner\_work'
[2026-08-18 19:31:09Z INFO HostContext] Well known directory 'Temp': 'E:\devops\Complete Terraform\terraform\terraform 15AUG\terraform15Aug\actions-runner\_work\_temp'
[2026-08-18 19:31:09Z INFO ExecutionContext] Write event payload to E:\devops\Complete Terraform\terraform\terraform 15AUG\terraform15Aug\actions-runner\_work\_temp\_github_workflow\event.json
[2026-08-18 19:31:09Z INFO HostContext] Well known directory 'Bin': 'E:\devops\Complete Terraform\terraform\terraform 15AUG\terraform15Aug\actions-runner\bin'
[2026-08-18 19:31:09Z INFO HostContext] Well known directory 'Root': 'E:\devops\Complete Terraform\terraform\terraform 15AUG\terraform15Aug\actions-runner'
[2026-08-18 19:31:09Z INFO HostContext] Well known directory 'Work': 'E:\devops\Complete Terraform\terraform\terraform 15AUG\terraform15Aug\actions-runner\_work'
[2026-08-18 19:31:09Z INFO HostContext] Well known directory 'Temp': 'E:\devops\Complete Terraform\terraform\terraform 15AUG\terraform15Aug\actions-runner\_work\_temp'
[2026-08-18 19:31:09Z INFO ExtensionManager] Getting extensions for interface: 'GitHub.Runner.Worker.IFileCommandExtension'
[2026-08-18 19:31:09Z INFO ActionManifestManagerLegacy] Input 'repository': default value evaluate result: {
  "type": 0,
  "file": 2,
  "line": 6,
  "col": 14,
  "lit": "rahulsharma582/terraform15Aug"
}
[2026-08-18 19:31:09Z INFO ActionManifestManagerLegacy] Input 'ref': default value evaluate result: ""
[2026-08-18 19:31:09Z INFO ActionManifestManagerLegacy] Input 'token': default value evaluate result: {
  "type": 0,
  "file": 2,
  "line": 24,
  "col": 14,
  "lit": "***"
}
[2026-08-18 19:31:09Z INFO ActionManifestManagerLegacy] Input 'ssh-key': default value evaluate result: ""
[2026-08-18 19:31:09Z INFO ActionManifestManagerLegacy] Input 'ssh-known-hosts': default value evaluate result: ""
[2026-08-18 19:31:09Z INFO ActionManifestManagerLegacy] Input 'ssh-strict': default value evaluate result: {
  "type": 0,
  "file": 2,
  "line": 47,
  "col": 14,
  "lit": "true"
}
[2026-08-18 19:31:09Z INFO ActionManifestManagerLegacy] Input 'ssh-user': default value evaluate result: {
  "type": 0,
  "file": 2,
  "line": 51,
  "col": 14,
  "lit": "git"
}
[2026-08-18 19:31:09Z INFO ActionManifestManagerLegacy] Input 'persist-credentials': default value evaluate result: {
  "type": 0,
  "file": 2,
  "line": 54,
  "col": 14,
  "lit": "true"
}
[2026-08-18 19:31:09Z INFO ActionManifestManagerLegacy] Input 'path': default value evaluate result: ""
[2026-08-18 19:31:09Z INFO ActionManifestManagerLegacy] Input 'clean': default value evaluate result: {
  "type": 0,
  "file": 2,
  "line": 59,
  "col": 14,
  "lit": "true"
}
[2026-08-18 19:31:09Z INFO ActionManifestManagerLegacy] Input 'filter': default value evaluate result: {
  "type": 0,
  "file": 2,
  "line": 64,
  "col": 14,
  "lit": ""
}
[2026-08-18 19:31:09Z INFO ActionManifestManagerLegacy] Input 'sparse-checkout': default value evaluate result: {
  "type": 0,
  "file": 2,
  "line": 69,
  "col": 14,
  "lit": ""
}
[2026-08-18 19:31:09Z INFO ActionManifestManagerLegacy] Input 'sparse-checkout-cone-mode': default value evaluate result: {
  "type": 0,
  "file": 2,
  "line": 73,
  "col": 14,
  "lit": "true"
}
[2026-08-18 19:31:09Z INFO ActionManifestManagerLegacy] Input 'fetch-tags': default value evaluate result: {
  "type": 0,
  "file": 2,
  "line": 79,
  "col": 14,
  "lit": "false"
}
[2026-08-18 19:31:09Z INFO ActionManifestManagerLegacy] Input 'show-progress': default value evaluate result: {
  "type": 0,
  "file": 2,
  "line": 82,
  "col": 14,
  "lit": "true"
}
[2026-08-18 19:31:09Z INFO ActionManifestManagerLegacy] Input 'lfs': default value evaluate result: {
  "type": 0,
  "file": 2,
  "line": 85,
  "col": 14,
  "lit": "false"
}
[2026-08-18 19:31:09Z INFO ActionManifestManagerLegacy] Input 'submodules': default value evaluate result: {
  "type": 0,
  "file": 2,
  "line": 94,
  "col": 14,
  "lit": "false"
}
[2026-08-18 19:31:09Z INFO ActionManifestManagerLegacy] Input 'set-safe-directory': default value evaluate result: {
  "type": 0,
  "file": 2,
  "line": 97,
  "col": 14,
  "lit": "true"
}
[2026-08-18 19:31:09Z INFO ActionManifestManagerLegacy] Input 'github-server-url': default value evaluate result: ""
[2026-08-18 19:31:09Z INFO ActionManifestManagerLegacy] Input 'allow-unsafe-pr-checkout': default value evaluate result: {
  "type": 0,
  "file": 2,
  "line": 109,
  "col": 14,
  "lit": "false"
}
[2026-08-18 19:31:09Z INFO ExtensionManager] Getting extensions for interface: 'GitHub.Runner.Worker.IActionCommandExtension'
[2026-08-18 19:31:09Z INFO ActionCommandManager] Register action command extension for command internal-set-repo-path
[2026-08-18 19:31:09Z INFO ActionCommandManager] Register action command extension for command set-env
[2026-08-18 19:31:09Z INFO ActionCommandManager] Register action command extension for command set-output
[2026-08-18 19:31:09Z INFO ActionCommandManager] Register action command extension for command save-state
[2026-08-18 19:31:09Z INFO ActionCommandManager] Register action command extension for command add-path
[2026-08-18 19:31:09Z INFO ActionCommandManager] Register action command extension for command add-mask
[2026-08-18 19:31:09Z INFO ActionCommandManager] Register action command extension for command add-matcher
[2026-08-18 19:31:09Z INFO ActionCommandManager] Register action command extension for command remove-matcher
[2026-08-18 19:31:09Z INFO ActionCommandManager] Register action command extension for command warning
[2026-08-18 19:31:09Z INFO ActionCommandManager] Register action command extension for command error
[2026-08-18 19:31:09Z INFO ActionCommandManager] Register action command extension for command notice
[2026-08-18 19:31:09Z INFO ActionCommandManager] Register action command extension for command debug
[2026-08-18 19:31:09Z INFO ActionCommandManager] Register action command extension for command group
[2026-08-18 19:31:09Z INFO ActionCommandManager] Register action command extension for command endgroup
[2026-08-18 19:31:09Z INFO ActionCommandManager] Register action command extension for command echo
[2026-08-18 19:31:09Z INFO HostContext] Well known directory 'Bin': 'E:\devops\Complete Terraform\terraform\terraform 15AUG\terraform15Aug\actions-runner\bin'
[2026-08-18 19:31:09Z INFO HostContext] Well known directory 'Root': 'E:\devops\Complete Terraform\terraform\terraform 15AUG\terraform15Aug\actions-runner'
[2026-08-18 19:31:09Z INFO HostContext] Well known directory 'Externals': 'E:\devops\Complete Terraform\terraform\terraform 15AUG\terraform15Aug\actions-runner\externals'
[2026-08-18 19:31:09Z INFO ProcessInvokerWrapper] Starting process:
[2026-08-18 19:31:09Z INFO ProcessInvokerWrapper]   File name: 'E:\devops\Complete Terraform\terraform\terraform 15AUG\terraform15Aug\actions-runner\externals\node24\bin\node.exe'
[2026-08-18 19:31:09Z INFO ProcessInvokerWrapper]   Arguments: '"E:\devops\Complete Terraform\terraform\terraform 15AUG\terraform15Aug\actions-runner\_work\_actions\actions\checkout\v4\dist/index.js"'
[2026-08-18 19:31:09Z INFO ProcessInvokerWrapper]   Working directory: 'E:\devops\Complete Terraform\terraform\terraform 15AUG\terraform15Aug\actions-runner\_work\terraform15Aug\terraform15Aug'
[2026-08-18 19:31:09Z INFO ProcessInvokerWrapper]   Require exit code zero: 'False'
[2026-08-18 19:31:09Z INFO ProcessInvokerWrapper]   Encoding web name: utf-8 ; code page: '65001'
[2026-08-18 19:31:09Z INFO ProcessInvokerWrapper]   Force kill process on cancellation: 'False'
[2026-08-18 19:31:09Z INFO ProcessInvokerWrapper]   Redirected STDIN: 'False'
[2026-08-18 19:31:09Z INFO ProcessInvokerWrapper]   Persist current code page: 'True'
[2026-08-18 19:31:09Z INFO ProcessInvokerWrapper]   Keep redirected STDIN open: 'False'
[2026-08-18 19:31:09Z INFO ProcessInvokerWrapper]   High priority process: 'False'
[2026-08-18 19:31:09Z INFO ProcessInvokerWrapper] Process started with process id 17264, waiting for process exit.
[2026-08-18 19:31:09Z INFO JobServerQueue] Got a step log file to send to results service.
[2026-08-18 19:31:09Z INFO JobServerQueue] Starting upload of step log file to results service ResultsLog, E:\devops\Complete Terraform\terraform\terraform 15AUG\terraform15Aug\actions-runner\_diag\blocks\3bb2ee00-256a-46e5-9b36-016f231efbed_fa578509-25e8-4d30-ae79-377b6ae1b678.1
[2026-08-18 19:31:10Z INFO JobServerQueue] Try to append 1 batches web console lines for record '0b980d33-49bf-448b-a08c-1e803e8f8993', success rate: 1/1.
[2026-08-18 19:31:10Z INFO JobServerQueue] Try to append 1 batches web console lines for record 'd3423788-116e-4713-8ec8-8fb82f8a5ec6', success rate: 1/1.
[2026-08-18 19:31:10Z INFO AddMaskCommandExtension] Add new secret mask with length of 32
[2026-08-18 19:31:10Z INFO JobServerQueue] Try to upload 1 log files or attachments, success rate: 1/1.
[2026-08-18 19:31:10Z INFO JobServerQueue] Try to append 1 batches web console lines for record 'd3423788-116e-4713-8ec8-8fb82f8a5ec6', success rate: 1/1.
[2026-08-18 19:31:10Z INFO JobServerQueue] Tried to upload 2 file(s) to results, success rate: 2/2.
[2026-08-18 19:31:11Z INFO JobServerQueue] Got a step log file to send to results service.
[2026-08-18 19:31:11Z INFO JobServerQueue] Starting upload of step log file to results service ResultsLog, E:\devops\Complete Terraform\terraform\terraform 15AUG\terraform15Aug\actions-runner\_diag\blocks\3bb2ee00-256a-46e5-9b36-016f231efbed_0b980d33-49bf-448b-a08c-1e803e8f8993.1
[2026-08-18 19:31:12Z INFO ProcessInvokerWrapper] STDOUT/STDERR stream read finished.
[2026-08-18 19:31:12Z INFO ProcessInvokerWrapper] STDOUT/STDERR stream read finished.
[2026-08-18 19:31:12Z INFO ProcessInvokerWrapper] Finished process 17264 with exit code 0, and elapsed time 00:00:02.6724197.
[2026-08-18 19:31:12Z INFO CreateStepSummaryCommand] Step Summary file (E:\devops\Complete Terraform\terraform\terraform 15AUG\terraform15Aug\actions-runner\_work\_temp\_runner_file_commands\step_summary_7f753c1c-ae9a-4ff6-b729-d10761120f72) is empty; skipping attachment upload
[2026-08-18 19:31:12Z INFO StepsRunner] Step result: 
[2026-08-18 19:31:12Z INFO ExecutionContext] Publish step telemetry for current step {
  "action": "actions/checkout",
  "ref": "v4",
  "type": "node24",
  "stage": "Post",
  "stepId": "d3423788-116e-4713-8ec8-8fb82f8a5ec6",
  "result": "succeeded",
  "errorMessages": [
    "The process 'C:\\Program Files\\Git\\cmd\\git.exe' failed with exit code 128"
  ],
  "executionTimeInSeconds": 3,
  "startTime": "2026-08-18T19:31:09.5854712Z",
  "finishTime": "2026-08-18T19:31:12.3569926Z"
}.
[2026-08-18 19:31:12Z INFO StepsRunner] No need for updating job result with current step result 'Succeeded'.
[2026-08-18 19:31:12Z INFO StepsRunner] Current state: job state = 'Failed'
[2026-08-18 19:31:12Z INFO JobRunner] Finalize job.
[2026-08-18 19:31:12Z INFO HostContext] Well known directory 'Bin': 'E:\devops\Complete Terraform\terraform\terraform 15AUG\terraform15Aug\actions-runner\bin'
[2026-08-18 19:31:12Z INFO HostContext] Well known directory 'Root': 'E:\devops\Complete Terraform\terraform\terraform 15AUG\terraform15Aug\actions-runner'
[2026-08-18 19:31:12Z INFO HostContext] Well known directory 'Diag': 'E:\devops\Complete Terraform\terraform\terraform 15AUG\terraform15Aug\actions-runner\_diag'
[2026-08-18 19:31:12Z INFO HostContext] Well known directory 'Bin': 'E:\devops\Complete Terraform\terraform\terraform 15AUG\terraform15Aug\actions-runner\bin'
[2026-08-18 19:31:12Z INFO HostContext] Well known directory 'Root': 'E:\devops\Complete Terraform\terraform\terraform 15AUG\terraform15Aug\actions-runner'
[2026-08-18 19:31:12Z INFO HostContext] Well known directory 'Diag': 'E:\devops\Complete Terraform\terraform\terraform 15AUG\terraform15Aug\actions-runner\_diag'
[2026-08-18 19:31:12Z INFO JobExtension] Initialize Env context
[2026-08-18 19:31:12Z INFO JobExtension] Initialize steps context
[2026-08-18 19:31:12Z INFO JobExtension] Total accessible running process: 258.
[2026-08-18 19:31:12Z INFO JobExtension] Inspecting process environment variables. PID: 16544 (smartscreen)
[2026-08-18 19:31:12Z INFO JobExtension] Inspecting process environment variables. PID: 17228 (OpenWith)
[2026-08-18 19:31:12Z INFO JobExtension] Inspecting process environment variables. PID: 17328 (OpenWith)
[2026-08-18 19:31:12Z INFO JobExtension] Wait for all connectivity checks to finish.
[2026-08-18 19:31:12Z INFO JobExtension] Connectivity check result: {
  "endpointUrl": "https://broker.actions.githubusercontent.com/health",
  "endpointIPs": null,
  "startTime": "2026-08-18T19:29:48.7878808Z",
  "statusCode": "http_OK",
  "requestId": "3D08:22C9A8:352304B:3570122:6A84B2AD",
  "httpRequestDurationInMs": 739,
  "dnsResolutionDurationInMs": 0,
  "dnsError": null
}
[2026-08-18 19:31:12Z INFO JobExtension] Connectivity check result: {
  "endpointUrl": "https://token.actions.githubusercontent.com/ready",
  "endpointIPs": null,
  "startTime": "2026-08-18T19:29:48.7906492Z",
  "statusCode": "http_NoContent",
  "requestId": "D9C7:1B7F74:3D34245:47FDD01:6A84B2AD",
  "httpRequestDurationInMs": 718,
  "dnsResolutionDurationInMs": 0,
  "dnsError": null
}
[2026-08-18 19:31:12Z INFO JobExtension] Connectivity check result: {
  "endpointUrl": "https://run.actions.githubusercontent.com/health",
  "endpointIPs": null,
  "startTime": "2026-08-18T19:29:48.7916928Z",
  "statusCode": "http_OK",
  "requestId": "D9C9:1DC08A:35477F3:359488F:6A84B2AD",
  "httpRequestDurationInMs": 2217,
  "dnsResolutionDurationInMs": 0,
  "dnsError": null
}
[2026-08-18 19:31:12Z INFO ExecutionContext] Publish step telemetry for current step {
  "action": "complete_job",
  "type": "runner",
  "stage": "Post",
  "stepId": "c9cf589b-889c-401b-b16a-84c960cc4cf9",
  "result": "succeeded",
  "errorMessages": [
    "Node.js 20 is deprecated. The following actions target Node.js 20 but are being forced to run on Node.js 24: actions/checkout@v4, hashicorp/setup-terraform@v3. For more information see: https://github.blog/changelog/2025-09-19-deprecation-of-node-20-on-git"
  ],
  "executionTimeInSeconds": 1,
  "startTime": "2026-08-18T19:31:12.3792657Z",
  "finishTime": "2026-08-18T19:31:12.5102658Z"
}.
[2026-08-18 19:31:12Z INFO JobRunner] Job result after all job steps finish: Failed
[2026-08-18 19:31:12Z INFO JobRunner] Completing the job execution context.
[2026-08-18 19:31:12Z INFO JobRunner] Shutting down the job server queue.
[2026-08-18 19:31:12Z INFO JobServerQueue] Fire signal to shutdown all queues.
[2026-08-18 19:31:12Z INFO JobServerQueue] Tried to upload 1 file(s) to results, success rate: 1/1.
[2026-08-18 19:31:13Z INFO JobServerQueue] All queue process task stopped.
[2026-08-18 19:31:13Z INFO JobServerQueue] Try to append 1 batches web console lines for record 'd3423788-116e-4713-8ec8-8fb82f8a5ec6', success rate: 1/1.
[2026-08-18 19:31:13Z INFO JobServerQueue] Try to append 1 batches web console lines for record 'c9cf589b-889c-401b-b16a-84c960cc4cf9', success rate: 1/1.
[2026-08-18 19:31:13Z INFO JobServerQueue] Web console line queue drained.
[2026-08-18 19:31:13Z INFO JobServerQueue] Uploading 3 files in one shot.
[2026-08-18 19:31:13Z INFO JobServerQueue] Try to upload 3 log files or attachments, success rate: 3/3.
[2026-08-18 19:31:13Z INFO JobServerQueue] File upload queue drained.
[2026-08-18 19:31:13Z INFO JobServerQueue] Starting results-based upload queue...
[2026-08-18 19:31:13Z INFO JobServerQueue] Uploading 3 file(s) in one shot through results service.
[2026-08-18 19:31:13Z INFO JobServerQueue] Got a step log file to send to results service.
[2026-08-18 19:31:13Z INFO JobServerQueue] Starting upload of step log file to results service ResultsLog, E:\devops\Complete Terraform\terraform\terraform 15AUG\terraform15Aug\actions-runner\_diag\blocks\3bb2ee00-256a-46e5-9b36-016f231efbed_d3423788-116e-4713-8ec8-8fb82f8a5ec6.1
[2026-08-18 19:31:14Z INFO JobServerQueue] Got a step log file to send to results service.
[2026-08-18 19:31:14Z INFO JobServerQueue] Starting upload of step log file to results service ResultsLog, E:\devops\Complete Terraform\terraform\terraform 15AUG\terraform15Aug\actions-runner\_diag\blocks\3bb2ee00-256a-46e5-9b36-016f231efbed_c9cf589b-889c-401b-b16a-84c960cc4cf9.1
[2026-08-18 19:31:15Z INFO JobServerQueue] Got a job log file to send to results service.
[2026-08-18 19:31:15Z INFO JobServerQueue] Starting upload of job log file to results service ResultsLog, E:\devops\Complete Terraform\terraform\terraform 15AUG\terraform15Aug\actions-runner\_diag\blocks\3bb2ee00-256a-46e5-9b36-016f231efbed_3fa1ad7b-592f-51f7-8626-7d8df4950bfa.1
[2026-08-18 19:31:16Z INFO JobServerQueue] Tried to upload 3 file(s) to results, success rate: 3/3.
[2026-08-18 19:31:16Z INFO JobServerQueue] Results upload queue drained.
[2026-08-18 19:31:17Z INFO JobServerQueue] Timeline update queue drained.
[2026-08-18 19:31:17Z INFO JobServerQueue] Disposing job server ...
[2026-08-18 19:31:17Z INFO JobServerQueue] Disposing results server ...
[2026-08-18 19:31:17Z INFO JobServerQueue] All queue process tasks have been stopped, and all queues are drained.
[2026-08-18 19:31:17Z INFO TempDirectoryManager] Cleaning runner temp folder: E:\devops\Complete Terraform\terraform\terraform 15AUG\terraform15Aug\actions-runner\_work\_temp
[2026-08-18 19:31:17Z INFO HostContext] Well known directory 'Bin': 'E:\devops\Complete Terraform\terraform\terraform 15AUG\terraform15Aug\actions-runner\bin'
[2026-08-18 19:31:17Z INFO HostContext] Well known directory 'Root': 'E:\devops\Complete Terraform\terraform\terraform 15AUG\terraform15Aug\actions-runner'
[2026-08-18 19:31:17Z INFO HostContext] Well known directory 'Diag': 'E:\devops\Complete Terraform\terraform\terraform 15AUG\terraform15Aug\actions-runner\_diag'
[2026-08-18 19:31:17Z INFO HostContext] Well known config file 'Telemetry': 'E:\devops\Complete Terraform\terraform\terraform 15AUG\terraform15Aug\actions-runner\_diag\.telemetry'
[2026-08-18 19:31:17Z INFO JobRunner] Raising job completed against run service
[2026-08-18 19:31:18Z INFO Worker] Job completed.
