[2026-08-19 20:43:29Z INFO HostContext] No proxy settings were found based on environmental variables (http_proxy/https_proxy/HTTP_PROXY/HTTPS_PROXY)
[2026-08-19 20:43:29Z INFO HostContext] Well known directory 'Bin': 'E:\devops\Complete Terraform\terraform\terraform 15AUG\terraform15Aug\actions-runner\bin'
[2026-08-19 20:43:29Z INFO HostContext] Well known directory 'Root': 'E:\devops\Complete Terraform\terraform\terraform 15AUG\terraform15Aug\actions-runner'
[2026-08-19 20:43:29Z INFO HostContext] Well known config file 'Credentials': 'E:\devops\Complete Terraform\terraform\terraform 15AUG\terraform15Aug\actions-runner\.credentials'
[2026-08-19 20:43:29Z INFO HostContext] Well known directory 'Bin': 'E:\devops\Complete Terraform\terraform\terraform 15AUG\terraform15Aug\actions-runner\bin'
[2026-08-19 20:43:29Z INFO HostContext] Well known directory 'Root': 'E:\devops\Complete Terraform\terraform\terraform 15AUG\terraform15Aug\actions-runner'
[2026-08-19 20:43:29Z INFO HostContext] Well known config file 'Runner': 'E:\devops\Complete Terraform\terraform\terraform 15AUG\terraform15Aug\actions-runner\.runner'
[2026-08-19 20:43:29Z INFO Worker] Version: 2.336.0
[2026-08-19 20:43:29Z INFO Worker] Commit: 98aabcd429c4e8402406c56ce2d26387fed3b9ce
[2026-08-19 20:43:29Z INFO Worker] Culture: en-IN
[2026-08-19 20:43:29Z INFO Worker] UI Culture: en-US
[2026-08-19 20:43:29Z INFO Worker] Waiting to receive the job message from the channel.
[2026-08-19 20:43:29Z INFO ProcessChannel] Receiving message of length 47413, with hash '3099fb3c1a2b63083622518121d21b252411298e7da5fb47f85279634467b166'
[2026-08-19 20:43:29Z INFO Worker] Message received.
[2026-08-19 20:43:30Z INFO Worker] Job message:
 {
  "environmentVariables": [
    {
      "type": 2,
      "file": 1,
      "line": 18,
      "col": 3,
      "map": [
        {
          "key": {
            "type": 0,
            "file": 1,
            "line": 18,
            "col": 3,
            "lit": "TF_WORKING_DIR"
          },
          "value": {
            "type": 0,
            "file": 1,
            "line": 18,
            "col": 19,
            "lit": "./prod_parent_module"
          }
        },
        {
          "key": {
            "type": 0,
            "file": 1,
            "line": 19,
            "col": 3,
            "lit": "TF_IN_AUTOMATION"
          },
          "value": {
            "type": 0,
            "file": 1,
            "line": 19,
            "col": 21,
            "lit": "true"
          }
        }
      ]
    }
  ],
  "fileTable": [
    ".github/workflows/CI.yml"
  ],
  "mask": [
    {
      "type": "regex",
      "value": "***"
    },
    {
      "type": "regex",
      "value": "***"
    },
    {
      "type": "regex",
      "value": "***"
    },
    {
      "type": "regex",
      "value": "***"
    },
    {
      "type": "regex",
      "value": "***"
    },
    {
      "type": "regex",
      "value": "***"
    },
    {
      "type": "regex",
      "value": "***"
    },
    {
      "type": "regex",
      "value": "***"
    },
    {
      "type": "regex",
      "value": "***"
    },
    {
      "type": "regex",
      "value": "***"
    },
    {
      "type": "regex",
      "value": "***"
    },
    {
      "type": "regex",
      "value": "***"
    },
    {
      "type": "regex",
      "value": "***"
    },
    {
      "type": "regex",
      "value": "***"
    },
    {
      "type": "regex",
      "value": "***"
    },
    {
      "type": "regex",
      "value": "***"
    },
    {
      "type": "regex",
      "value": "***"
    },
    {
      "type": "regex",
      "value": "***"
    },
    {
      "type": "regex",
      "value": "***"
    },
    {
      "type": "regex",
      "value": "***"
    },
    {
      "type": "regex",
      "value": "***"
    },
    {
      "type": "regex",
      "value": "***"
    },
    {
      "type": "regex",
      "value": "***"
    },
    {
      "type": "regex",
      "value": "***"
    }
  ],
  "steps": [
    {
      "type": "action",
      "reference": {
        "type": "repository",
        "name": "actions/checkout",
        "ref": "v4",
        "repositoryType": "GitHub"
      },
      "displayNameToken": {
        "type": 0,
        "file": 1,
        "line": 32,
        "col": 15,
        "lit": "Checkout Code"
      },
      "contextName": "__actions_checkout",
      "condition": "success()",
      "id": "1d9ac231-3a8f-4aed-b1a6-2743d65810c8",
      "name": "__actions_checkout"
    },
    {
      "type": "action",
      "reference": {
        "type": "script"
      },
      "displayNameToken": {
        "type": 0,
        "file": 1,
        "line": 38,
        "col": 15,
        "lit": "Check Terraform Directory"
      },
      "contextName": "__run",
      "inputs": {
        "type": 2,
        "map": [
          {
            "key": "script",
            "value": {
              "type": 0,
              "file": 1,
              "line": 40,
              "col": 14,
              "lit": "echo \"Current directory:\"\npwd\n\necho \"\"\necho \"Repository files:\"\nls -la\n\necho \"\"\necho \"Terraform directory:\"\nls -la ./prod_parent_module\n"
            }
          },
          {
            "key": "shell",
            "value": {
              "type": 0,
              "file": 1,
              "line": 39,
              "col": 16,
              "lit": "bash"
            }
          }
        ]
      },
      "condition": "success()",
      "id": "677415bc-6ee8-43d0-a29a-31f8bd812181",
      "name": "__run"
    },
    {
      "type": "action",
      "reference": {
        "type": "repository",
        "name": "hashicorp/setup-terraform",
        "ref": "v3",
        "repositoryType": "GitHub"
      },
      "displayNameToken": {
        "type": 0,
        "file": 1,
        "line": 55,
        "col": 15,
        "lit": "Setup Terraform"
      },
      "contextName": "__hashicorp_setup-terraform",
      "condition": "success()",
      "id": "a6187589-30eb-408b-b864-fe349c0bb860",
      "name": "__hashicorp_setup-terraform"
    },
    {
      "type": "action",
      "reference": {
        "type": "script"
      },
      "displayNameToken": {
        "type": 0,
        "file": 1,
        "line": 61,
        "col": 15,
        "lit": "Terraform Version"
      },
      "contextName": "__run_2",
      "inputs": {
        "type": 2,
        "map": [
          {
            "key": "script",
            "value": {
              "type": 0,
              "file": 1,
              "line": 62,
              "col": 14,
              "lit": "terraform version"
            }
          }
        ]
      },
      "condition": "success()",
      "id": "75dc40d1-e5e8-4097-a5ec-7179dfee396f",
      "name": "__run_2"
    },
    {
      "type": "action",
      "reference": {
        "type": "script"
      },
      "displayNameToken": {
        "type": 0,
        "file": 1,
        "line": 67,
        "col": 15,
        "lit": "Terraform Format Check"
      },
      "contextName": "__run_3",
      "inputs": {
        "type": 2,
        "map": [
          {
            "key": "script",
            "value": {
              "type": 0,
              "file": 1,
              "line": 69,
              "col": 14,
              "lit": "terraform fmt -check -recursive"
            }
          },
          {
            "key": "workingDirectory",
            "value": {
              "type": 3,
              "file": 1,
              "line": 68,
              "col": 28,
              "expr": "env.TF_WORKING_DIR"
            }
          }
        ]
      },
      "condition": "success()",
      "id": "1a7b5003-52f5-4c9f-a5e1-7284ce2b9139",
      "name": "__run_3"
    },
    {
      "type": "action",
      "reference": {
        "type": "script"
      },
      "displayNameToken": {
        "type": 0,
        "file": 1,
        "line": 74,
        "col": 15,
        "lit": "Terraform Init"
      },
      "contextName": "__run_4",
      "inputs": {
        "type": 2,
        "map": [
          {
            "key": "script",
            "value": {
              "type": 0,
              "file": 1,
              "line": 76,
              "col": 14,
              "lit": "terraform init -input=false"
            }
          },
          {
            "key": "workingDirectory",
            "value": {
              "type": 3,
              "file": 1,
              "line": 75,
              "col": 28,
              "expr": "env.TF_WORKING_DIR"
            }
          }
        ]
      },
      "condition": "success()",
      "id": "cd7258d7-e948-4931-aa54-45cbe37f7dcd",
      "name": "__run_4"
    },
    {
      "type": "action",
      "reference": {
        "type": "script"
      },
      "displayNameToken": {
        "type": 0,
        "file": 1,
        "line": 81,
        "col": 15,
        "lit": "Terraform Validate"
      },
      "contextName": "__run_5",
      "inputs": {
        "type": 2,
        "map": [
          {
            "key": "script",
            "value": {
              "type": 0,
              "file": 1,
              "line": 83,
              "col": 14,
              "lit": "terraform validate"
            }
          },
          {
            "key": "workingDirectory",
            "value": {
              "type": 3,
              "file": 1,
              "line": 82,
              "col": 28,
              "expr": "env.TF_WORKING_DIR"
            }
          }
        ]
      },
      "condition": "success()",
      "id": "11cf19b9-d2ea-4fe5-8936-f0c24df18450",
      "name": "__run_5"
    },
    {
      "type": "action",
      "reference": {
        "type": "script"
      },
      "displayNameToken": {
        "type": 0,
        "file": 1,
        "line": 88,
        "col": 15,
        "lit": "Terraform Plan"
      },
      "contextName": "__run_6",
      "inputs": {
        "type": 2,
        "map": [
          {
            "key": "script",
            "value": {
              "type": 0,
              "file": 1,
              "line": 90,
              "col": 14,
              "lit": "terraform plan -input=false"
            }
          },
          {
            "key": "workingDirectory",
            "value": {
              "type": 3,
              "file": 1,
              "line": 89,
              "col": 28,
              "expr": "env.TF_WORKING_DIR"
            }
          }
        ]
      },
      "condition": "success()",
      "id": "efadad16-a9aa-449a-bd78-c6ed2cc1854b",
      "name": "__run_6"
    }
  ],
  "variables": {
    "Actions.EnableHttpRedirects": {
      "value": "true"
    },
    "DistributedTask.AddWarningToNode12Action": {
      "value": "true"
    },
    "DistributedTask.AddWarningToNode16Action": {
      "value": "true"
    },
    "DistributedTask.AllowRunnerContainerHooks": {
      "value": "true"
    },
    "DistributedTask.DeprecateStepOutputCommands": {
      "value": "true"
    },
    "DistributedTask.DetailUntarFailure": {
      "value": "true"
    },
    "DistributedTask.EnableCompositeActions": {
      "value": "true"
    },
    "DistributedTask.EnableJobServerQueueTelemetry": {
      "value": "true"
    },
    "DistributedTask.EnhancedAnnotations": {
      "value": "true"
    },
    "DistributedTask.ForceGithubJavascriptActionsToNode16": {
      "value": "true"
    },
    "DistributedTask.ForceGithubJavascriptActionsToNode20": {
      "value": "true"
    },
    "DistributedTask.LogTemplateErrorsAsDebugMessages": {
      "value": "true"
    },
    "DistributedTask.MarkJobAsFailedOnWorkerCrash": {
      "value": "true"
    },
    "DistributedTask.NewActionMetadata": {
      "value": "true"
    },
    "DistributedTask.UploadStepSummary": {
      "value": "true"
    },
    "DistributedTask.UseActionArchiveCache": {
      "value": "true"
    },
    "DistributedTask.UseWhich2": {
      "value": "true"
    },
    "RunService.FixEmbeddedIssues": {
      "value": "true"
    },
    "actions.runner.requirenode24": {
      "value": "false"
    },
    "actions.runner.usenode24bydefault": {
      "value": "true"
    },
    "actions.runner.warnonnode20": {
      "value": "true"
    },
    "actions_add_check_run_id_to_job_context": {
      "value": "true"
    },
    "actions_batch_action_resolution": {
      "value": "false"
    },
    "actions_container_action_runner_temp": {
      "value": "true"
    },
    "actions_display_helpful_actions_download_errors": {
      "value": "true"
    },
    "actions_runner_allow_artifacts_file": {
      "value": "false"
    },
    "actions_runner_compare_workflow_parser": {
      "value": "false"
    },
    "actions_runner_deprecate_linux_arm32": {
      "value": "true"
    },
    "actions_runner_emit_composite_markers": {
      "value": "true"
    },
    "actions_runner_kill_linux_arm32": {
      "value": "false"
    },
    "actions_runner_node20_removal_date": {
      "value": ""
    },
    "actions_runner_node24_default_date": {
      "value": "June 16th, 2026"
    },
    "actions_self_repository": {
      "value": "true"
    },
    "actions_service_container_command": {
      "value": "true"
    },
    "actions_set_orchestration_id_env_for_actions": {
      "value": "true"
    },
    "actions_skip_retry_complete_job_upon_known_errors": {
      "value": "true"
    },
    "actions_snapshot_preflight_hosted_runner_check": {
      "value": "false"
    },
    "actions_snapshot_preflight_image_gen_pool_check": {
      "value": "false"
    },
    "actions_use_bearer_token_for_codeload": {
      "value": "false"
    },
    "actions_uses_cache_service_v2": {
      "value": "true"
    },
    "github_token": {
      "value": "***",
      "isSecret": true
    },
    "system.from_run_service": {
      "value": "true"
    },
    "system.github.job": {
      "value": "terraform"
    },
    "system.github.launch_endpoint": {
      "value": "https://launch.actions.githubusercontent.com"
    },
    "system.github.results_endpoint": {
      "value": "https://results-receiver.actions.githubusercontent.com/"
    },
    "system.github.results_upload_with_sdk": {
      "value": "true"
    },
    "system.github.token": {
      "value": "***",
      "isSecret": true
    },
    "system.github.token.permissions": {
      "value": "{\"Contents\":\"read\",\"Metadata\":\"read\"}"
    },
    "system.orchestrationId": {
      "value": "7983c82a-9ef7-4101-8b16-8dc60421bf78.terraform.__default"
    },
    "system.phaseDisplayName": {
      "value": "Terraform CI"
    },
    "system.runner.lowdiskspacethreshold": {
      "value": "100"
    },
    "system.runnerEnvironment": {
      "value": "self-hosted"
    },
    "system.runnerGroupName": {
      "value": "Default"
    }
  },
  "messageType": "RunnerJobRequest",
  "plan": {
    "scopeIdentifier": "00000000-0000-0000-0000-000000000000",
    "planType": "actions",
    "version": 0,
    "planId": "7983c82a-9ef7-4101-8b16-8dc60421bf78",
    "planGroup": null,
    "artifactUri": null,
    "artifactLocation": null,
    "definition": null,
    "owner": null
  },
  "timeline": {
    "id": "7983c82a-9ef7-4101-8b16-8dc60421bf78",
    "changeId": 0,
    "location": null
  },
  "jobId": "1cbfc559-530b-5217-876a-7c7d5c3dcdf6",
  "jobDisplayName": "Terraform CI",
  "jobName": "__default",
  "requestId": 0,
  "lockedUntil": "0001-01-01T00:00:00",
  "resources": {
    "endpoints": [
      {
        "data": {
          "ServerId": "",
          "ServerName": "",
          "CacheServerUrl": "https://artifactcache.actions.githubusercontent.com/y8lifPeM7LoSev5b8ZD7afup9AuljtieLTtckKzCN1Ij2ZZudF/",
          "FeedStreamUrl": "wss://results-receiver.actions.githubusercontent.com/_ws/ingest.sock",
          "ResultsServiceUrl": "https://results-receiver.actions.githubusercontent.com/",
          "PipelinesServiceUrl": "https://pipelinesghubeus14.actions.githubusercontent.com/y8lifPeM7LoSev5b8ZD7afup9AuljtieLTtckKzCN1Ij2ZZudF/",
          "GenerateIdTokenUrl": "https://run-actions-1-azure-eastus.actions.githubusercontent.com/137//idtoken/7983c82a-9ef7-4101-8b16-8dc60421bf78/1cbfc559-530b-5217-876a-7c7d5c3dcdf6?api-version=2.0",
          "ConnectivityChecks": "[\"https://broker.actions.githubusercontent.com/health\",\"https://token.actions.githubusercontent.com/ready\",\"https://run.actions.githubusercontent.com/health\"]",
          "ConnectivityAndDNSChecks": ""
        },
        "name": "SystemVssConnection",
        "url": "https://run-actions-1-azure-eastus.actions.githubusercontent.com/137/",
        "authorization": {
          "parameters": {
            "AccessToken": "***"
          },
          "scheme": "OAuth"
        },
        "isShared": false,
        "isReady": true
      }
    ]
  },
  "contextData": {
    "github": {
      "t": 2,
      "d": [
        {
          "k": "ref",
          "v": "refs/pull/1/merge"
        },
        {
          "k": "sha",
          "v": "f74f4e83135195259ac2898d14a47ff88b9a6030"
        },
        {
          "k": "repository",
          "v": "rahulsharma582/terraform15Aug"
        },
        {
          "k": "repository_owner",
          "v": "rahulsharma582"
        },
        {
          "k": "repository_owner_id",
          "v": "287917171"
        },
        {
          "k": "repositoryUrl",
          "v": "git://github.com/rahulsharma582/terraform15Aug.git"
        },
        {
          "k": "run_id",
          "v": "32299830968"
        },
        {
          "k": "run_number",
          "v": "13"
        },
        {
          "k": "retention_days",
          "v": "90"
        },
        {
          "k": "run_attempt",
          "v": "1"
        },
        {
          "k": "artifact_cache_size_limit",
          "v": "10"
        },
        {
          "k": "repository_visibility",
          "v": "public"
        },
        {
          "k": "actor_id",
          "v": "287917171"
        },
        {
          "k": "actor",
          "v": "rahulsharma582"
        },
        {
          "k": "workflow",
          "v": "Terraform CI Pipeline"
        },
        {
          "k": "head_ref",
          "v": "features/CIpipeline"
        },
        {
          "k": "base_ref",
          "v": "main"
        },
        {
          "k": "event_name",
          "v": "pull_request"
        },
        {
          "k": "server_url",
          "v": "https://github.com"
        },
        {
          "k": "api_url",
          "v": "https://api.github.com"
        },
        {
          "k": "graphql_url",
          "v": "https://api.github.com/graphql"
        },
        {
          "k": "ref_name",
          "v": "1/merge"
        },
        {
          "k": "ref_protected",
          "v": false
        },
        {
          "k": "ref_type",
          "v": "branch"
        },
        {
          "k": "secret_source",
          "v": "Actions"
        },
        {
          "k": "event",
          "v": {
            "t": 2,
            "d": [
              {
                "k": "action",
                "v": "synchronize"
              },
              {
                "k": "after",
                "v": "8d22701620514346e23bd99d30c2d6d46b47be0d"
              },
              {
                "k": "before",
                "v": "2e0e8faea314428f89e1ff47776777708bceeaa8"
              },
              {
                "k": "number",
                "v": 1.0
              },
              {
                "k": "pull_request",
                "v": {
                  "t": 2,
                  "d": [
                    {
                      "k": "_links",
                      "v": {
                        "t": 2,
                        "d": [
                          {
                            "k": "comments",
                            "v": {
                              "t": 2,
                              "d": [
                                {
                                  "k": "href",
                                  "v": "https://api.github.com/repos/rahulsharma582/terraform15Aug/issues/1/comments"
                                }
                              ]
                            }
                          },
                          {
                            "k": "commits",
                            "v": {
                              "t": 2,
                              "d": [
                                {
                                  "k": "href",
                                  "v": "https://api.github.com/repos/rahulsharma582/terraform15Aug/pulls/1/commits"
                                }
                              ]
                            }
                          },
                          {
                            "k": "html",
                            "v": {
                              "t": 2,
                              "d": [
                                {
                                  "k": "href",
                                  "v": "https://github.com/rahulsharma582/terraform15Aug/pull/1"
                                }
                              ]
                            }
                          },
                          {
                            "k": "issue",
                            "v": {
                              "t": 2,
                              "d": [
                                {
                                  "k": "href",
                                  "v": "https://api.github.com/repos/rahulsharma582/terraform15Aug/issues/1"
                                }
                              ]
                            }
                          },
                          {
                            "k": "review_comment",
                            "v": {
                              "t": 2,
                              "d": [
                                {
                                  "k": "href",
                                  "v": "https://api.github.com/repos/rahulsharma582/terraform15Aug/pulls/comments{/number}"
                                }
                              ]
                            }
                          },
                          {
                            "k": "review_comments",
                            "v": {
                              "t": 2,
                              "d": [
                                {
                                  "k": "href",
                                  "v": "https://api.github.com/repos/rahulsharma582/terraform15Aug/pulls/1/comments"
                                }
                              ]
                            }
                          },
                          {
                            "k": "self",
                            "v": {
                              "t": 2,
                              "d": [
                                {
                                  "k": "href",
                                  "v": "https://api.github.com/repos/rahulsharma582/terraform15Aug/pulls/1"
                                }
                              ]
                            }
                          },
                          {
                            "k": "statuses",
                            "v": {
                              "t": 2,
                              "d": [
                                {
                                  "k": "href",
                                  "v": "https://api.github.com/repos/rahulsharma582/terraform15Aug/statuses/8d22701620514346e23bd99d30c2d6d46b47be0d"
                                }
                              ]
                            }
                          }
                        ]
                      }
                    },
                    {
                      "k": "active_lock_reason",
                      "v": null
                    },
                    {
                      "k": "additions",
                      "v": 202261.0
                    },
                    {
                      "k": "assignee",
                      "v": null
                    },
                    {
                      "k": "assignees",
                      "v": {
                        "t": 1
                      }
                    },
                    {
                      "k": "author_association",
                      "v": "OWNER"
                    },
                    {
                      "k": "auto_merge",
                      "v": null
                    },
                    {
                      "k": "base",
                      "v": {
                        "t": 2,
                        "d": [
                          {
                            "k": "label",
                            "v": "rahulsharma582:main"
                          },
                          {
                            "k": "ref",
                            "v": "main"
                          },
                          {
                            "k": "repo",
                            "v": {
                              "t": 2,
                              "d": [
                                {
                                  "k": "allow_auto_merge",
                                  "v": false
                                },
                                {
                                  "k": "allow_forking",
                                  "v": true
                                },
                                {
                                  "k": "allow_merge_commit",
                                  "v": true
                                },
                                {
                                  "k": "allow_rebase_merge",
                                  "v": true
                                },
                                {
                                  "k": "allow_squash_merge",
                                  "v": true
                                },
                                {
                                  "k": "allow_update_branch",
                                  "v": false
                                },
                                {
                                  "k": "archive_url",
                                  "v": "https://api.github.com/repos/rahulsharma582/terraform15Aug/{archive_format}{/ref}"
                                },
                                {
                                  "k": "archived",
                                  "v": false
                                },
                                {
                                  "k": "assignees_url",
                                  "v": "https://api.github.com/repos/rahulsharma582/terraform15Aug/assignees{/user}"
                                },
                                {
                                  "k": "blobs_url",
                                  "v": "https://api.github.com/repos/rahulsharma582/terraform15Aug/git/blobs{/sha}"
                                },
                                {
                                  "k": "branches_url",
                                  "v": "https://api.github.com/repos/rahulsharma582/terraform15Aug/branches{/branch}"
                                },
                                {
                                  "k": "clone_url",
                                  "v": "https://github.com/rahulsharma582/terraform15Aug.git"
                                },
                                {
                                  "k": "collaborators_url",
                                  "v": "https://api.github.com/repos/rahulsharma582/terraform15Aug/collaborators{/collaborator}"
                                },
                                {
                                  "k": "comments_url",
                                  "v": "https://api.github.com/repos/rahulsharma582/terraform15Aug/comments{/number}"
                                },
                                {
                                  "k": "commits_url",
                                  "v": "https://api.github.com/repos/rahulsharma582/terraform15Aug/commits{/sha}"
                                },
                                {
                                  "k": "compare_url",
                                  "v": "https://api.github.com/repos/rahulsharma582/terraform15Aug/compare/{base}...{head}"
                                },
                                {
                                  "k": "contents_url",
                                  "v": "https://api.github.com/repos/rahulsharma582/terraform15Aug/contents/{+path}"
                                },
                                {
                                  "k": "contributors_url",
                                  "v": "https://api.github.com/repos/rahulsharma582/terraform15Aug/contributors"
                                },
                                {
                                  "k": "created_at",
                                  "v": "2026-08-15T20:44:24Z"
                                },
                                {
                                  "k": "default_branch",
                                  "v": "main"
                                },
                                {
                                  "k": "delete_branch_on_merge",
                                  "v": false
                                },
                                {
                                  "k": "deployments_url",
                                  "v": "https://api.github.com/repos/rahulsharma582/terraform15Aug/deployments"
                                },
                                {
                                  "k": "description",
                                  "v": null
                                },
                                {
                                  "k": "disabled",
                                  "v": false
                                },
                                {
                                  "k": "downloads_url",
                                  "v": "https://api.github.com/repos/rahulsharma582/terraform15Aug/downloads"
                                },
                                {
                                  "k": "events_url",
                                  "v": "https://api.github.com/repos/rahulsharma582/terraform15Aug/events"
                                },
                                {
                                  "k": "fork",
                                  "v": false
                                },
                                {
                                  "k": "forks",
                                  "v": 0.0
                                },
                                {
                                  "k": "forks_count",
                                  "v": 0.0
                                },
                                {
                                  "k": "forks_url",
                                  "v": "https://api.github.com/repos/rahulsharma582/terraform15Aug/forks"
                                },
                                {
                                  "k": "full_name",
                                  "v": "rahulsharma582/terraform15Aug"
                                },
                                {
                                  "k": "git_commits_url",
                                  "v": "https://api.github.com/repos/rahulsharma582/terraform15Aug/git/commits{/sha}"
                                },
                                {
                                  "k": "git_refs_url",
                                  "v": "https://api.github.com/repos/rahulsharma582/terraform15Aug/git/refs{/sha}"
                                },
                                {
                                  "k": "git_tags_url",
                                  "v": "https://api.github.com/repos/rahulsharma582/terraform15Aug/git/tags{/sha}"
                                },
                                {
                                  "k": "git_url",
                                  "v": "git://github.com/rahulsharma582/terraform15Aug.git"
                                },
                                {
                                  "k": "has_discussions",
                                  "v": false
                                },
                                {
                                  "k": "has_downloads",
                                  "v": false
                                },
                                {
                                  "k": "has_issues",
                                  "v": true
                                },
                                {
                                  "k": "has_pages",
                                  "v": false
                                },
                                {
                                  "k": "has_projects",
                                  "v": true
                                },
                                {
                                  "k": "has_pull_requests",
                                  "v": true
                                },
                                {
                                  "k": "has_wiki",
                                  "v": true
                                },
                                {
                                  "k": "homepage",
                                  "v": null
                                },
                                {
                                  "k": "hooks_url",
                                  "v": "https://api.github.com/repos/rahulsharma582/terraform15Aug/hooks"
                                },
                                {
                                  "k": "html_url",
                                  "v": "https://github.com/rahulsharma582/terraform15Aug"
                                },
                                {
                                  "k": "id",
                                  "v": 1335397659.0
                                },
                                {
                                  "k": "is_template",
                                  "v": false
                                },
                                {
                                  "k": "issue_comment_url",
                                  "v": "https://api.github.com/repos/rahulsharma582/terraform15Aug/issues/comments{/number}"
                                },
                                {
                                  "k": "issue_events_url",
                                  "v": "https://api.github.com/repos/rahulsharma582/terraform15Aug/issues/events{/number}"
                                },
                                {
                                  "k": "issues_url",
                                  "v": "https://api.github.com/repos/rahulsharma582/terraform15Aug/issues{/number}"
                                },
                                {
                                  "k": "keys_url",
                                  "v": "https://api.github.com/repos/rahulsharma582/terraform15Aug/keys{/key_id}"
                                },
                                {
                                  "k": "labels_url",
                                  "v": "https://api.github.com/repos/rahulsharma582/terraform15Aug/labels{/name}"
                                },
                                {
                                  "k": "language",
                                  "v": "HCL"
                                },
                                {
                                  "k": "languages_url",
                                  "v": "https://api.github.com/repos/rahulsharma582/terraform15Aug/languages"
                                },
                                {
                                  "k": "license",
                                  "v": {
                                    "t": 2,
                                    "d": [
                                      {
                                        "k": "key",
                                        "v": "gpl-3.0"
                                      },
                                      {
                                        "k": "name",
                                        "v": "GNU General Public License v3.0"
                                      },
                                      {
                                        "k": "node_id",
                                        "v": "MDc6TGljZW5zZTk="
                                      },
                                      {
                                        "k": "spdx_id",
                                        "v": "GPL-3.0"
                                      },
                                      {
                                        "k": "url",
                                        "v": "https://api.github.com/licenses/gpl-3.0"
                                      }
                                    ]
                                  }
                                },
                                {
                                  "k": "merge_commit_message",
                                  "v": "PR_TITLE"
                                },
                                {
                                  "k": "merge_commit_title",
                                  "v": "MERGE_MESSAGE"
                                },
                                {
                                  "k": "merges_url",
                                  "v": "https://api.github.com/repos/rahulsharma582/terraform15Aug/merges"
                                },
                                {
                                  "k": "milestones_url",
                                  "v": "https://api.github.com/repos/rahulsharma582/terraform15Aug/milestones{/number}"
                                },
                                {
                                  "k": "mirror_url",
                                  "v": null
                                },
                                {
                                  "k": "name",
                                  "v": "terraform15Aug"
                                },
                                {
                                  "k": "node_id",
                                  "v": "R_kgDOT5iNGw"
                                },
                                {
                                  "k": "notifications_url",
                                  "v": "https://api.github.com/repos/rahulsharma582/terraform15Aug/notifications{?since,all,participating}"
                                },
                                {
                                  "k": "open_issues",
                                  "v": 1.0
                                },
                                {
                                  "k": "open_issues_count",
                                  "v": 1.0
                                },
                                {
                                  "k": "owner",
                                  "v": {
                                    "t": 2,
                                    "d": [
                                      {
                                        "k": "avatar_url",
                                        "v": "https://avatars.githubusercontent.com/u/287917171?v=4"
                                      },
                                      {
                                        "k": "events_url",
                                        "v": "https://api.github.com/users/rahulsharma582/events{/privacy}"
                                      },
                                      {
                                        "k": "followers_url",
                                        "v": "https://api.github.com/users/rahulsharma582/followers"
                                      },
                                      {
                                        "k": "following_url",
                                        "v": "https://api.github.com/users/rahulsharma582/following{/other_user}"
                                      },
                                      {
                                        "k": "gists_url",
                                        "v": "https://api.github.com/users/rahulsharma582/gists{/gist_id}"
                                      },
                                      {
                                        "k": "gravatar_id",
                                        "v": ""
                                      },
                                      {
                                        "k": "html_url",
                                        "v": "https://github.com/rahulsharma582"
                                      },
                                      {
                                        "k": "id",
                                        "v": 287917171.0
                                      },
                                      {
                                        "k": "login",
                                        "v": "rahulsharma582"
                                      },
                                      {
                                        "k": "node_id",
                                        "v": "U_kgDOESlEcw"
                                      },
                                      {
                                        "k": "organizations_url",
                                        "v": "https://api.github.com/users/rahulsharma582/orgs"
                                      },
                                      {
                                        "k": "received_events_url",
                                        "v": "https://api.github.com/users/rahulsharma582/received_events"
                                      },
                                      {
                                        "k": "repos_url",
                                        "v": "https://api.github.com/users/rahulsharma582/repos"
                                      },
                                      {
                                        "k": "site_admin",
                                        "v": false
                                      },
                                      {
                                        "k": "starred_url",
                                        "v": "https://api.github.com/users/rahulsharma582/starred{/owner}{/repo}"
                                      },
                                      {
                                        "k": "subscriptions_url",
                                        "v": "https://api.github.com/users/rahulsharma582/subscriptions"
                                      },
                                      {
                                        "k": "type",
                                        "v": "User"
                                      },
                                      {
                                        "k": "url",
                                        "v": "https://api.github.com/users/rahulsharma582"
                                      },
                                      {
                                        "k": "user_view_type",
                                        "v": "public"
                                      }
                                    ]
                                  }
                                },
                                {
                                  "k": "private",
                                  "v": false
                                },
                                {
                                  "k": "pull_request_creation_policy",
                                  "v": "all"
                                },
                                {
                                  "k": "pulls_url",
                                  "v": "https://api.github.com/repos/rahulsharma582/terraform15Aug/pulls{/number}"
                                },
                                {
                                  "k": "pushed_at",
                                  "v": "2026-08-19T20:40:35Z"
                                },
                                {
                                  "k": "releases_url",
                                  "v": "https://api.github.com/repos/rahulsharma582/terraform15Aug/releases{/id}"
                                },
                                {
                                  "k": "size",
                                  "v": 184028.0
                                },
                                {
                                  "k": "squash_merge_commit_message",
                                  "v": "COMMIT_MESSAGES"
                                },
                                {
                                  "k": "squash_merge_commit_title",
                                  "v": "COMMIT_OR_PR_TITLE"
                                },
                                {
                                  "k": "ssh_url",
                                  "v": "git@github.com:rahulsharma582/terraform15Aug.git"
                                },
                                {
                                  "k": "stargazers_count",
                                  "v": 0.0
                                },
                                {
                                  "k": "stargazers_url",
                                  "v": "https://api.github.com/repos/rahulsharma582/terraform15Aug/stargazers"
                                },
                                {
                                  "k": "statuses_url",
                                  "v": "https://api.github.com/repos/rahulsharma582/terraform15Aug/statuses/{sha}"
                                },
                                {
                                  "k": "subscribers_url",
                                  "v": "https://api.github.com/repos/rahulsharma582/terraform15Aug/subscribers"
                                },
                                {
                                  "k": "subscription_url",
                                  "v": "https://api.github.com/repos/rahulsharma582/terraform15Aug/subscription"
                                },
                                {
                                  "k": "svn_url",
                                  "v": "https://github.com/rahulsharma582/terraform15Aug"
                                },
                                {
                                  "k": "tags_url",
                                  "v": "https://api.github.com/repos/rahulsharma582/terraform15Aug/tags"
                                },
                                {
                                  "k": "teams_url",
                                  "v": "https://api.github.com/repos/rahulsharma582/terraform15Aug/teams"
                                },
                                {
                                  "k": "topics",
                                  "v": {
                                    "t": 1
                                  }
                                },
                                {
                                  "k": "trees_url",
                                  "v": "https://api.github.com/repos/rahulsharma582/terraform15Aug/git/trees{/sha}"
                                },
                                {
                                  "k": "updated_at",
                                  "v": "2026-08-16T00:15:06Z"
                                },
                                {
                                  "k": "url",
                                  "v": "https://api.github.com/repos/rahulsharma582/terraform15Aug"
                                },
                                {
                                  "k": "use_squash_pr_title_as_default",
                                  "v": false
                                },
                                {
                                  "k": "visibility",
                                  "v": "public"
                                },
                                {
                                  "k": "watchers",
                                  "v": 0.0
                                },
                                {
                                  "k": "watchers_count",
                                  "v": 0.0
                                },
                                {
                                  "k": "web_commit_signoff_required",
                                  "v": false
                                }
                              ]
                            }
                          },
                          {
                            "k": "sha",
                            "v": "6d9d659f94aeb8222dd06c8fff206b61a0a07a54"
                          },
                          {
                            "k": "user",
                            "v": {
                              "t": 2,
                              "d": [
                                {
                                  "k": "avatar_url",
                                  "v": "https://avatars.githubusercontent.com/u/287917171?v=4"
                                },
                                {
                                  "k": "events_url",
                                  "v": "https://api.github.com/users/rahulsharma582/events{/privacy}"
                                },
                                {
                                  "k": "followers_url",
                                  "v": "https://api.github.com/users/rahulsharma582/followers"
                                },
                                {
                                  "k": "following_url",
                                  "v": "https://api.github.com/users/rahulsharma582/following{/other_user}"
                                },
                                {
                                  "k": "gists_url",
                                  "v": "https://api.github.com/users/rahulsharma582/gists{/gist_id}"
                                },
                                {
                                  "k": "gravatar_id",
                                  "v": ""
                                },
                                {
                                  "k": "html_url",
                                  "v": "https://github.com/rahulsharma582"
                                },
                                {
                                  "k": "id",
                                  "v": 287917171.0
                                },
                                {
                                  "k": "login",
                                  "v": "rahulsharma582"
                                },
                                {
                                  "k": "node_id",
                                  "v": "U_kgDOESlEcw"
                                },
                                {
                                  "k": "organizations_url",
                                  "v": "https://api.github.com/users/rahulsharma582/orgs"
                                },
                                {
                                  "k": "received_events_url",
                                  "v": "https://api.github.com/users/rahulsharma582/received_events"
                                },
                                {
                                  "k": "repos_url",
                                  "v": "https://api.github.com/users/rahulsharma582/repos"
                                },
                                {
                                  "k": "site_admin",
                                  "v": false
                                },
                                {
                                  "k": "starred_url",
                                  "v": "https://api.github.com/users/rahulsharma582/starred{/owner}{/repo}"
                                },
                                {
                                  "k": "subscriptions_url",
                                  "v": "https://api.github.com/users/rahulsharma582/subscriptions"
                                },
                                {
                                  "k": "type",
                                  "v": "User"
                                },
                                {
                                  "k": "url",
                                  "v": "https://api.github.com/users/rahulsharma582"
                                },
                                {
                                  "k": "user_view_type",
                                  "v": "public"
                                }
                              ]
                            }
                          }
                        ]
                      }
                    },
                    {
                      "k": "body",
                      "v": null
                    },
                    {
                      "k": "changed_files",
                      "v": 436.0
                    },
                    {
                      "k": "closed_at",
                      "v": null
                    },
                    {
                      "k": "comments",
                      "v": 0.0
                    },
                    {
                      "k": "comments_url",
                      "v": "https://api.github.com/repos/rahulsharma582/terraform15Aug/issues/1/comments"
                    },
                    {
                      "k": "commits",
                      "v": 19.0
                    },
                    {
                      "k": "commits_url",
                      "v": "https://api.github.com/repos/rahulsharma582/terraform15Aug/pulls/1/commits"
                    },
                    {
                      "k": "created_at",
                      "v": "2026-08-16T21:55:52Z"
                    },
                    {
                      "k": "deletions",
                      "v": 107.0
                    },
                    {
                      "k": "diff_url",
                      "v": "https://github.com/rahulsharma582/terraform15Aug/pull/1.diff"
                    },
                    {
                      "k": "draft",
                      "v": false
                    },
                    {
                      "k": "head",
                      "v": {
                        "t": 2,
                        "d": [
                          {
                            "k": "label",
                            "v": "rahulsharma582:features/CIpipeline"
                          },
                          {
                            "k": "ref",
                            "v": "features/CIpipeline"
                          },
                          {
                            "k": "repo",
                            "v": {
                              "t": 2,
                              "d": [
                                {
                                  "k": "allow_auto_merge",
                                  "v": false
                                },
                                {
                                  "k": "allow_forking",
                                  "v": true
                                },
                                {
                                  "k": "allow_merge_commit",
                                  "v": true
                                },
                                {
                                  "k": "allow_rebase_merge",
                                  "v": true
                                },
                                {
                                  "k": "allow_squash_merge",
                                  "v": true
                                },
                                {
                                  "k": "allow_update_branch",
                                  "v": false
                                },
                                {
                                  "k": "archive_url",
                                  "v": "https://api.github.com/repos/rahulsharma582/terraform15Aug/{archive_format}{/ref}"
                                },
                                {
                                  "k": "archived",
                                  "v": false
                                },
                                {
                                  "k": "assignees_url",
                                  "v": "https://api.github.com/repos/rahulsharma582/terraform15Aug/assignees{/user}"
                                },
                                {
                                  "k": "blobs_url",
                                  "v": "https://api.github.com/repos/rahulsharma582/terraform15Aug/git/blobs{/sha}"
                                },
                                {
                                  "k": "branches_url",
                                  "v": "https://api.github.com/repos/rahulsharma582/terraform15Aug/branches{/branch}"
                                },
                                {
                                  "k": "clone_url",
                                  "v": "https://github.com/rahulsharma582/terraform15Aug.git"
                                },
                                {
                                  "k": "collaborators_url",
                                  "v": "https://api.github.com/repos/rahulsharma582/terraform15Aug/collaborators{/collaborator}"
                                },
                                {
                                  "k": "comments_url",
                                  "v": "https://api.github.com/repos/rahulsharma582/terraform15Aug/comments{/number}"
                                },
                                {
                                  "k": "commits_url",
                                  "v": "https://api.github.com/repos/rahulsharma582/terraform15Aug/commits{/sha}"
                                },
                                {
                                  "k": "compare_url",
                                  "v": "https://api.github.com/repos/rahulsharma582/terraform15Aug/compare/{base}...{head}"
                                },
                                {
                                  "k": "contents_url",
                                  "v": "https://api.github.com/repos/rahulsharma582/terraform15Aug/contents/{+path}"
                                },
                                {
                                  "k": "contributors_url",
                                  "v": "https://api.github.com/repos/rahulsharma582/terraform15Aug/contributors"
                                },
                                {
                                  "k": "created_at",
                                  "v": "2026-08-15T20:44:24Z"
                                },
                                {
                                  "k": "default_branch",
                                  "v": "main"
                                },
                                {
                                  "k": "delete_branch_on_merge",
                                  "v": false
                                },
                                {
                                  "k": "deployments_url",
                                  "v": "https://api.github.com/repos/rahulsharma582/terraform15Aug/deployments"
                                },
                                {
                                  "k": "description",
                                  "v": null
                                },
                                {
                                  "k": "disabled",
                                  "v": false
                                },
                                {
                                  "k": "downloads_url",
                                  "v": "https://api.github.com/repos/rahulsharma582/terraform15Aug/downloads"
                                },
                                {
                                  "k": "events_url",
                                  "v": "https://api.github.com/repos/rahulsharma582/terraform15Aug/events"
                                },
                                {
                                  "k": "fork",
                                  "v": false
                                },
                                {
                                  "k": "forks",
                                  "v": 0.0
                                },
                                {
                                  "k": "forks_count",
                                  "v": 0.0
                                },
                                {
                                  "k": "forks_url",
                                  "v": "https://api.github.com/repos/rahulsharma582/terraform15Aug/forks"
                                },
                                {
                                  "k": "full_name",
                                  "v": "rahulsharma582/terraform15Aug"
                                },
                                {
                                  "k": "git_commits_url",
                                  "v": "https://api.github.com/repos/rahulsharma582/terraform15Aug/git/commits{/sha}"
                                },
                                {
                                  "k": "git_refs_url",
                                  "v": "https://api.github.com/repos/rahulsharma582/terraform15Aug/git/refs{/sha}"
                                },
                                {
                                  "k": "git_tags_url",
                                  "v": "https://api.github.com/repos/rahulsharma582/terraform15Aug/git/tags{/sha}"
                                },
                                {
                                  "k": "git_url",
                                  "v": "git://github.com/rahulsharma582/terraform15Aug.git"
                                },
                                {
                                  "k": "has_discussions",
                                  "v": false
                                },
                                {
                                  "k": "has_downloads",
                                  "v": false
                                },
                                {
                                  "k": "has_issues",
                                  "v": true
                                },
                                {
                                  "k": "has_pages",
                                  "v": false
                                },
                                {
                                  "k": "has_projects",
                                  "v": true
                                },
                                {
                                  "k": "has_pull_requests",
                                  "v": true
                                },
                                {
                                  "k": "has_wiki",
                                  "v": true
                                },
                                {
                                  "k": "homepage",
                                  "v": null
                                },
                                {
                                  "k": "hooks_url",
                                  "v": "https://api.github.com/repos/rahulsharma582/terraform15Aug/hooks"
                                },
                                {
                                  "k": "html_url",
                                  "v": "https://github.com/rahulsharma582/terraform15Aug"
                                },
                                {
                                  "k": "id",
                                  "v": 1335397659.0
                                },
                                {
                                  "k": "is_template",
                                  "v": false
                                },
                                {
                                  "k": "issue_comment_url",
                                  "v": "https://api.github.com/repos/rahulsharma582/terraform15Aug/issues/comments{/number}"
                                },
                                {
                                  "k": "issue_events_url",
                                  "v": "https://api.github.com/repos/rahulsharma582/terraform15Aug/issues/events{/number}"
                                },
                                {
                                  "k": "issues_url",
                                  "v": "https://api.github.com/repos/rahulsharma582/terraform15Aug/issues{/number}"
                                },
                                {
                                  "k": "keys_url",
                                  "v": "https://api.github.com/repos/rahulsharma582/terraform15Aug/keys{/key_id}"
                                },
                                {
                                  "k": "labels_url",
                                  "v": "https://api.github.com/repos/rahulsharma582/terraform15Aug/labels{/name}"
                                },
                                {
                                  "k": "language",
                                  "v": "HCL"
                                },
                                {
                                  "k": "languages_url",
                                  "v": "https://api.github.com/repos/rahulsharma582/terraform15Aug/languages"
                                },
                                {
                                  "k": "license",
                                  "v": {
                                    "t": 2,
                                    "d": [
                                      {
                                        "k": "key",
                                        "v": "gpl-3.0"
                                      },
                                      {
                                        "k": "name",
                                        "v": "GNU General Public License v3.0"
                                      },
                                      {
                                        "k": "node_id",
                                        "v": "MDc6TGljZW5zZTk="
                                      },
                                      {
                                        "k": "spdx_id",
                                        "v": "GPL-3.0"
                                      },
                                      {
                                        "k": "url",
                                        "v": "https://api.github.com/licenses/gpl-3.0"
                                      }
                                    ]
                                  }
                                },
                                {
                                  "k": "merge_commit_message",
                                  "v": "PR_TITLE"
                                },
                                {
                                  "k": "merge_commit_title",
                                  "v": "MERGE_MESSAGE"
                                },
                                {
                                  "k": "merges_url",
                                  "v": "https://api.github.com/repos/rahulsharma582/terraform15Aug/merges"
                                },
                                {
                                  "k": "milestones_url",
                                  "v": "https://api.github.com/repos/rahulsharma582/terraform15Aug/milestones{/number}"
                                },
                                {
                                  "k": "mirror_url",
                                  "v": null
                                },
                                {
                                  "k": "name",
                                  "v": "terraform15Aug"
                                },
                                {
                                  "k": "node_id",
                                  "v": "R_kgDOT5iNGw"
                                },
                                {
                                  "k": "notifications_url",
                                  "v": "https://api.github.com/repos/rahulsharma582/terraform15Aug/notifications{?since,all,participating}"
                                },
                                {
                                  "k": "open_issues",
                                  "v": 1.0
                                },
                                {
                                  "k": "open_issues_count",
                                  "v": 1.0
                                },
                                {
                                  "k": "owner",
                                  "v": {
                                    "t": 2,
                                    "d": [
                                      {
                                        "k": "avatar_url",
                                        "v": "https://avatars.githubusercontent.com/u/287917171?v=4"
                                      },
                                      {
                                        "k": "events_url",
                                        "v": "https://api.github.com/users/rahulsharma582/events{/privacy}"
                                      },
                                      {
                                        "k": "followers_url",
                                        "v": "https://api.github.com/users/rahulsharma582/followers"
                                      },
                                      {
                                        "k": "following_url",
                                        "v": "https://api.github.com/users/rahulsharma582/following{/other_user}"
                                      },
                                      {
                                        "k": "gists_url",
                                        "v": "https://api.github.com/users/rahulsharma582/gists{/gist_id}"
                                      },
                                      {
                                        "k": "gravatar_id",
                                        "v": ""
                                      },
                                      {
                                        "k": "html_url",
                                        "v": "https://github.com/rahulsharma582"
                                      },
                                      {
                                        "k": "id",
                                        "v": 287917171.0
                                      },
                                      {
                                        "k": "login",
                                        "v": "rahulsharma582"
                                      },
                                      {
                                        "k": "node_id",
                                        "v": "U_kgDOESlEcw"
                                      },
                                      {
                                        "k": "organizations_url",
                                        "v": "https://api.github.com/users/rahulsharma582/orgs"
                                      },
                                      {
                                        "k": "received_events_url",
                                        "v": "https://api.github.com/users/rahulsharma582/received_events"
                                      },
                                      {
                                        "k": "repos_url",
                                        "v": "https://api.github.com/users/rahulsharma582/repos"
                                      },
                                      {
                                        "k": "site_admin",
                                        "v": false
                                      },
                                      {
                                        "k": "starred_url",
                                        "v": "https://api.github.com/users/rahulsharma582/starred{/owner}{/repo}"
                                      },
                                      {
                                        "k": "subscriptions_url",
                                        "v": "https://api.github.com/users/rahulsharma582/subscriptions"
                                      },
                                      {
                                        "k": "type",
                                        "v": "User"
                                      },
                                      {
                                        "k": "url",
                                        "v": "https://api.github.com/users/rahulsharma582"
                                      },
                                      {
                                        "k": "user_view_type",
                                        "v": "public"
                                      }
                                    ]
                                  }
                                },
                                {
                                  "k": "private",
                                  "v": false
                                },
                                {
                                  "k": "pull_request_creation_policy",
                                  "v": "all"
                                },
                                {
                                  "k": "pulls_url",
                                  "v": "https://api.github.com/repos/rahulsharma582/terraform15Aug/pulls{/number}"
                                },
                                {
                                  "k": "pushed_at",
                                  "v": "2026-08-19T20:40:35Z"
                                },
                                {
                                  "k": "releases_url",
                                  "v": "https://api.github.com/repos/rahulsharma582/terraform15Aug/releases{/id}"
                                },
                                {
                                  "k": "size",
                                  "v": 184028.0
                                },
                                {
                                  "k": "squash_merge_commit_message",
                                  "v": "COMMIT_MESSAGES"
                                },
                                {
                                  "k": "squash_merge_commit_title",
                                  "v": "COMMIT_OR_PR_TITLE"
                                },
                                {
                                  "k": "ssh_url",
                                  "v": "git@github.com:rahulsharma582/terraform15Aug.git"
                                },
                                {
                                  "k": "stargazers_count",
                                  "v": 0.0
                                },
                                {
                                  "k": "stargazers_url",
                                  "v": "https://api.github.com/repos/rahulsharma582/terraform15Aug/stargazers"
                                },
                                {
                                  "k": "statuses_url",
                                  "v": "https://api.github.com/repos/rahulsharma582/terraform15Aug/statuses/{sha}"
                                },
                                {
                                  "k": "subscribers_url",
                                  "v": "https://api.github.com/repos/rahulsharma582/terraform15Aug/subscribers"
                                },
                                {
                                  "k": "subscription_url",
                                  "v": "https://api.github.com/repos/rahulsharma582/terraform15Aug/subscription"
                                },
                                {
                                  "k": "svn_url",
                                  "v": "https://github.com/rahulsharma582/terraform15Aug"
                                },
                                {
                                  "k": "tags_url",
                                  "v": "https://api.github.com/repos/rahulsharma582/terraform15Aug/tags"
                                },
                                {
                                  "k": "teams_url",
                                  "v": "https://api.github.com/repos/rahulsharma582/terraform15Aug/teams"
                                },
                                {
                                  "k": "topics",
                                  "v": {
                                    "t": 1
                                  }
                                },
                                {
                                  "k": "trees_url",
                                  "v": "https://api.github.com/repos/rahulsharma582/terraform15Aug/git/trees{/sha}"
                                },
                                {
                                  "k": "updated_at",
                                  "v": "2026-08-16T00:15:06Z"
                                },
                                {
                                  "k": "url",
                                  "v": "https://api.github.com/repos/rahulsharma582/terraform15Aug"
                                },
                                {
                                  "k": "use_squash_pr_title_as_default",
                                  "v": false
                                },
                                {
                                  "k": "visibility",
                                  "v": "public"
                                },
                                {
                                  "k": "watchers",
                                  "v": 0.0
                                },
                                {
                                  "k": "watchers_count",
                                  "v": 0.0
                                },
                                {
                                  "k": "web_commit_signoff_required",
                                  "v": false
                                }
                              ]
                            }
                          },
                          {
                            "k": "sha",
                            "v": "8d22701620514346e23bd99d30c2d6d46b47be0d"
                          },
                          {
                            "k": "user",
                            "v": {
                              "t": 2,
                              "d": [
                                {
                                  "k": "avatar_url",
                                  "v": "https://avatars.githubusercontent.com/u/287917171?v=4"
                                },
                                {
                                  "k": "events_url",
                                  "v": "https://api.github.com/users/rahulsharma582/events{/privacy}"
                                },
                                {
                                  "k": "followers_url",
                                  "v": "https://api.github.com/users/rahulsharma582/followers"
                                },
                                {
                                  "k": "following_url",
                                  "v": "https://api.github.com/users/rahulsharma582/following{/other_user}"
                                },
                                {
                                  "k": "gists_url",
                                  "v": "https://api.github.com/users/rahulsharma582/gists{/gist_id}"
                                },
                                {
                                  "k": "gravatar_id",
                                  "v": ""
                                },
                                {
                                  "k": "html_url",
                                  "v": "https://github.com/rahulsharma582"
                                },
                                {
                                  "k": "id",
                                  "v": 287917171.0
                                },
                                {
                                  "k": "login",
                                  "v": "rahulsharma582"
                                },
                                {
                                  "k": "node_id",
                                  "v": "U_kgDOESlEcw"
                                },
                                {
                                  "k": "organizations_url",
                                  "v": "https://api.github.com/users/rahulsharma582/orgs"
                                },
                                {
                                  "k": "received_events_url",
                                  "v": "https://api.github.com/users/rahulsharma582/received_events"
                                },
                                {
                                  "k": "repos_url",
                                  "v": "https://api.github.com/users/rahulsharma582/repos"
                                },
                                {
                                  "k": "site_admin",
                                  "v": false
                                },
                                {
                                  "k": "starred_url",
                                  "v": "https://api.github.com/users/rahulsharma582/starred{/owner}{/repo}"
                                },
                                {
                                  "k": "subscriptions_url",
                                  "v": "https://api.github.com/users/rahulsharma582/subscriptions"
                                },
                                {
                                  "k": "type",
                                  "v": "User"
                                },
                                {
                                  "k": "url",
                                  "v": "https://api.github.com/users/rahulsharma582"
                                },
                                {
                                  "k": "user_view_type",
                                  "v": "public"
                                }
                              ]
                            }
                          }
                        ]
                      }
                    },
                    {
                      "k": "html_url",
                      "v": "https://github.com/rahulsharma582/terraform15Aug/pull/1"
                    },
                    {
                      "k": "id",
                      "v": 4291841609.0
                    },
                    {
                      "k": "issue_url",
                      "v": "https://api.github.com/repos/rahulsharma582/terraform15Aug/issues/1"
                    },
                    {
                      "k": "labels",
                      "v": {
                        "t": 1
                      }
                    },
                    {
                      "k": "locked",
                      "v": false
                    },
                    {
                      "k": "maintainer_can_modify",
                      "v": false
                    },
                    {
                      "k": "merge_commit_sha",
                      "v": "780d8cf721de5ee6364f757f8755329140ab1533"
                    },
                    {
                      "k": "mergeable",
                      "v": null
                    },
                    {
                      "k": "mergeable_state",
                      "v": "unknown"
                    },
                    {
                      "k": "merged",
                      "v": false
                    },
                    {
                      "k": "merged_at",
                      "v": null
                    },
                    {
                      "k": "merged_by",
                      "v": null
                    },
                    {
                      "k": "milestone",
                      "v": null
                    },
                    {
                      "k": "node_id",
                      "v": "PR_kwDOT5iNG87_0E5J"
                    },
                    {
                      "k": "number",
                      "v": 1.0
                    },
                    {
                      "k": "patch_url",
                      "v": "https://github.com/rahulsharma582/terraform15Aug/pull/1.patch"
                    },
                    {
                      "k": "rebaseable",
                      "v": null
                    },
                    {
                      "k": "requested_reviewers",
                      "v": {
                        "t": 1
                      }
                    },
                    {
                      "k": "requested_teams",
                      "v": {
                        "t": 1
                      }
                    },
                    {
                      "k": "review_comment_url",
                      "v": "https://api.github.com/repos/rahulsharma582/terraform15Aug/pulls/comments{/number}"
                    },
                    {
                      "k": "review_comments",
                      "v": 0.0
                    },
                    {
                      "k": "review_comments_url",
                      "v": "https://api.github.com/repos/rahulsharma582/terraform15Aug/pulls/1/comments"
                    },
                    {
                      "k": "state",
                      "v": "open"
                    },
                    {
                      "k": "statuses_url",
                      "v": "https://api.github.com/repos/rahulsharma582/terraform15Aug/statuses/8d22701620514346e23bd99d30c2d6d46b47be0d"
                    },
                    {
                      "k": "title",
                      "v": "add cred"
                    },
                    {
                      "k": "updated_at",
                      "v": "2026-08-19T20:40:37Z"
                    },
                    {
                      "k": "url",
                      "v": "https://api.github.com/repos/rahulsharma582/terraform15Aug/pulls/1"
                    },
                    {
                      "k": "user",
                      "v": {
                        "t": 2,
                        "d": [
                          {
                            "k": "avatar_url",
                            "v": "https://avatars.githubusercontent.com/u/287917171?v=4"
                          },
                          {
                            "k": "events_url",
                            "v": "https://api.github.com/users/rahulsharma582/events{/privacy}"
                          },
                          {
                            "k": "followers_url",
                            "v": "https://api.github.com/users/rahulsharma582/followers"
                          },
                          {
                            "k": "following_url",
                            "v": "https://api.github.com/users/rahulsharma582/following{/other_user}"
                          },
                          {
                            "k": "gists_url",
                            "v": "https://api.github.com/users/rahulsharma582/gists{/gist_id}"
                          },
                          {
                            "k": "gravatar_id",
                            "v": ""
                          },
                          {
                            "k": "html_url",
                            "v": "https://github.com/rahulsharma582"
                          },
                          {
                            "k": "id",
                            "v": 287917171.0
                          },
                          {
                            "k": "login",
                            "v": "rahulsharma582"
                          },
                          {
                            "k": "node_id",
                            "v": "U_kgDOESlEcw"
                          },
                          {
                            "k": "organizations_url",
                            "v": "https://api.github.com/users/rahulsharma582/orgs"
                          },
                          {
                            "k": "received_events_url",
                            "v": "https://api.github.com/users/rahulsharma582/received_events"
                          },
                          {
                            "k": "repos_url",
                            "v": "https://api.github.com/users/rahulsharma582/repos"
                          },
                          {
                            "k": "site_admin",
                            "v": false
                          },
                          {
                            "k": "starred_url",
                            "v": "https://api.github.com/users/rahulsharma582/starred{/owner}{/repo}"
                          },
                          {
                            "k": "subscriptions_url",
                            "v": "https://api.github.com/users/rahulsharma582/subscriptions"
                          },
                          {
                            "k": "type",
                            "v": "User"
                          },
                          {
                            "k": "url",
                            "v": "https://api.github.com/users/rahulsharma582"
                          },
                          {
                            "k": "user_view_type",
                            "v": "public"
                          }
                        ]
                      }
                    }
                  ]
                }
              },
              {
                "k": "repository",
                "v": {
                  "t": 2,
                  "d": [
                    {
                      "k": "allow_forking",
                      "v": true
                    },
                    {
                      "k": "archive_url",
                      "v": "https://api.github.com/repos/rahulsharma582/terraform15Aug/{archive_format}{/ref}"
                    },
                    {
                      "k": "archived",
                      "v": false
                    },
                    {
                      "k": "assignees_url",
                      "v": "https://api.github.com/repos/rahulsharma582/terraform15Aug/assignees{/user}"
                    },
                    {
                      "k": "blobs_url",
                      "v": "https://api.github.com/repos/rahulsharma582/terraform15Aug/git/blobs{/sha}"
                    },
                    {
                      "k": "branches_url",
                      "v": "https://api.github.com/repos/rahulsharma582/terraform15Aug/branches{/branch}"
                    },
                    {
                      "k": "clone_url",
                      "v": "https://github.com/rahulsharma582/terraform15Aug.git"
                    },
                    {
                      "k": "collaborators_url",
                      "v": "https://api.github.com/repos/rahulsharma582/terraform15Aug/collaborators{/collaborator}"
                    },
                    {
                      "k": "comments_url",
                      "v": "https://api.github.com/repos/rahulsharma582/terraform15Aug/comments{/number}"
                    },
                    {
                      "k": "commits_url",
                      "v": "https://api.github.com/repos/rahulsharma582/terraform15Aug/commits{/sha}"
                    },
                    {
                      "k": "compare_url",
                      "v": "https://api.github.com/repos/rahulsharma582/terraform15Aug/compare/{base}...{head}"
                    },
                    {
                      "k": "contents_url",
                      "v": "https://api.github.com/repos/rahulsharma582/terraform15Aug/contents/{+path}"
                    },
                    {
                      "k": "contributors_url",
                      "v": "https://api.github.com/repos/rahulsharma582/terraform15Aug/contributors"
                    },
                    {
                      "k": "created_at",
                      "v": "2026-08-15T20:44:24Z"
                    },
                    {
                      "k": "default_branch",
                      "v": "main"
                    },
                    {
                      "k": "deployments_url",
                      "v": "https://api.github.com/repos/rahulsharma582/terraform15Aug/deployments"
                    },
                    {
                      "k": "description",
                      "v": null
                    },
                    {
                      "k": "disabled",
                      "v": false
                    },
                    {
                      "k": "downloads_url",
                      "v": "https://api.github.com/repos/rahulsharma582/terraform15Aug/downloads"
                    },
                    {
                      "k": "events_url",
                      "v": "https://api.github.com/repos/rahulsharma582/terraform15Aug/events"
                    },
                    {
                      "k": "fork",
                      "v": false
                    },
                    {
                      "k": "forks",
                      "v": 0.0
                    },
                    {
                      "k": "forks_count",
                      "v": 0.0
                    },
                    {
                      "k": "forks_url",
                      "v": "https://api.github.com/repos/rahulsharma582/terraform15Aug/forks"
                    },
                    {
                      "k": "full_name",
                      "v": "rahulsharma582/terraform15Aug"
                    },
                    {
                      "k": "git_commits_url",
                      "v": "https://api.github.com/repos/rahulsharma582/terraform15Aug/git/commits{/sha}"
                    },
                    {
                      "k": "git_refs_url",
                      "v": "https://api.github.com/repos/rahulsharma582/terraform15Aug/git/refs{/sha}"
                    },
                    {
                      "k": "git_tags_url",
                      "v": "https://api.github.com/repos/rahulsharma582/terraform15Aug/git/tags{/sha}"
                    },
                    {
                      "k": "git_url",
                      "v": "git://github.com/rahulsharma582/terraform15Aug.git"
                    },
                    {
                      "k": "has_discussions",
                      "v": false
                    },
                    {
                      "k": "has_downloads",
                      "v": false
                    },
                    {
                      "k": "has_issues",
                      "v": true
                    },
                    {
                      "k": "has_pages",
                      "v": false
                    },
                    {
                      "k": "has_projects",
                      "v": true
                    },
                    {
                      "k": "has_pull_requests",
                      "v": true
                    },
                    {
                      "k": "has_wiki",
                      "v": true
                    },
                    {
                      "k": "homepage",
                      "v": null
                    },
                    {
                      "k": "hooks_url",
                      "v": "https://api.github.com/repos/rahulsharma582/terraform15Aug/hooks"
                    },
                    {
                      "k": "html_url",
                      "v": "https://github.com/rahulsharma582/terraform15Aug"
                    },
                    {
                      "k": "id",
                      "v": 1335397659.0
                    },
                    {
                      "k": "is_template",
                      "v": false
                    },
                    {
                      "k": "issue_comment_url",
                      "v": "https://api.github.com/repos/rahulsharma582/terraform15Aug/issues/comments{/number}"
                    },
                    {
                      "k": "issue_events_url",
                      "v": "https://api.github.com/repos/rahulsharma582/terraform15Aug/issues/events{/number}"
                    },
                    {
                      "k": "issues_url",
                      "v": "https://api.github.com/repos/rahulsharma582/terraform15Aug/issues{/number}"
                    },
                    {
                      "k": "keys_url",
                      "v": "https://api.github.com/repos/rahulsharma582/terraform15Aug/keys{/key_id}"
                    },
                    {
                      "k": "labels_url",
                      "v": "https://api.github.com/repos/rahulsharma582/terraform15Aug/labels{/name}"
                    },
                    {
                      "k": "language",
                      "v": "HCL"
                    },
                    {
                      "k": "languages_url",
                      "v": "https://api.github.com/repos/rahulsharma582/terraform15Aug/languages"
                    },
                    {
                      "k": "license",
                      "v": {
                        "t": 2,
                        "d": [
                          {
                            "k": "key",
                            "v": "gpl-3.0"
                          },
                          {
                            "k": "name",
                            "v": "GNU General Public License v3.0"
                          },
                          {
                            "k": "node_id",
                            "v": "MDc6TGljZW5zZTk="
                          },
                          {
                            "k": "spdx_id",
                            "v": "GPL-3.0"
                          },
                          {
                            "k": "url",
                            "v": "https://api.github.com/licenses/gpl-3.0"
                          }
                        ]
                      }
                    },
                    {
                      "k": "merges_url",
                      "v": "https://api.github.com/repos/rahulsharma582/terraform15Aug/merges"
                    },
                    {
                      "k": "milestones_url",
                      "v": "https://api.github.com/repos/rahulsharma582/terraform15Aug/milestones{/number}"
                    },
                    {
                      "k": "mirror_url",
                      "v": null
                    },
                    {
                      "k": "name",
                      "v": "terraform15Aug"
                    },
                    {
                      "k": "node_id",
                      "v": "R_kgDOT5iNGw"
                    },
                    {
                      "k": "notifications_url",
                      "v": "https://api.github.com/repos/rahulsharma582/terraform15Aug/notifications{?since,all,participating}"
                    },
                    {
                      "k": "open_issues",
                      "v": 1.0
                    },
                    {
                      "k": "open_issues_count",
                      "v": 1.0
                    },
                    {
                      "k": "owner",
                      "v": {
                        "t": 2,
                        "d": [
                          {
                            "k": "avatar_url",
                            "v": "https://avatars.githubusercontent.com/u/287917171?v=4"
                          },
                          {
                            "k": "events_url",
                            "v": "https://api.github.com/users/rahulsharma582/events{/privacy}"
                          },
                          {
                            "k": "followers_url",
                            "v": "https://api.github.com/users/rahulsharma582/followers"
                          },
                          {
                            "k": "following_url",
                            "v": "https://api.github.com/users/rahulsharma582/following{/other_user}"
                          },
                          {
                            "k": "gists_url",
                            "v": "https://api.github.com/users/rahulsharma582/gists{/gist_id}"
                          },
                          {
                            "k": "gravatar_id",
                            "v": ""
                          },
                          {
                            "k": "html_url",
                            "v": "https://github.com/rahulsharma582"
                          },
                          {
                            "k": "id",
                            "v": 287917171.0
                          },
                          {
                            "k": "login",
                            "v": "rahulsharma582"
                          },
                          {
                            "k": "node_id",
                            "v": "U_kgDOESlEcw"
                          },
                          {
                            "k": "organizations_url",
                            "v": "https://api.github.com/users/rahulsharma582/orgs"
                          },
                          {
                            "k": "received_events_url",
                            "v": "https://api.github.com/users/rahulsharma582/received_events"
                          },
                          {
                            "k": "repos_url",
                            "v": "https://api.github.com/users/rahulsharma582/repos"
                          },
                          {
                            "k": "site_admin",
                            "v": false
                          },
                          {
                            "k": "starred_url",
                            "v": "https://api.github.com/users/rahulsharma582/starred{/owner}{/repo}"
                          },
                          {
                            "k": "subscriptions_url",
                            "v": "https://api.github.com/users/rahulsharma582/subscriptions"
                          },
                          {
                            "k": "type",
                            "v": "User"
                          },
                          {
                            "k": "url",
                            "v": "https://api.github.com/users/rahulsharma582"
                          },
                          {
                            "k": "user_view_type",
                            "v": "public"
                          }
                        ]
                      }
                    },
                    {
                      "k": "private",
                      "v": false
                    },
                    {
                      "k": "pull_request_creation_policy",
                      "v": "all"
                    },
                    {
                      "k": "pulls_url",
                      "v": "https://api.github.com/repos/rahulsharma582/terraform15Aug/pulls{/number}"
                    },
                    {
                      "k": "pushed_at",
                      "v": "2026-08-19T20:40:35Z"
                    },
                    {
                      "k": "releases_url",
                      "v": "https://api.github.com/repos/rahulsharma582/terraform15Aug/releases{/id}"
                    },
                    {
                      "k": "size",
                      "v": 184028.0
                    },
                    {
                      "k": "ssh_url",
                      "v": "git@github.com:rahulsharma582/terraform15Aug.git"
                    },
                    {
                      "k": "stargazers_count",
                      "v": 0.0
                    },
                    {
                      "k": "stargazers_url",
                      "v": "https://api.github.com/repos/rahulsharma582/terraform15Aug/stargazers"
                    },
                    {
                      "k": "statuses_url",
                      "v": "https://api.github.com/repos/rahulsharma582/terraform15Aug/statuses/{sha}"
                    },
                    {
                      "k": "subscribers_url",
                      "v": "https://api.github.com/repos/rahulsharma582/terraform15Aug/subscribers"
                    },
                    {
                      "k": "subscription_url",
                      "v": "https://api.github.com/repos/rahulsharma582/terraform15Aug/subscription"
                    },
                    {
                      "k": "svn_url",
                      "v": "https://github.com/rahulsharma582/terraform15Aug"
                    },
                    {
                      "k": "tags_url",
                      "v": "https://api.github.com/repos/rahulsharma582/terraform15Aug/tags"
                    },
                    {
                      "k": "teams_url",
                      "v": "https://api.github.com/repos/rahulsharma582/terraform15Aug/teams"
                    },
                    {
                      "k": "topics",
                      "v": {
                        "t": 1
                      }
                    },
                    {
                      "k": "trees_url",
                      "v": "https://api.github.com/repos/rahulsharma582/terraform15Aug/git/trees{/sha}"
                    },
                    {
                      "k": "updated_at",
                      "v": "2026-08-16T00:15:06Z"
                    },
                    {
                      "k": "url",
                      "v": "https://api.github.com/repos/rahulsharma582/terraform15Aug"
                    },
                    {
                      "k": "visibility",
                      "v": "public"
                    },
                    {
                      "k": "watchers",
                      "v": 0.0
                    },
                    {
                      "k": "watchers_count",
                      "v": 0.0
                    },
                    {
                      "k": "web_commit_signoff_required",
                      "v": false
                    }
                  ]
                }
              },
              {
                "k": "sender",
                "v": {
                  "t": 2,
                  "d": [
                    {
                      "k": "avatar_url",
                      "v": "https://avatars.githubusercontent.com/u/287917171?v=4"
                    },
                    {
                      "k": "events_url",
                      "v": "https://api.github.com/users/rahulsharma582/events{/privacy}"
                    },
                    {
                      "k": "followers_url",
                      "v": "https://api.github.com/users/rahulsharma582/followers"
                    },
                    {
                      "k": "following_url",
                      "v": "https://api.github.com/users/rahulsharma582/following{/other_user}"
                    },
                    {
                      "k": "gists_url",
                      "v": "https://api.github.com/users/rahulsharma582/gists{/gist_id}"
                    },
                    {
                      "k": "gravatar_id",
                      "v": ""
                    },
                    {
                      "k": "html_url",
                      "v": "https://github.com/rahulsharma582"
                    },
                    {
                      "k": "id",
                      "v": 287917171.0
                    },
                    {
                      "k": "login",
                      "v": "rahulsharma582"
                    },
                    {
                      "k": "node_id",
                      "v": "U_kgDOESlEcw"
                    },
                    {
                      "k": "organizations_url",
                      "v": "https://api.github.com/users/rahulsharma582/orgs"
                    },
                    {
                      "k": "received_events_url",
                      "v": "https://api.github.com/users/rahulsharma582/received_events"
                    },
                    {
                      "k": "repos_url",
                      "v": "https://api.github.com/users/rahulsharma582/repos"
                    },
                    {
                      "k": "site_admin",
                      "v": false
                    },
                    {
                      "k": "starred_url",
                      "v": "https://api.github.com/users/rahulsharma582/starred{/owner}{/repo}"
                    },
                    {
                      "k": "subscriptions_url",
                      "v": "https://api.github.com/users/rahulsharma582/subscriptions"
                    },
                    {
                      "k": "type",
                      "v": "User"
                    },
                    {
                      "k": "url",
                      "v": "https://api.github.com/users/rahulsharma582"
                    },
                    {
                      "k": "user_view_type",
                      "v": "public"
                    }
                  ]
                }
              }
            ]
          }
        },
        {
          "k": "workflow_ref",
          "v": "rahulsharma582/terraform15Aug/.github/workflows/CI.yml@refs/pull/1/merge"
        },
        {
          "k": "workflow_sha",
          "v": "f74f4e83135195259ac2898d14a47ff88b9a6030"
        },
        {
          "k": "repository_id",
          "v": "1335397659"
        },
        {
          "k": "triggering_actor",
          "v": "rahulsharma582"
        }
      ]
    },
    "inputs": {
      "t": 2
    },
    "job": {
      "t": 2,
      "d": [
        {
          "k": "check_run_id",
          "v": 96219595440.0
        },
        {
          "k": "workflow_ref",
          "v": "rahulsharma582/terraform15Aug/.github/workflows/CI.yml@refs/pull/1/merge"
        },
        {
          "k": "workflow_sha",
          "v": "f74f4e83135195259ac2898d14a47ff88b9a6030"
        },
        {
          "k": "workflow_repository",
          "v": "rahulsharma582/terraform15Aug"
        },
        {
          "k": "workflow_file_path",
          "v": ".github/workflows/CI.yml"
        }
      ]
    },
    "matrix": null,
    "needs": {
      "t": 2
    },
    "strategy": {
      "t": 2,
      "d": [
        {
          "k": "fail-fast",
          "v": true
        },
        {
          "k": "job-index",
          "v": 0.0
        },
        {
          "k": "job-total",
          "v": 1.0
        },
        {
          "k": "max-parallel",
          "v": 1.0
        }
      ]
    },
    "vars": {
      "t": 2
    }
  },
  "billingOwnerId": "U_kgDOESlEcw"
}
[2026-08-19 20:43:30Z INFO JobRunner] Job ID 1cbfc559-530b-5217-876a-7c7d5c3dcdf6
[2026-08-19 20:43:30Z INFO ConfigurationStore] currentAssemblyLocation: E:\devops\Complete Terraform\terraform\terraform 15AUG\terraform15Aug\actions-runner\bin\Runner.Worker.dll
[2026-08-19 20:43:30Z INFO HostContext] Well known directory 'Bin': 'E:\devops\Complete Terraform\terraform\terraform 15AUG\terraform15Aug\actions-runner\bin'
[2026-08-19 20:43:30Z INFO ConfigurationStore] binPath: E:\devops\Complete Terraform\terraform\terraform 15AUG\terraform15Aug\actions-runner\bin
[2026-08-19 20:43:30Z INFO HostContext] Well known directory 'Bin': 'E:\devops\Complete Terraform\terraform\terraform 15AUG\terraform15Aug\actions-runner\bin'
[2026-08-19 20:43:30Z INFO HostContext] Well known directory 'Root': 'E:\devops\Complete Terraform\terraform\terraform 15AUG\terraform15Aug\actions-runner'
[2026-08-19 20:43:30Z INFO ConfigurationStore] RootFolder: E:\devops\Complete Terraform\terraform\terraform 15AUG\terraform15Aug\actions-runner
[2026-08-19 20:43:30Z INFO HostContext] Well known directory 'Bin': 'E:\devops\Complete Terraform\terraform\terraform 15AUG\terraform15Aug\actions-runner\bin'
[2026-08-19 20:43:30Z INFO HostContext] Well known directory 'Root': 'E:\devops\Complete Terraform\terraform\terraform 15AUG\terraform15Aug\actions-runner'
[2026-08-19 20:43:30Z INFO HostContext] Well known config file 'Runner': 'E:\devops\Complete Terraform\terraform\terraform 15AUG\terraform15Aug\actions-runner\.runner'
[2026-08-19 20:43:30Z INFO ConfigurationStore] ConfigFilePath: E:\devops\Complete Terraform\terraform\terraform 15AUG\terraform15Aug\actions-runner\.runner
[2026-08-19 20:43:30Z INFO HostContext] Well known directory 'Bin': 'E:\devops\Complete Terraform\terraform\terraform 15AUG\terraform15Aug\actions-runner\bin'
[2026-08-19 20:43:30Z INFO HostContext] Well known directory 'Root': 'E:\devops\Complete Terraform\terraform\terraform 15AUG\terraform15Aug\actions-runner'
[2026-08-19 20:43:30Z INFO HostContext] Well known config file 'MigratedRunner': 'E:\devops\Complete Terraform\terraform\terraform 15AUG\terraform15Aug\actions-runner\.runner_migrated'
[2026-08-19 20:43:30Z INFO ConfigurationStore] MigratedConfigFilePath: E:\devops\Complete Terraform\terraform\terraform 15AUG\terraform15Aug\actions-runner\.runner_migrated
[2026-08-19 20:43:30Z INFO HostContext] Well known directory 'Bin': 'E:\devops\Complete Terraform\terraform\terraform 15AUG\terraform15Aug\actions-runner\bin'
[2026-08-19 20:43:30Z INFO HostContext] Well known directory 'Root': 'E:\devops\Complete Terraform\terraform\terraform 15AUG\terraform15Aug\actions-runner'
[2026-08-19 20:43:30Z INFO HostContext] Well known config file 'Credentials': 'E:\devops\Complete Terraform\terraform\terraform 15AUG\terraform15Aug\actions-runner\.credentials'
[2026-08-19 20:43:30Z INFO ConfigurationStore] CredFilePath: E:\devops\Complete Terraform\terraform\terraform 15AUG\terraform15Aug\actions-runner\.credentials
[2026-08-19 20:43:30Z INFO HostContext] Well known directory 'Bin': 'E:\devops\Complete Terraform\terraform\terraform 15AUG\terraform15Aug\actions-runner\bin'
[2026-08-19 20:43:30Z INFO HostContext] Well known directory 'Root': 'E:\devops\Complete Terraform\terraform\terraform 15AUG\terraform15Aug\actions-runner'
[2026-08-19 20:43:30Z INFO HostContext] Well known config file 'MigratedCredentials': 'E:\devops\Complete Terraform\terraform\terraform 15AUG\terraform15Aug\actions-runner\.credentials_migrated'
[2026-08-19 20:43:30Z INFO ConfigurationStore] MigratedCredFilePath: E:\devops\Complete Terraform\terraform\terraform 15AUG\terraform15Aug\actions-runner\.credentials_migrated
[2026-08-19 20:43:30Z INFO HostContext] Well known directory 'Bin': 'E:\devops\Complete Terraform\terraform\terraform 15AUG\terraform15Aug\actions-runner\bin'
[2026-08-19 20:43:30Z INFO HostContext] Well known directory 'Root': 'E:\devops\Complete Terraform\terraform\terraform 15AUG\terraform15Aug\actions-runner'
[2026-08-19 20:43:30Z INFO HostContext] Well known config file 'Service': 'E:\devops\Complete Terraform\terraform\terraform 15AUG\terraform15Aug\actions-runner\.service'
[2026-08-19 20:43:30Z INFO ConfigurationStore] ServiceConfigFilePath: E:\devops\Complete Terraform\terraform\terraform 15AUG\terraform15Aug\actions-runner\.service
[2026-08-19 20:43:30Z INFO ConfigurationStore] Read setting file: 409 chars
[2026-08-19 20:43:30Z INFO JobRunner] Initializing launch client
[2026-08-19 20:43:30Z INFO JobServerQueue] Initializing results client
[2026-08-19 20:43:30Z INFO ResultServer] Creating websocket client ...wss://results-receiver.actions.githubusercontent.com/_ws/ingest.sock
[2026-08-19 20:43:30Z INFO ResultServer] Attempting to start websocket client with delay 00:00:00.
[2026-08-19 20:43:30Z INFO JobServerQueue] Start process web console line queue.
[2026-08-19 20:43:30Z INFO JobServerQueue] Start process file upload queue.
[2026-08-19 20:43:30Z INFO JobServerQueue] Start results file upload queue.
[2026-08-19 20:43:30Z INFO JobServerQueue] Starting results-based upload queue...
[2026-08-19 20:43:30Z INFO JobServerQueue] Start process timeline update queue.
[2026-08-19 20:43:30Z INFO ExecutionContext] Initializing Job context
[2026-08-19 20:43:30Z INFO ExecutionContext] Initialize GitHub context
[2026-08-19 20:43:30Z INFO ExecutionContext] Initialize Env context
[2026-08-19 20:43:30Z INFO HostContext] Well known directory 'Bin': 'E:\devops\Complete Terraform\terraform\terraform 15AUG\terraform15Aug\actions-runner\bin'
[2026-08-19 20:43:30Z INFO HostContext] Well known directory 'Root': 'E:\devops\Complete Terraform\terraform\terraform 15AUG\terraform15Aug\actions-runner'
[2026-08-19 20:43:30Z INFO HostContext] Well known directory 'Diag': 'E:\devops\Complete Terraform\terraform\terraform 15AUG\terraform15Aug\actions-runner\_diag'
[2026-08-19 20:43:30Z INFO HostContext] Well known directory 'Bin': 'E:\devops\Complete Terraform\terraform\terraform 15AUG\terraform15Aug\actions-runner\bin'
[2026-08-19 20:43:30Z INFO HostContext] Well known directory 'Root': 'E:\devops\Complete Terraform\terraform\terraform 15AUG\terraform15Aug\actions-runner'
[2026-08-19 20:43:30Z INFO HostContext] Well known directory 'Diag': 'E:\devops\Complete Terraform\terraform\terraform 15AUG\terraform15Aug\actions-runner\_diag'
[2026-08-19 20:43:30Z INFO JobRunner] Starting the job execution context.
[2026-08-19 20:43:30Z INFO HostContext] Well known directory 'Bin': 'E:\devops\Complete Terraform\terraform\terraform 15AUG\terraform15Aug\actions-runner\bin'
[2026-08-19 20:43:30Z INFO HostContext] Well known directory 'Root': 'E:\devops\Complete Terraform\terraform\terraform 15AUG\terraform15Aug\actions-runner'
[2026-08-19 20:43:30Z INFO HostContext] Well known directory 'Work': 'E:\devops\Complete Terraform\terraform\terraform 15AUG\terraform15Aug\actions-runner\_work'
[2026-08-19 20:43:30Z INFO JobRunner] Validating directory permissions for: 'E:\devops\Complete Terraform\terraform\terraform 15AUG\terraform15Aug\actions-runner\_work'
[2026-08-19 20:43:30Z INFO HostContext] Well known directory 'Bin': 'E:\devops\Complete Terraform\terraform\terraform 15AUG\terraform15Aug\actions-runner\bin'
[2026-08-19 20:43:30Z INFO HostContext] Well known directory 'Root': 'E:\devops\Complete Terraform\terraform\terraform 15AUG\terraform15Aug\actions-runner'
[2026-08-19 20:43:30Z INFO HostContext] Well known directory 'Work': 'E:\devops\Complete Terraform\terraform\terraform 15AUG\terraform15Aug\actions-runner\_work'
[2026-08-19 20:43:30Z INFO HostContext] Well known directory 'Tools': 'E:\devops\Complete Terraform\terraform\terraform 15AUG\terraform15Aug\actions-runner\_work\_tool'
[2026-08-19 20:43:30Z INFO HostContext] Well known directory 'Bin': 'E:\devops\Complete Terraform\terraform\terraform 15AUG\terraform15Aug\actions-runner\bin'
[2026-08-19 20:43:30Z INFO HostContext] Well known directory 'Root': 'E:\devops\Complete Terraform\terraform\terraform 15AUG\terraform15Aug\actions-runner'
[2026-08-19 20:43:30Z INFO HostContext] Well known directory 'Work': 'E:\devops\Complete Terraform\terraform\terraform 15AUG\terraform15Aug\actions-runner\_work'
[2026-08-19 20:43:30Z INFO HostContext] Well known directory 'Temp': 'E:\devops\Complete Terraform\terraform\terraform 15AUG\terraform15Aug\actions-runner\_work\_temp'
[2026-08-19 20:43:30Z INFO JobRunner] Getting job extension.
[2026-08-19 20:43:30Z INFO JobRunner] Initialize job. Getting all job steps.
[2026-08-19 20:43:30Z INFO HostContext] Well known directory 'Bin': 'E:\devops\Complete Terraform\terraform\terraform 15AUG\terraform15Aug\actions-runner\bin'
[2026-08-19 20:43:30Z INFO HostContext] Well known directory 'Root': 'E:\devops\Complete Terraform\terraform\terraform 15AUG\terraform15Aug\actions-runner'
[2026-08-19 20:43:30Z INFO HostContext] Well known directory 'Diag': 'E:\devops\Complete Terraform\terraform\terraform 15AUG\terraform15Aug\actions-runner\_diag'
[2026-08-19 20:43:30Z INFO HostContext] Well known directory 'Bin': 'E:\devops\Complete Terraform\terraform\terraform 15AUG\terraform15Aug\actions-runner\bin'
[2026-08-19 20:43:30Z INFO HostContext] Well known directory 'Root': 'E:\devops\Complete Terraform\terraform\terraform 15AUG\terraform15Aug\actions-runner'
[2026-08-19 20:43:30Z INFO HostContext] Well known directory 'Diag': 'E:\devops\Complete Terraform\terraform\terraform 15AUG\terraform15Aug\actions-runner\_diag'
[2026-08-19 20:43:30Z INFO HostContext] Well known directory 'Bin': 'E:\devops\Complete Terraform\terraform\terraform 15AUG\terraform15Aug\actions-runner\bin'
[2026-08-19 20:43:30Z INFO HostContext] Well known directory 'Root': 'E:\devops\Complete Terraform\terraform\terraform 15AUG\terraform15Aug\actions-runner'
[2026-08-19 20:43:30Z INFO HostContext] Well known config file 'Credentials': 'E:\devops\Complete Terraform\terraform\terraform 15AUG\terraform15Aug\actions-runner\.credentials'
[2026-08-19 20:43:30Z INFO HostContext] Well known directory 'Bin': 'E:\devops\Complete Terraform\terraform\terraform 15AUG\terraform15Aug\actions-runner\bin'
[2026-08-19 20:43:30Z INFO HostContext] Well known directory 'Root': 'E:\devops\Complete Terraform\terraform\terraform 15AUG\terraform15Aug\actions-runner'
[2026-08-19 20:43:30Z INFO HostContext] Well known config file 'SetupInfo': 'E:\devops\Complete Terraform\terraform\terraform 15AUG\terraform15Aug\actions-runner\.setup_info'
[2026-08-19 20:43:30Z INFO HostContext] Well known directory 'Bin': 'E:\devops\Complete Terraform\terraform\terraform 15AUG\terraform15Aug\actions-runner\bin'
[2026-08-19 20:43:30Z INFO HostContext] Well known directory 'Root': 'E:\devops\Complete Terraform\terraform\terraform 15AUG\terraform15Aug\actions-runner'
[2026-08-19 20:43:30Z INFO HostContext] Well known directory 'Work': 'E:\devops\Complete Terraform\terraform\terraform 15AUG\terraform15Aug\actions-runner\_work'
[2026-08-19 20:43:30Z INFO PipelineDirectoryManager] Loading tracking config if exists: E:\devops\Complete Terraform\terraform\terraform 15AUG\terraform15Aug\actions-runner\_work\_PipelineMapping\rahulsharma582/terraform15Aug\PipelineFolder.json
[2026-08-19 20:43:30Z INFO PipelineDirectoryManager] Updating job run properties.
[2026-08-19 20:43:30Z INFO HostContext] Well known directory 'Bin': 'E:\devops\Complete Terraform\terraform\terraform 15AUG\terraform15Aug\actions-runner\bin'
[2026-08-19 20:43:30Z INFO HostContext] Well known directory 'Root': 'E:\devops\Complete Terraform\terraform\terraform 15AUG\terraform15Aug\actions-runner'
[2026-08-19 20:43:30Z INFO HostContext] Well known directory 'Work': 'E:\devops\Complete Terraform\terraform\terraform 15AUG\terraform15Aug\actions-runner\_work'
[2026-08-19 20:43:30Z INFO HostContext] Well known directory 'Bin': 'E:\devops\Complete Terraform\terraform\terraform 15AUG\terraform15Aug\actions-runner\bin'
[2026-08-19 20:43:30Z INFO HostContext] Well known directory 'Root': 'E:\devops\Complete Terraform\terraform\terraform 15AUG\terraform15Aug\actions-runner'
[2026-08-19 20:43:30Z INFO HostContext] Well known directory 'Work': 'E:\devops\Complete Terraform\terraform\terraform 15AUG\terraform15Aug\actions-runner\_work'
[2026-08-19 20:43:30Z INFO HostContext] Well known directory 'Bin': 'E:\devops\Complete Terraform\terraform\terraform 15AUG\terraform15Aug\actions-runner\bin'
[2026-08-19 20:43:30Z INFO HostContext] Well known directory 'Root': 'E:\devops\Complete Terraform\terraform\terraform 15AUG\terraform15Aug\actions-runner'
[2026-08-19 20:43:30Z INFO HostContext] Well known directory 'Work': 'E:\devops\Complete Terraform\terraform\terraform 15AUG\terraform15Aug\actions-runner\_work'
[2026-08-19 20:43:30Z INFO JobExtension] Downloading actions
[2026-08-19 20:43:30Z INFO HostContext] Well known directory 'Bin': 'E:\devops\Complete Terraform\terraform\terraform 15AUG\terraform15Aug\actions-runner\bin'
[2026-08-19 20:43:30Z INFO HostContext] Well known directory 'Root': 'E:\devops\Complete Terraform\terraform\terraform 15AUG\terraform15Aug\actions-runner'
[2026-08-19 20:43:30Z INFO HostContext] Well known directory 'Work': 'E:\devops\Complete Terraform\terraform\terraform 15AUG\terraform15Aug\actions-runner\_work'
[2026-08-19 20:43:30Z INFO HostContext] Well known directory 'Actions': 'E:\devops\Complete Terraform\terraform\terraform 15AUG\terraform15Aug\actions-runner\_work\_actions'
[2026-08-19 20:43:30Z INFO Worker] Listening for cancel message from the channel.
[2026-08-19 20:43:30Z INFO Worker] Waiting for the job to complete or for a cancel message from the channel.
[2026-08-19 20:43:31Z INFO ResultServer] Successfully started websocket client.
[2026-08-19 20:43:31Z INFO JobServerQueue] Try to append 1 batches web console lines for record '2fae3f72-7795-4e92-b2bd-2b31e6d61609', success rate: 1/1.
[2026-08-19 20:43:31Z INFO HostContext] Well known directory 'Bin': 'E:\devops\Complete Terraform\terraform\terraform 15AUG\terraform15Aug\actions-runner\bin'
[2026-08-19 20:43:31Z INFO HostContext] Well known directory 'Root': 'E:\devops\Complete Terraform\terraform\terraform 15AUG\terraform15Aug\actions-runner'
[2026-08-19 20:43:31Z INFO HostContext] Well known directory 'Work': 'E:\devops\Complete Terraform\terraform\terraform 15AUG\terraform15Aug\actions-runner\_work'
[2026-08-19 20:43:31Z INFO HostContext] Well known directory 'Actions': 'E:\devops\Complete Terraform\terraform\terraform 15AUG\terraform15Aug\actions-runner\_work\_actions'
[2026-08-19 20:43:31Z INFO HostContext] Well known directory 'Bin': 'E:\devops\Complete Terraform\terraform\terraform 15AUG\terraform15Aug\actions-runner\bin'
[2026-08-19 20:43:31Z INFO HostContext] Well known directory 'Root': 'E:\devops\Complete Terraform\terraform\terraform 15AUG\terraform15Aug\actions-runner'
[2026-08-19 20:43:31Z INFO HostContext] Well known directory 'Work': 'E:\devops\Complete Terraform\terraform\terraform 15AUG\terraform15Aug\actions-runner\_work'
[2026-08-19 20:43:31Z INFO HostContext] Well known directory 'Actions': 'E:\devops\Complete Terraform\terraform\terraform 15AUG\terraform15Aug\actions-runner\_work\_actions'
[2026-08-19 20:43:31Z INFO ActionManager] Save archive 'https://codeload.github.com/actions/checkout/zip/11d5960a326750d5838078e36cf38b85af677262' into E:\devops\Complete Terraform\terraform\terraform 15AUG\terraform15Aug\actions-runner\_work\_actions\_temp_7bf72117-39ba-436d-a7b5-57b840d30713\224657d3-a3e3-431d-9dc0-e643e178d9bd.zip.
[2026-08-19 20:43:31Z INFO ActionManager] Using Basic token for action archive download.
[2026-08-19 20:43:31Z INFO JobServerQueue] Try to append 1 batches web console lines for record '2fae3f72-7795-4e92-b2bd-2b31e6d61609', success rate: 1/1.
[2026-08-19 20:43:31Z INFO ActionManager] Request URL: https://codeload.github.com/actions/checkout/zip/11d5960a326750d5838078e36cf38b85af677262 X-GitHub-Request-Id: DB28:10D57B:780E:7E6E1:6A861575 Http Status: OK
[2026-08-19 20:43:32Z INFO ActionManager] Finished getting action repository.
[2026-08-19 20:43:32Z INFO HostContext] Well known directory 'Bin': 'E:\devops\Complete Terraform\terraform\terraform 15AUG\terraform15Aug\actions-runner\bin'
[2026-08-19 20:43:32Z INFO HostContext] Well known directory 'Root': 'E:\devops\Complete Terraform\terraform\terraform 15AUG\terraform15Aug\actions-runner'
[2026-08-19 20:43:32Z INFO HostContext] Well known directory 'Work': 'E:\devops\Complete Terraform\terraform\terraform 15AUG\terraform15Aug\actions-runner\_work'
[2026-08-19 20:43:32Z INFO HostContext] Well known directory 'Actions': 'E:\devops\Complete Terraform\terraform\terraform 15AUG\terraform15Aug\actions-runner\_work\_actions'
[2026-08-19 20:43:32Z INFO HostContext] Well known directory 'Bin': 'E:\devops\Complete Terraform\terraform\terraform 15AUG\terraform15Aug\actions-runner\bin'
[2026-08-19 20:43:32Z INFO HostContext] Well known directory 'Root': 'E:\devops\Complete Terraform\terraform\terraform 15AUG\terraform15Aug\actions-runner'
[2026-08-19 20:43:32Z INFO HostContext] Well known directory 'Work': 'E:\devops\Complete Terraform\terraform\terraform 15AUG\terraform15Aug\actions-runner\_work'
[2026-08-19 20:43:32Z INFO HostContext] Well known directory 'Actions': 'E:\devops\Complete Terraform\terraform\terraform 15AUG\terraform15Aug\actions-runner\_work\_actions'
[2026-08-19 20:43:32Z INFO ActionManager] Save archive 'https://codeload.github.com/hashicorp/setup-terraform/zip/b9cd54a3c349d3f38e8881555d616ced269862dd' into E:\devops\Complete Terraform\terraform\terraform 15AUG\terraform15Aug\actions-runner\_work\_actions\_temp_5a90112f-7d3d-4df5-8f67-e234c131bb5c\e105ed73-0b7f-4e6e-a205-0f780d6506dc.zip.
[2026-08-19 20:43:32Z INFO ActionManager] Using Basic token for action archive download.
[2026-08-19 20:43:32Z INFO JobServerQueue] Try to append 1 batches web console lines for record '2fae3f72-7795-4e92-b2bd-2b31e6d61609', success rate: 1/1.
[2026-08-19 20:43:32Z INFO JobServerQueue] Job timeline record has been updated for the first time.
[2026-08-19 20:43:33Z INFO ActionManager] Request URL: https://codeload.github.com/hashicorp/setup-terraform/zip/b9cd54a3c349d3f38e8881555d616ced269862dd X-GitHub-Request-Id: D4B0:5EB1B:7540:7E000:6A861576 Http Status: OK
[2026-08-19 20:43:33Z INFO ActionManager] Finished getting action repository.
[2026-08-19 20:43:33Z INFO HostContext] Well known directory 'Bin': 'E:\devops\Complete Terraform\terraform\terraform 15AUG\terraform15Aug\actions-runner\bin'
[2026-08-19 20:43:33Z INFO HostContext] Well known directory 'Root': 'E:\devops\Complete Terraform\terraform\terraform 15AUG\terraform15Aug\actions-runner'
[2026-08-19 20:43:33Z INFO HostContext] Well known directory 'Work': 'E:\devops\Complete Terraform\terraform\terraform 15AUG\terraform15Aug\actions-runner\_work'
[2026-08-19 20:43:33Z INFO HostContext] Well known directory 'Actions': 'E:\devops\Complete Terraform\terraform\terraform 15AUG\terraform15Aug\actions-runner\_work\_actions'
[2026-08-19 20:43:33Z INFO ActionManifestManagerLegacy] Load schema file with definitions: [
  "null",
  "boolean",
  "number",
  "string",
  "sequence",
  "mapping",
  "any",
  "action-root",
  "inputs",
  "input",
  "outputs",
  "output-definition",
  "runs",
  "container-runs",
  "container-runs-args",
  "container-runs-env",
  "node-runs",
  "plugin-runs",
  "composite-runs",
  "composite-steps",
  "composite-step",
  "run-step",
  "uses-step",
  "container-runs-context",
  "output-value",
  "input-default-context",
  "non-empty-string",
  "string-steps-context",
  "boolean-steps-context",
  "step-env",
  "step-if",
  "step-with"
]
[2026-08-19 20:43:33Z INFO ActionManifestManager] Load schema file with definitions: [
  "null",
  "boolean",
  "number",
  "string",
  "sequence",
  "mapping",
  "any",
  "action-root",
  "inputs",
  "input",
  "outputs",
  "output-definition",
  "runs",
  "container-runs",
  "container-runs-args",
  "container-runs-env",
  "node-runs",
  "plugin-runs",
  "composite-runs",
  "composite-steps",
  "composite-step",
  "run-step",
  "uses-step",
  "container-runs-context",
  "output-value",
  "input-default-context",
  "non-empty-string",
  "string-steps-context",
  "boolean-steps-context",
  "step-env",
  "step-if",
  "step-with"
]
[2026-08-19 20:43:33Z INFO HostContext] Well known directory 'Bin': 'E:\devops\Complete Terraform\terraform\terraform 15AUG\terraform15Aug\actions-runner\bin'
[2026-08-19 20:43:33Z INFO HostContext] Well known directory 'Root': 'E:\devops\Complete Terraform\terraform\terraform 15AUG\terraform15Aug\actions-runner'
[2026-08-19 20:43:33Z INFO HostContext] Well known directory 'Work': 'E:\devops\Complete Terraform\terraform\terraform 15AUG\terraform15Aug\actions-runner\_work'
[2026-08-19 20:43:33Z INFO HostContext] Well known directory 'Actions': 'E:\devops\Complete Terraform\terraform\terraform 15AUG\terraform15Aug\actions-runner\_work\_actions'
[2026-08-19 20:43:33Z INFO ActionManifestManagerLegacy] Loaded action.yml file: {
  "name": "Checkout",
  "description": "Checkout a Git repository at a particular version",
  "inputs": {
    "type": 2,
    "map": [
      {
        "key": {
          "type": 0,
          "file": 2,
          "line": 4,
          "col": 3,
          "lit": "repository"
        },
        "value": {
          "type": 3,
          "file": 2,
          "line": 6,
          "col": 14,
          "expr": "github.repository"
        }
      },
      {
        "key": {
          "type": 0,
          "file": 2,
          "line": 7,
          "col": 3,
          "lit": "ref"
        },
        "value": ""
      },
      {
        "key": {
          "type": 0,
          "file": 2,
          "line": 12,
          "col": 3,
          "lit": "token"
        },
        "value": {
          "type": 3,
          "file": 2,
          "line": 24,
          "col": 14,
          "expr": "github.token"
        }
      },
      {
        "key": {
          "type": 0,
          "file": 2,
          "line": 25,
          "col": 3,
          "lit": "ssh-key"
        },
        "value": ""
      },
      {
        "key": {
          "type": 0,
          "file": 2,
          "line": 37,
          "col": 3,
          "lit": "ssh-known-hosts"
        },
        "value": ""
      },
      {
        "key": {
          "type": 0,
          "file": 2,
          "line": 42,
          "col": 3,
          "lit": "ssh-strict"
        },
        "value": {
          "type": 0,
          "file": 2,
          "line": 47,
          "col": 14,
          "lit": "true"
        }
      },
      {
        "key": {
          "type": 0,
          "file": 2,
          "line": 48,
          "col": 3,
          "lit": "ssh-user"
        },
        "value": {
          "type": 0,
          "file": 2,
          "line": 51,
          "col": 14,
          "lit": "git"
        }
      },
      {
        "key": {
          "type": 0,
          "file": 2,
          "line": 52,
          "col": 3,
          "lit": "persist-credentials"
        },
        "value": {
          "type": 0,
          "file": 2,
          "line": 54,
          "col": 14,
          "lit": "true"
        }
      },
      {
        "key": {
          "type": 0,
          "file": 2,
          "line": 55,
          "col": 3,
          "lit": "path"
        },
        "value": ""
      },
      {
        "key": {
          "type": 0,
          "file": 2,
          "line": 57,
          "col": 3,
          "lit": "clean"
        },
        "value": {
          "type": 0,
          "file": 2,
          "line": 59,
          "col": 14,
          "lit": "true"
        }
      },
      {
        "key": {
          "type": 0,
          "file": 2,
          "line": 60,
          "col": 3,
          "lit": "filter"
        },
        "value": {
          "type": 0,
          "file": 2,
          "line": 64,
          "col": 14,
          "lit": ""
        }
      },
      {
        "key": {
          "type": 0,
          "file": 2,
          "line": 65,
          "col": 3,
          "lit": "sparse-checkout"
        },
        "value": {
          "type": 0,
          "file": 2,
          "line": 69,
          "col": 14,
          "lit": ""
        }
      },
      {
        "key": {
          "type": 0,
          "file": 2,
          "line": 70,
          "col": 3,
          "lit": "sparse-checkout-cone-mode"
        },
        "value": {
          "type": 0,
          "file": 2,
          "line": 73,
          "col": 14,
          "lit": "true"
        }
      },
      {
        "key": {
          "type": 0,
          "file": 2,
          "line": 74,
          "col": 3,
          "lit": "fetch-depth"
        },
        "value": {
          "type": 0,
          "file": 2,
          "line": 76,
          "col": 14,
          "lit": "1"
        }
      },
      {
        "key": {
          "type": 0,
          "file": 2,
          "line": 77,
          "col": 3,
          "lit": "fetch-tags"
        },
        "value": {
          "type": 0,
          "file": 2,
          "line": 79,
          "col": 14,
          "lit": "false"
        }
      },
      {
        "key": {
          "type": 0,
          "file": 2,
          "line": 80,
          "col": 3,
          "lit": "show-progress"
        },
        "value": {
          "type": 0,
          "file": 2,
          "line": 82,
          "col": 14,
          "lit": "true"
        }
      },
      {
        "key": {
          "type": 0,
          "file": 2,
          "line": 83,
          "col": 3,
          "lit": "lfs"
        },
        "value": {
          "type": 0,
          "file": 2,
          "line": 85,
          "col": 14,
          "lit": "false"
        }
      },
      {
        "key": {
          "type": 0,
          "file": 2,
          "line": 86,
          "col": 3,
          "lit": "submodules"
        },
        "value": {
          "type": 0,
          "file": 2,
          "line": 94,
          "col": 14,
          "lit": "false"
        }
      },
      {
        "key": {
          "type": 0,
          "file": 2,
          "line": 95,
          "col": 3,
          "lit": "set-safe-directory"
        },
        "value": {
          "type": 0,
          "file": 2,
          "line": 97,
          "col": 14,
          "lit": "true"
        }
      },
      {
        "key": {
          "type": 0,
          "file": 2,
          "line": 98,
          "col": 3,
          "lit": "github-server-url"
        },
        "value": ""
      },
      {
        "key": {
          "type": 0,
          "file": 2,
          "line": 101,
          "col": 3,
          "lit": "allow-unsafe-pr-checkout"
        },
        "value": {
          "type": 0,
          "file": 2,
          "line": 109,
          "col": 14,
          "lit": "false"
        }
      }
    ]
  },
  "execution": {
    "executionType": "nodeJS",
    "hasPre": false,
    "hasPost": true,
    "script": "dist/index.js",
    "pre": null,
    "post": "dist/index.js",
    "nodeVersion": "node20",
    "cleanupCondition": "always()",
    "initCondition": "always()"
  },
  "deprecated": null
}
[2026-08-19 20:43:33Z INFO ActionManager] Action node.js file: dist/index.js, no more preparation.
[2026-08-19 20:43:33Z INFO HostContext] Well known directory 'Bin': 'E:\devops\Complete Terraform\terraform\terraform 15AUG\terraform15Aug\actions-runner\bin'
[2026-08-19 20:43:33Z INFO HostContext] Well known directory 'Root': 'E:\devops\Complete Terraform\terraform\terraform 15AUG\terraform15Aug\actions-runner'
[2026-08-19 20:43:33Z INFO HostContext] Well known directory 'Work': 'E:\devops\Complete Terraform\terraform\terraform 15AUG\terraform15Aug\actions-runner\_work'
[2026-08-19 20:43:33Z INFO HostContext] Well known directory 'Actions': 'E:\devops\Complete Terraform\terraform\terraform 15AUG\terraform15Aug\actions-runner\_work\_actions'
[2026-08-19 20:43:33Z INFO ActionManager] Load action that reference repository from 'E:\devops\Complete Terraform\terraform\terraform 15AUG\terraform15Aug\actions-runner\_work\_actions\actions\checkout\v4'
[2026-08-19 20:43:33Z INFO HostContext] Well known directory 'Bin': 'E:\devops\Complete Terraform\terraform\terraform 15AUG\terraform15Aug\actions-runner\bin'
[2026-08-19 20:43:33Z INFO HostContext] Well known directory 'Root': 'E:\devops\Complete Terraform\terraform\terraform 15AUG\terraform15Aug\actions-runner'
[2026-08-19 20:43:33Z INFO HostContext] Well known directory 'Work': 'E:\devops\Complete Terraform\terraform\terraform 15AUG\terraform15Aug\actions-runner\_work'
[2026-08-19 20:43:33Z INFO HostContext] Well known directory 'Actions': 'E:\devops\Complete Terraform\terraform\terraform 15AUG\terraform15Aug\actions-runner\_work\_actions'
[2026-08-19 20:43:33Z INFO ActionManifestManagerLegacy] Loaded action.yml file: {
  "name": "Checkout",
  "description": "Checkout a Git repository at a particular version",
  "inputs": {
    "type": 2,
    "map": [
      {
        "key": {
          "type": 0,
          "file": 2,
          "line": 4,
          "col": 3,
          "lit": "repository"
        },
        "value": {
          "type": 3,
          "file": 2,
          "line": 6,
          "col": 14,
          "expr": "github.repository"
        }
      },
      {
        "key": {
          "type": 0,
          "file": 2,
          "line": 7,
          "col": 3,
          "lit": "ref"
        },
        "value": ""
      },
      {
        "key": {
          "type": 0,
          "file": 2,
          "line": 12,
          "col": 3,
          "lit": "token"
        },
        "value": {
          "type": 3,
          "file": 2,
          "line": 24,
          "col": 14,
          "expr": "github.token"
        }
      },
      {
        "key": {
          "type": 0,
          "file": 2,
          "line": 25,
          "col": 3,
          "lit": "ssh-key"
        },
        "value": ""
      },
      {
        "key": {
          "type": 0,
          "file": 2,
          "line": 37,
          "col": 3,
          "lit": "ssh-known-hosts"
        },
        "value": ""
      },
      {
        "key": {
          "type": 0,
          "file": 2,
          "line": 42,
          "col": 3,
          "lit": "ssh-strict"
        },
        "value": {
          "type": 0,
          "file": 2,
          "line": 47,
          "col": 14,
          "lit": "true"
        }
      },
      {
        "key": {
          "type": 0,
          "file": 2,
          "line": 48,
          "col": 3,
          "lit": "ssh-user"
        },
        "value": {
          "type": 0,
          "file": 2,
          "line": 51,
          "col": 14,
          "lit": "git"
        }
      },
      {
        "key": {
          "type": 0,
          "file": 2,
          "line": 52,
          "col": 3,
          "lit": "persist-credentials"
        },
        "value": {
          "type": 0,
          "file": 2,
          "line": 54,
          "col": 14,
          "lit": "true"
        }
      },
      {
        "key": {
          "type": 0,
          "file": 2,
          "line": 55,
          "col": 3,
          "lit": "path"
        },
        "value": ""
      },
      {
        "key": {
          "type": 0,
          "file": 2,
          "line": 57,
          "col": 3,
          "lit": "clean"
        },
        "value": {
          "type": 0,
          "file": 2,
          "line": 59,
          "col": 14,
          "lit": "true"
        }
      },
      {
        "key": {
          "type": 0,
          "file": 2,
          "line": 60,
          "col": 3,
          "lit": "filter"
        },
        "value": {
          "type": 0,
          "file": 2,
          "line": 64,
          "col": 14,
          "lit": ""
        }
      },
      {
        "key": {
          "type": 0,
          "file": 2,
          "line": 65,
          "col": 3,
          "lit": "sparse-checkout"
        },
        "value": {
          "type": 0,
          "file": 2,
          "line": 69,
          "col": 14,
          "lit": ""
        }
      },
      {
        "key": {
          "type": 0,
          "file": 2,
          "line": 70,
          "col": 3,
          "lit": "sparse-checkout-cone-mode"
        },
        "value": {
          "type": 0,
          "file": 2,
          "line": 73,
          "col": 14,
          "lit": "true"
        }
      },
      {
        "key": {
          "type": 0,
          "file": 2,
          "line": 74,
          "col": 3,
          "lit": "fetch-depth"
        },
        "value": {
          "type": 0,
          "file": 2,
          "line": 76,
          "col": 14,
          "lit": "1"
        }
      },
      {
        "key": {
          "type": 0,
          "file": 2,
          "line": 77,
          "col": 3,
          "lit": "fetch-tags"
        },
        "value": {
          "type": 0,
          "file": 2,
          "line": 79,
          "col": 14,
          "lit": "false"
        }
      },
      {
        "key": {
          "type": 0,
          "file": 2,
          "line": 80,
          "col": 3,
          "lit": "show-progress"
        },
        "value": {
          "type": 0,
          "file": 2,
          "line": 82,
          "col": 14,
          "lit": "true"
        }
      },
      {
        "key": {
          "type": 0,
          "file": 2,
          "line": 83,
          "col": 3,
          "lit": "lfs"
        },
        "value": {
          "type": 0,
          "file": 2,
          "line": 85,
          "col": 14,
          "lit": "false"
        }
      },
      {
        "key": {
          "type": 0,
          "file": 2,
          "line": 86,
          "col": 3,
          "lit": "submodules"
        },
        "value": {
          "type": 0,
          "file": 2,
          "line": 94,
          "col": 14,
          "lit": "false"
        }
      },
      {
        "key": {
          "type": 0,
          "file": 2,
          "line": 95,
          "col": 3,
          "lit": "set-safe-directory"
        },
        "value": {
          "type": 0,
          "file": 2,
          "line": 97,
          "col": 14,
          "lit": "true"
        }
      },
      {
        "key": {
          "type": 0,
          "file": 2,
          "line": 98,
          "col": 3,
          "lit": "github-server-url"
        },
        "value": ""
      },
      {
        "key": {
          "type": 0,
          "file": 2,
          "line": 101,
          "col": 3,
          "lit": "allow-unsafe-pr-checkout"
        },
        "value": {
          "type": 0,
          "file": 2,
          "line": 109,
          "col": 14,
          "lit": "false"
        }
      }
    ]
  },
  "execution": {
    "executionType": "nodeJS",
    "hasPre": false,
    "hasPost": true,
    "script": "dist/index.js",
    "pre": null,
    "post": "dist/index.js",
    "nodeVersion": "node20",
    "cleanupCondition": "always()",
    "initCondition": "always()"
  },
  "deprecated": null
}
[2026-08-19 20:43:33Z INFO ActionManager] Action pre node.js file: N/A.
[2026-08-19 20:43:33Z INFO ActionManager] Action node.js file: dist/index.js.
[2026-08-19 20:43:33Z INFO ActionManager] Action post node.js file: dist/index.js.
[2026-08-19 20:43:33Z INFO HostContext] Well known directory 'Bin': 'E:\devops\Complete Terraform\terraform\terraform 15AUG\terraform15Aug\actions-runner\bin'
[2026-08-19 20:43:33Z INFO HostContext] Well known directory 'Root': 'E:\devops\Complete Terraform\terraform\terraform 15AUG\terraform15Aug\actions-runner'
[2026-08-19 20:43:33Z INFO HostContext] Well known directory 'Work': 'E:\devops\Complete Terraform\terraform\terraform 15AUG\terraform15Aug\actions-runner\_work'
[2026-08-19 20:43:33Z INFO HostContext] Well known directory 'Actions': 'E:\devops\Complete Terraform\terraform\terraform 15AUG\terraform15Aug\actions-runner\_work\_actions'
[2026-08-19 20:43:33Z INFO HostContext] Well known directory 'Bin': 'E:\devops\Complete Terraform\terraform\terraform 15AUG\terraform15Aug\actions-runner\bin'
[2026-08-19 20:43:33Z INFO HostContext] Well known directory 'Root': 'E:\devops\Complete Terraform\terraform\terraform 15AUG\terraform15Aug\actions-runner'
[2026-08-19 20:43:33Z INFO HostContext] Well known directory 'Work': 'E:\devops\Complete Terraform\terraform\terraform 15AUG\terraform15Aug\actions-runner\_work'
[2026-08-19 20:43:33Z INFO HostContext] Well known directory 'Actions': 'E:\devops\Complete Terraform\terraform\terraform 15AUG\terraform15Aug\actions-runner\_work\_actions'
[2026-08-19 20:43:33Z INFO ActionManifestManagerLegacy] Ignore action property author.
[2026-08-19 20:43:33Z INFO ActionManifestManagerLegacy] Ignore action property branding.
[2026-08-19 20:43:33Z INFO ActionManifestManagerLegacy] Loaded action.yml file: {
  "name": "HashiCorp - Setup Terraform",
  "description": "Sets up Terraform CLI in your GitHub Actions workflow.",
  "inputs": {
    "type": 2,
    "map": [
      {
        "key": {
          "type": 0,
          "file": 3,
          "line": 5,
          "col": 3,
          "lit": "cli_config_credentials_hostname"
        },
        "value": {
          "type": 0,
          "file": 3,
          "line": 7,
          "col": 14,
          "lit": "app.terraform.io"
        }
      },
      {
        "key": {
          "type": 0,
          "file": 3,
          "line": 9,
          "col": 3,
          "lit": "cli_config_credentials_token"
        },
        "value": ""
      },
      {
        "key": {
          "type": 0,
          "file": 3,
          "line": 12,
          "col": 3,
          "lit": "terraform_version"
        },
        "value": {
          "type": 0,
          "file": 3,
          "line": 14,
          "col": 14,
          "lit": "latest"
        }
      },
      {
        "key": {
          "type": 0,
          "file": 3,
          "line": 16,
          "col": 3,
          "lit": "terraform_wrapper"
        },
        "value": {
          "type": 0,
          "file": 3,
          "line": 18,
          "col": 14,
          "lit": "true"
        }
      }
    ]
  },
  "execution": {
    "executionType": "nodeJS",
    "hasPre": false,
    "hasPost": false,
    "script": "dist/index.js",
    "pre": null,
    "post": null,
    "nodeVersion": "node20",
    "cleanupCondition": "always()",
    "initCondition": "always()"
  },
  "deprecated": null
}
[2026-08-19 20:43:33Z INFO ActionManager] Action node.js file: dist/index.js, no more preparation.
[2026-08-19 20:43:33Z INFO HostContext] Well known directory 'Bin': 'E:\devops\Complete Terraform\terraform\terraform 15AUG\terraform15Aug\actions-runner\bin'
[2026-08-19 20:43:33Z INFO HostContext] Well known directory 'Root': 'E:\devops\Complete Terraform\terraform\terraform 15AUG\terraform15Aug\actions-runner'
[2026-08-19 20:43:33Z INFO HostContext] Well known directory 'Work': 'E:\devops\Complete Terraform\terraform\terraform 15AUG\terraform15Aug\actions-runner\_work'
[2026-08-19 20:43:33Z INFO HostContext] Well known directory 'Actions': 'E:\devops\Complete Terraform\terraform\terraform 15AUG\terraform15Aug\actions-runner\_work\_actions'
[2026-08-19 20:43:33Z INFO ActionManager] Load action that reference repository from 'E:\devops\Complete Terraform\terraform\terraform 15AUG\terraform15Aug\actions-runner\_work\_actions\hashicorp\setup-terraform\v3'
[2026-08-19 20:43:33Z INFO HostContext] Well known directory 'Bin': 'E:\devops\Complete Terraform\terraform\terraform 15AUG\terraform15Aug\actions-runner\bin'
[2026-08-19 20:43:33Z INFO HostContext] Well known directory 'Root': 'E:\devops\Complete Terraform\terraform\terraform 15AUG\terraform15Aug\actions-runner'
[2026-08-19 20:43:33Z INFO HostContext] Well known directory 'Work': 'E:\devops\Complete Terraform\terraform\terraform 15AUG\terraform15Aug\actions-runner\_work'
[2026-08-19 20:43:33Z INFO HostContext] Well known directory 'Actions': 'E:\devops\Complete Terraform\terraform\terraform 15AUG\terraform15Aug\actions-runner\_work\_actions'
[2026-08-19 20:43:33Z INFO ActionManifestManagerLegacy] Ignore action property author.
[2026-08-19 20:43:33Z INFO ActionManifestManagerLegacy] Ignore action property branding.
[2026-08-19 20:43:33Z INFO ActionManifestManagerLegacy] Loaded action.yml file: {
  "name": "HashiCorp - Setup Terraform",
  "description": "Sets up Terraform CLI in your GitHub Actions workflow.",
  "inputs": {
    "type": 2,
    "map": [
      {
        "key": {
          "type": 0,
          "file": 3,
          "line": 5,
          "col": 3,
          "lit": "cli_config_credentials_hostname"
        },
        "value": {
          "type": 0,
          "file": 3,
          "line": 7,
          "col": 14,
          "lit": "app.terraform.io"
        }
      },
      {
        "key": {
          "type": 0,
          "file": 3,
          "line": 9,
          "col": 3,
          "lit": "cli_config_credentials_token"
        },
        "value": ""
      },
      {
        "key": {
          "type": 0,
          "file": 3,
          "line": 12,
          "col": 3,
          "lit": "terraform_version"
        },
        "value": {
          "type": 0,
          "file": 3,
          "line": 14,
          "col": 14,
          "lit": "latest"
        }
      },
      {
        "key": {
          "type": 0,
          "file": 3,
          "line": 16,
          "col": 3,
          "lit": "terraform_wrapper"
        },
        "value": {
          "type": 0,
          "file": 3,
          "line": 18,
          "col": 14,
          "lit": "true"
        }
      }
    ]
  },
  "execution": {
    "executionType": "nodeJS",
    "hasPre": false,
    "hasPost": false,
    "script": "dist/index.js",
    "pre": null,
    "post": null,
    "nodeVersion": "node20",
    "cleanupCondition": "always()",
    "initCondition": "always()"
  },
  "deprecated": null
}
[2026-08-19 20:43:33Z INFO ActionManager] Action pre node.js file: N/A.
[2026-08-19 20:43:33Z INFO ActionManager] Action node.js file: dist/index.js.
[2026-08-19 20:43:33Z INFO ActionManager] Action post node.js file: N/A.
[2026-08-19 20:43:33Z INFO JobExtension] Adding .
[2026-08-19 20:43:33Z INFO JobExtension] Adding .
[2026-08-19 20:43:33Z INFO JobExtension] Adding .
[2026-08-19 20:43:33Z INFO JobExtension] Adding .
[2026-08-19 20:43:33Z INFO JobExtension] Adding .
[2026-08-19 20:43:33Z INFO JobExtension] Adding .
[2026-08-19 20:43:33Z INFO JobExtension] Adding .
[2026-08-19 20:43:33Z INFO JobExtension] Adding .
[2026-08-19 20:43:33Z INFO HostContext] Well known directory 'Bin': 'E:\devops\Complete Terraform\terraform\terraform 15AUG\terraform15Aug\actions-runner\bin'
[2026-08-19 20:43:33Z INFO HostContext] Well known directory 'Root': 'E:\devops\Complete Terraform\terraform\terraform 15AUG\terraform15Aug\actions-runner'
[2026-08-19 20:43:33Z INFO HostContext] Well known directory 'Diag': 'E:\devops\Complete Terraform\terraform\terraform 15AUG\terraform15Aug\actions-runner\_diag'
[2026-08-19 20:43:33Z INFO HostContext] Well known directory 'Bin': 'E:\devops\Complete Terraform\terraform\terraform 15AUG\terraform15Aug\actions-runner\bin'
[2026-08-19 20:43:33Z INFO HostContext] Well known directory 'Root': 'E:\devops\Complete Terraform\terraform\terraform 15AUG\terraform15Aug\actions-runner'
[2026-08-19 20:43:33Z INFO HostContext] Well known directory 'Diag': 'E:\devops\Complete Terraform\terraform\terraform 15AUG\terraform15Aug\actions-runner\_diag'
[2026-08-19 20:43:33Z INFO HostContext] Well known directory 'Bin': 'E:\devops\Complete Terraform\terraform\terraform 15AUG\terraform15Aug\actions-runner\bin'
[2026-08-19 20:43:33Z INFO HostContext] Well known directory 'Root': 'E:\devops\Complete Terraform\terraform\terraform 15AUG\terraform15Aug\actions-runner'
[2026-08-19 20:43:33Z INFO HostContext] Well known directory 'Diag': 'E:\devops\Complete Terraform\terraform\terraform 15AUG\terraform15Aug\actions-runner\_diag'
[2026-08-19 20:43:33Z INFO HostContext] Well known directory 'Bin': 'E:\devops\Complete Terraform\terraform\terraform 15AUG\terraform15Aug\actions-runner\bin'
[2026-08-19 20:43:33Z INFO HostContext] Well known directory 'Root': 'E:\devops\Complete Terraform\terraform\terraform 15AUG\terraform15Aug\actions-runner'
[2026-08-19 20:43:33Z INFO HostContext] Well known directory 'Diag': 'E:\devops\Complete Terraform\terraform\terraform 15AUG\terraform15Aug\actions-runner\_diag'
[2026-08-19 20:43:33Z INFO HostContext] Well known directory 'Bin': 'E:\devops\Complete Terraform\terraform\terraform 15AUG\terraform15Aug\actions-runner\bin'
[2026-08-19 20:43:33Z INFO HostContext] Well known directory 'Root': 'E:\devops\Complete Terraform\terraform\terraform 15AUG\terraform15Aug\actions-runner'
[2026-08-19 20:43:33Z INFO HostContext] Well known directory 'Diag': 'E:\devops\Complete Terraform\terraform\terraform 15AUG\terraform15Aug\actions-runner\_diag'
[2026-08-19 20:43:33Z INFO HostContext] Well known directory 'Bin': 'E:\devops\Complete Terraform\terraform\terraform 15AUG\terraform15Aug\actions-runner\bin'
[2026-08-19 20:43:33Z INFO HostContext] Well known directory 'Root': 'E:\devops\Complete Terraform\terraform\terraform 15AUG\terraform15Aug\actions-runner'
[2026-08-19 20:43:33Z INFO HostContext] Well known directory 'Diag': 'E:\devops\Complete Terraform\terraform\terraform 15AUG\terraform15Aug\actions-runner\_diag'
[2026-08-19 20:43:33Z INFO HostContext] Well known directory 'Bin': 'E:\devops\Complete Terraform\terraform\terraform 15AUG\terraform15Aug\actions-runner\bin'
[2026-08-19 20:43:33Z INFO HostContext] Well known directory 'Root': 'E:\devops\Complete Terraform\terraform\terraform 15AUG\terraform15Aug\actions-runner'
[2026-08-19 20:43:33Z INFO HostContext] Well known directory 'Diag': 'E:\devops\Complete Terraform\terraform\terraform 15AUG\terraform15Aug\actions-runner\_diag'
[2026-08-19 20:43:33Z INFO HostContext] Well known directory 'Bin': 'E:\devops\Complete Terraform\terraform\terraform 15AUG\terraform15Aug\actions-runner\bin'
[2026-08-19 20:43:33Z INFO HostContext] Well known directory 'Root': 'E:\devops\Complete Terraform\terraform\terraform 15AUG\terraform15Aug\actions-runner'
[2026-08-19 20:43:33Z INFO HostContext] Well known directory 'Diag': 'E:\devops\Complete Terraform\terraform\terraform 15AUG\terraform15Aug\actions-runner\_diag'
[2026-08-19 20:43:33Z INFO HostContext] Well known directory 'Bin': 'E:\devops\Complete Terraform\terraform\terraform 15AUG\terraform15Aug\actions-runner\bin'
[2026-08-19 20:43:33Z INFO HostContext] Well known directory 'Root': 'E:\devops\Complete Terraform\terraform\terraform 15AUG\terraform15Aug\actions-runner'
[2026-08-19 20:43:33Z INFO HostContext] Well known directory 'Diag': 'E:\devops\Complete Terraform\terraform\terraform 15AUG\terraform15Aug\actions-runner\_diag'
[2026-08-19 20:43:33Z INFO HostContext] Well known directory 'Bin': 'E:\devops\Complete Terraform\terraform\terraform 15AUG\terraform15Aug\actions-runner\bin'
[2026-08-19 20:43:33Z INFO HostContext] Well known directory 'Root': 'E:\devops\Complete Terraform\terraform\terraform 15AUG\terraform15Aug\actions-runner'
[2026-08-19 20:43:33Z INFO HostContext] Well known directory 'Diag': 'E:\devops\Complete Terraform\terraform\terraform 15AUG\terraform15Aug\actions-runner\_diag'
[2026-08-19 20:43:33Z INFO HostContext] Well known directory 'Bin': 'E:\devops\Complete Terraform\terraform\terraform 15AUG\terraform15Aug\actions-runner\bin'
[2026-08-19 20:43:33Z INFO HostContext] Well known directory 'Root': 'E:\devops\Complete Terraform\terraform\terraform 15AUG\terraform15Aug\actions-runner'
[2026-08-19 20:43:33Z INFO HostContext] Well known directory 'Diag': 'E:\devops\Complete Terraform\terraform\terraform 15AUG\terraform15Aug\actions-runner\_diag'
[2026-08-19 20:43:33Z INFO HostContext] Well known directory 'Bin': 'E:\devops\Complete Terraform\terraform\terraform 15AUG\terraform15Aug\actions-runner\bin'
[2026-08-19 20:43:33Z INFO HostContext] Well known directory 'Root': 'E:\devops\Complete Terraform\terraform\terraform 15AUG\terraform15Aug\actions-runner'
[2026-08-19 20:43:33Z INFO HostContext] Well known directory 'Diag': 'E:\devops\Complete Terraform\terraform\terraform 15AUG\terraform15Aug\actions-runner\_diag'
[2026-08-19 20:43:33Z INFO HostContext] Well known directory 'Bin': 'E:\devops\Complete Terraform\terraform\terraform 15AUG\terraform15Aug\actions-runner\bin'
[2026-08-19 20:43:33Z INFO HostContext] Well known directory 'Root': 'E:\devops\Complete Terraform\terraform\terraform 15AUG\terraform15Aug\actions-runner'
[2026-08-19 20:43:33Z INFO HostContext] Well known directory 'Diag': 'E:\devops\Complete Terraform\terraform\terraform 15AUG\terraform15Aug\actions-runner\_diag'
[2026-08-19 20:43:33Z INFO HostContext] Well known directory 'Bin': 'E:\devops\Complete Terraform\terraform\terraform 15AUG\terraform15Aug\actions-runner\bin'
[2026-08-19 20:43:33Z INFO HostContext] Well known directory 'Root': 'E:\devops\Complete Terraform\terraform\terraform 15AUG\terraform15Aug\actions-runner'
[2026-08-19 20:43:33Z INFO HostContext] Well known directory 'Diag': 'E:\devops\Complete Terraform\terraform\terraform 15AUG\terraform15Aug\actions-runner\_diag'
[2026-08-19 20:43:33Z INFO HostContext] Well known directory 'Bin': 'E:\devops\Complete Terraform\terraform\terraform 15AUG\terraform15Aug\actions-runner\bin'
[2026-08-19 20:43:33Z INFO HostContext] Well known directory 'Root': 'E:\devops\Complete Terraform\terraform\terraform 15AUG\terraform15Aug\actions-runner'
[2026-08-19 20:43:33Z INFO HostContext] Well known directory 'Diag': 'E:\devops\Complete Terraform\terraform\terraform 15AUG\terraform15Aug\actions-runner\_diag'
[2026-08-19 20:43:33Z INFO HostContext] Well known directory 'Bin': 'E:\devops\Complete Terraform\terraform\terraform 15AUG\terraform15Aug\actions-runner\bin'
[2026-08-19 20:43:33Z INFO HostContext] Well known directory 'Root': 'E:\devops\Complete Terraform\terraform\terraform 15AUG\terraform15Aug\actions-runner'
[2026-08-19 20:43:33Z INFO HostContext] Well known directory 'Diag': 'E:\devops\Complete Terraform\terraform\terraform 15AUG\terraform15Aug\actions-runner\_diag'
[2026-08-19 20:43:33Z INFO JobExtension] Total accessible running process: 245.
[2026-08-19 20:43:33Z INFO HostContext] Well known directory 'Bin': 'E:\devops\Complete Terraform\terraform\terraform 15AUG\terraform15Aug\actions-runner\bin'
[2026-08-19 20:43:33Z INFO HostContext] Well known directory 'Root': 'E:\devops\Complete Terraform\terraform\terraform 15AUG\terraform15Aug\actions-runner'
[2026-08-19 20:43:33Z INFO HostContext] Well known directory 'Work': 'E:\devops\Complete Terraform\terraform\terraform 15AUG\terraform15Aug\actions-runner\_work'
[2026-08-19 20:43:33Z INFO JobExtension] Start checking server connectivity.
[2026-08-19 20:43:33Z INFO JobExtension] Check server connectivity for https://broker.actions.githubusercontent.com/health.
[2026-08-19 20:43:33Z INFO JobExtension] Check server connectivity for https://token.actions.githubusercontent.com/ready.
[2026-08-19 20:43:33Z INFO JobExtension] Check server connectivity for https://run.actions.githubusercontent.com/health.
[2026-08-19 20:43:33Z INFO JobExtension] Start checking service connectivity in background.
[2026-08-19 20:43:33Z INFO ExecutionContext] Publish step telemetry for current step {
  "action": "setup_job",
  "type": "runner",
  "stage": "Pre",
  "stepId": "2fae3f72-7795-4e92-b2bd-2b31e6d61609",
  "result": "succeeded",
  "errorMessages": [],
  "executionTimeInSeconds": 4,
  "startTime": "2026-08-19T20:43:30.2037232Z",
  "finishTime": "2026-08-19T20:43:33.9373442Z"
}.
[2026-08-19 20:43:33Z INFO JobRunner] Total job steps: 8.
[2026-08-19 20:43:33Z INFO JobRunner] Waiting for job to be marked as started.
[2026-08-19 20:43:33Z INFO JobRunner] Run all job steps.
[2026-08-19 20:43:33Z INFO DapDebugger] DapDebugger initialized
[2026-08-19 20:43:33Z INFO StepsRunner] Processing step: DisplayName='Checkout Code'
[2026-08-19 20:43:34Z INFO StepsRunner] Evaluating: success()
[2026-08-19 20:43:34Z INFO StepsRunner] Result: true
[2026-08-19 20:43:34Z INFO StepsRunner] Starting the step.
[2026-08-19 20:43:34Z INFO HostContext] Well known directory 'Bin': 'E:\devops\Complete Terraform\terraform\terraform 15AUG\terraform15Aug\actions-runner\bin'
[2026-08-19 20:43:34Z INFO HostContext] Well known directory 'Root': 'E:\devops\Complete Terraform\terraform\terraform 15AUG\terraform15Aug\actions-runner'
[2026-08-19 20:43:34Z INFO HostContext] Well known directory 'Work': 'E:\devops\Complete Terraform\terraform\terraform 15AUG\terraform15Aug\actions-runner\_work'
[2026-08-19 20:43:34Z INFO StepsRunner] Which2: 'chcp'
[2026-08-19 20:43:34Z INFO StepsRunner] Location: 'C:\Windows\system32\chcp.COM'
[2026-08-19 20:43:34Z INFO ProcessInvokerWrapper] Starting process:
[2026-08-19 20:43:34Z INFO ProcessInvokerWrapper]   File name: 'C:\Windows\system32\chcp.COM'
[2026-08-19 20:43:34Z INFO ProcessInvokerWrapper]   Arguments: '65001'
[2026-08-19 20:43:34Z INFO ProcessInvokerWrapper]   Working directory: 'E:\devops\Complete Terraform\terraform\terraform 15AUG\terraform15Aug\actions-runner\_work'
[2026-08-19 20:43:34Z INFO ProcessInvokerWrapper]   Require exit code zero: 'False'
[2026-08-19 20:43:34Z INFO ProcessInvokerWrapper]   Encoding web name:  ; code page: ''
[2026-08-19 20:43:34Z INFO ProcessInvokerWrapper]   Force kill process on cancellation: 'False'
[2026-08-19 20:43:34Z INFO ProcessInvokerWrapper]   Redirected STDIN: 'False'
[2026-08-19 20:43:34Z INFO ProcessInvokerWrapper]   Persist current code page: 'True'
[2026-08-19 20:43:34Z INFO ProcessInvokerWrapper]   Keep redirected STDIN open: 'False'
[2026-08-19 20:43:34Z INFO ProcessInvokerWrapper]   High priority process: 'False'
[2026-08-19 20:43:34Z INFO ProcessInvokerWrapper] Process started with process id 2404, waiting for process exit.
[2026-08-19 20:43:34Z INFO ProcessInvokerWrapper] STDOUT/STDERR stream read finished.
[2026-08-19 20:43:34Z INFO ProcessInvokerWrapper] STDOUT/STDERR stream read finished.
[2026-08-19 20:43:34Z INFO ProcessInvokerWrapper] Finished process 2404 with exit code 0, and elapsed time 00:00:00.0403405.
[2026-08-19 20:43:34Z INFO StepsRunner] Successfully returned to code page 65001 (UTF8)
[2026-08-19 20:43:34Z INFO HostContext] Well known directory 'Bin': 'E:\devops\Complete Terraform\terraform\terraform 15AUG\terraform15Aug\actions-runner\bin'
[2026-08-19 20:43:34Z INFO HostContext] Well known directory 'Root': 'E:\devops\Complete Terraform\terraform\terraform 15AUG\terraform15Aug\actions-runner'
[2026-08-19 20:43:34Z INFO HostContext] Well known directory 'Work': 'E:\devops\Complete Terraform\terraform\terraform 15AUG\terraform15Aug\actions-runner\_work'
[2026-08-19 20:43:34Z INFO HostContext] Well known directory 'Actions': 'E:\devops\Complete Terraform\terraform\terraform 15AUG\terraform15Aug\actions-runner\_work\_actions'
[2026-08-19 20:43:34Z INFO ActionManager] Load action that reference repository from 'E:\devops\Complete Terraform\terraform\terraform 15AUG\terraform15Aug\actions-runner\_work\_actions\actions\checkout\v4'
[2026-08-19 20:43:34Z INFO HostContext] Well known directory 'Bin': 'E:\devops\Complete Terraform\terraform\terraform 15AUG\terraform15Aug\actions-runner\bin'
[2026-08-19 20:43:34Z INFO HostContext] Well known directory 'Root': 'E:\devops\Complete Terraform\terraform\terraform 15AUG\terraform15Aug\actions-runner'
[2026-08-19 20:43:34Z INFO HostContext] Well known directory 'Work': 'E:\devops\Complete Terraform\terraform\terraform 15AUG\terraform15Aug\actions-runner\_work'
[2026-08-19 20:43:34Z INFO HostContext] Well known directory 'Actions': 'E:\devops\Complete Terraform\terraform\terraform 15AUG\terraform15Aug\actions-runner\_work\_actions'
[2026-08-19 20:43:34Z INFO ActionManifestManagerLegacy] Loaded action.yml file: {
  "name": "Checkout",
  "description": "Checkout a Git repository at a particular version",
  "inputs": {
    "type": 2,
    "map": [
      {
        "key": {
          "type": 0,
          "file": 2,
          "line": 4,
          "col": 3,
          "lit": "repository"
        },
        "value": {
          "type": 3,
          "file": 2,
          "line": 6,
          "col": 14,
          "expr": "github.repository"
        }
      },
      {
        "key": {
          "type": 0,
          "file": 2,
          "line": 7,
          "col": 3,
          "lit": "ref"
        },
        "value": ""
      },
      {
        "key": {
          "type": 0,
          "file": 2,
          "line": 12,
          "col": 3,
          "lit": "token"
        },
        "value": {
          "type": 3,
          "file": 2,
          "line": 24,
          "col": 14,
          "expr": "github.token"
        }
      },
      {
        "key": {
          "type": 0,
          "file": 2,
          "line": 25,
          "col": 3,
          "lit": "ssh-key"
        },
        "value": ""
      },
      {
        "key": {
          "type": 0,
          "file": 2,
          "line": 37,
          "col": 3,
          "lit": "ssh-known-hosts"
        },
        "value": ""
      },
      {
        "key": {
          "type": 0,
          "file": 2,
          "line": 42,
          "col": 3,
          "lit": "ssh-strict"
        },
        "value": {
          "type": 0,
          "file": 2,
          "line": 47,
          "col": 14,
          "lit": "true"
        }
      },
      {
        "key": {
          "type": 0,
          "file": 2,
          "line": 48,
          "col": 3,
          "lit": "ssh-user"
        },
        "value": {
          "type": 0,
          "file": 2,
          "line": 51,
          "col": 14,
          "lit": "git"
        }
      },
      {
        "key": {
          "type": 0,
          "file": 2,
          "line": 52,
          "col": 3,
          "lit": "persist-credentials"
        },
        "value": {
          "type": 0,
          "file": 2,
          "line": 54,
          "col": 14,
          "lit": "true"
        }
      },
      {
        "key": {
          "type": 0,
          "file": 2,
          "line": 55,
          "col": 3,
          "lit": "path"
        },
        "value": ""
      },
      {
        "key": {
          "type": 0,
          "file": 2,
          "line": 57,
          "col": 3,
          "lit": "clean"
        },
        "value": {
          "type": 0,
          "file": 2,
          "line": 59,
          "col": 14,
          "lit": "true"
        }
      },
      {
        "key": {
          "type": 0,
          "file": 2,
          "line": 60,
          "col": 3,
          "lit": "filter"
        },
        "value": {
          "type": 0,
          "file": 2,
          "line": 64,
          "col": 14,
          "lit": ""
        }
      },
      {
        "key": {
          "type": 0,
          "file": 2,
          "line": 65,
          "col": 3,
          "lit": "sparse-checkout"
        },
        "value": {
          "type": 0,
          "file": 2,
          "line": 69,
          "col": 14,
          "lit": ""
        }
      },
      {
        "key": {
          "type": 0,
          "file": 2,
          "line": 70,
          "col": 3,
          "lit": "sparse-checkout-cone-mode"
        },
        "value": {
          "type": 0,
          "file": 2,
          "line": 73,
          "col": 14,
          "lit": "true"
        }
      },
      {
        "key": {
          "type": 0,
          "file": 2,
          "line": 74,
          "col": 3,
          "lit": "fetch-depth"
        },
        "value": {
          "type": 0,
          "file": 2,
          "line": 76,
          "col": 14,
          "lit": "1"
        }
      },
      {
        "key": {
          "type": 0,
          "file": 2,
          "line": 77,
          "col": 3,
          "lit": "fetch-tags"
        },
        "value": {
          "type": 0,
          "file": 2,
          "line": 79,
          "col": 14,
          "lit": "false"
        }
      },
      {
        "key": {
          "type": 0,
          "file": 2,
          "line": 80,
          "col": 3,
          "lit": "show-progress"
        },
        "value": {
          "type": 0,
          "file": 2,
          "line": 82,
          "col": 14,
          "lit": "true"
        }
      },
      {
        "key": {
          "type": 0,
          "file": 2,
          "line": 83,
          "col": 3,
          "lit": "lfs"
        },
        "value": {
          "type": 0,
          "file": 2,
          "line": 85,
          "col": 14,
          "lit": "false"
        }
      },
      {
        "key": {
          "type": 0,
          "file": 2,
          "line": 86,
          "col": 3,
          "lit": "submodules"
        },
        "value": {
          "type": 0,
          "file": 2,
          "line": 94,
          "col": 14,
          "lit": "false"
        }
      },
      {
        "key": {
          "type": 0,
          "file": 2,
          "line": 95,
          "col": 3,
          "lit": "set-safe-directory"
        },
        "value": {
          "type": 0,
          "file": 2,
          "line": 97,
          "col": 14,
          "lit": "true"
        }
      },
      {
        "key": {
          "type": 0,
          "file": 2,
          "line": 98,
          "col": 3,
          "lit": "github-server-url"
        },
        "value": ""
      },
      {
        "key": {
          "type": 0,
          "file": 2,
          "line": 101,
          "col": 3,
          "lit": "allow-unsafe-pr-checkout"
        },
        "value": {
          "type": 0,
          "file": 2,
          "line": 109,
          "col": 14,
          "lit": "false"
        }
      }
    ]
  },
  "execution": {
    "executionType": "nodeJS",
    "hasPre": false,
    "hasPost": true,
    "script": "dist/index.js",
    "pre": null,
    "post": "dist/index.js",
    "nodeVersion": "node20",
    "cleanupCondition": "always()",
    "initCondition": "always()"
  },
  "deprecated": null
}
[2026-08-19 20:43:34Z INFO JobServerQueue] Try to append 1 batches web console lines for record '2fae3f72-7795-4e92-b2bd-2b31e6d61609', success rate: 1/1.
[2026-08-19 20:43:34Z INFO ActionManager] Action pre node.js file: N/A.
[2026-08-19 20:43:34Z INFO ActionManager] Action node.js file: dist/index.js.
[2026-08-19 20:43:34Z INFO ActionManager] Action post node.js file: dist/index.js.
[2026-08-19 20:43:34Z INFO ExecutionContext] Reserve record order 10 to 18 for post job actions.
[2026-08-19 20:43:34Z INFO HostContext] Well known directory 'Bin': 'E:\devops\Complete Terraform\terraform\terraform 15AUG\terraform15Aug\actions-runner\bin'
[2026-08-19 20:43:34Z INFO HostContext] Well known directory 'Root': 'E:\devops\Complete Terraform\terraform\terraform 15AUG\terraform15Aug\actions-runner'
[2026-08-19 20:43:34Z INFO HostContext] Well known directory 'Diag': 'E:\devops\Complete Terraform\terraform\terraform 15AUG\terraform15Aug\actions-runner\_diag'
[2026-08-19 20:43:34Z INFO HostContext] Well known directory 'Bin': 'E:\devops\Complete Terraform\terraform\terraform 15AUG\terraform15Aug\actions-runner\bin'
[2026-08-19 20:43:34Z INFO HostContext] Well known directory 'Root': 'E:\devops\Complete Terraform\terraform\terraform 15AUG\terraform15Aug\actions-runner'
[2026-08-19 20:43:34Z INFO HostContext] Well known directory 'Diag': 'E:\devops\Complete Terraform\terraform\terraform 15AUG\terraform15Aug\actions-runner\_diag'
[2026-08-19 20:43:34Z INFO JobServerQueue] Got a step log file to send to results service.
[2026-08-19 20:43:34Z INFO HostContext] Well known directory 'Bin': 'E:\devops\Complete Terraform\terraform\terraform 15AUG\terraform15Aug\actions-runner\bin'
[2026-08-19 20:43:34Z INFO HostContext] Well known directory 'Root': 'E:\devops\Complete Terraform\terraform\terraform 15AUG\terraform15Aug\actions-runner'
[2026-08-19 20:43:34Z INFO HostContext] Well known directory 'Work': 'E:\devops\Complete Terraform\terraform\terraform 15AUG\terraform15Aug\actions-runner\_work'
[2026-08-19 20:43:34Z INFO HostContext] Well known directory 'Temp': 'E:\devops\Complete Terraform\terraform\terraform 15AUG\terraform15Aug\actions-runner\_work\_temp'
[2026-08-19 20:43:34Z INFO JobServerQueue] Starting upload of step log file to results service ResultsLog, E:\devops\Complete Terraform\terraform\terraform 15AUG\terraform15Aug\actions-runner\_diag\blocks\7983c82a-9ef7-4101-8b16-8dc60421bf78_2fae3f72-7795-4e92-b2bd-2b31e6d61609.1
[2026-08-19 20:43:34Z INFO JobServerQueue] Try to upload 1 log files or attachments, success rate: 1/1.
[2026-08-19 20:43:34Z INFO ExecutionContext] Write event payload to E:\devops\Complete Terraform\terraform\terraform 15AUG\terraform15Aug\actions-runner\_work\_temp\_github_workflow\event.json
[2026-08-19 20:43:34Z INFO HostContext] Well known directory 'Bin': 'E:\devops\Complete Terraform\terraform\terraform 15AUG\terraform15Aug\actions-runner\bin'
[2026-08-19 20:43:34Z INFO HostContext] Well known directory 'Root': 'E:\devops\Complete Terraform\terraform\terraform 15AUG\terraform15Aug\actions-runner'
[2026-08-19 20:43:34Z INFO HostContext] Well known directory 'Work': 'E:\devops\Complete Terraform\terraform\terraform 15AUG\terraform15Aug\actions-runner\_work'
[2026-08-19 20:43:34Z INFO HostContext] Well known directory 'Temp': 'E:\devops\Complete Terraform\terraform\terraform 15AUG\terraform15Aug\actions-runner\_work\_temp'
[2026-08-19 20:43:34Z INFO ExtensionManager] Getting extensions for interface: 'GitHub.Runner.Worker.IFileCommandExtension'
[2026-08-19 20:43:34Z INFO ExtensionManager] Creating instance: GitHub.Runner.Worker.AddPathFileCommand, Runner.Worker
[2026-08-19 20:43:34Z INFO ExtensionManager] Creating instance: GitHub.Runner.Worker.SetEnvFileCommand, Runner.Worker
[2026-08-19 20:43:34Z INFO ExtensionManager] Creating instance: GitHub.Runner.Worker.CreateStepSummaryCommand, Runner.Worker
[2026-08-19 20:43:34Z INFO ExtensionManager] Creating instance: GitHub.Runner.Worker.SaveStateFileCommand, Runner.Worker
[2026-08-19 20:43:34Z INFO ExtensionManager] Creating instance: GitHub.Runner.Worker.SetOutputFileCommand, Runner.Worker
[2026-08-19 20:43:34Z INFO ExtensionManager] Creating instance: GitHub.Runner.Worker.CreateArtifactsFileCommand, Runner.Worker
[2026-08-19 20:43:34Z INFO ExtensionManager] Creating instance: GitHub.Runner.Worker.ArtifactsListFileCommand, Runner.Worker
[2026-08-19 20:43:34Z INFO ActionManifestManagerLegacy] Input 'repository': default value evaluate result: {
  "type": 0,
  "file": 2,
  "line": 6,
  "col": 14,
  "lit": "rahulsharma582/terraform15Aug"
}
[2026-08-19 20:43:34Z INFO ActionManifestManagerLegacy] Input 'ref': default value evaluate result: ""
[2026-08-19 20:43:34Z INFO ActionManifestManagerLegacy] Input 'token': default value evaluate result: {
  "type": 0,
  "file": 2,
  "line": 24,
  "col": 14,
  "lit": "***"
}
[2026-08-19 20:43:34Z INFO ActionManifestManagerLegacy] Input 'ssh-key': default value evaluate result: ""
[2026-08-19 20:43:34Z INFO ActionManifestManagerLegacy] Input 'ssh-known-hosts': default value evaluate result: ""
[2026-08-19 20:43:34Z INFO ActionManifestManagerLegacy] Input 'ssh-strict': default value evaluate result: {
  "type": 0,
  "file": 2,
  "line": 47,
  "col": 14,
  "lit": "true"
}
[2026-08-19 20:43:34Z INFO ActionManifestManagerLegacy] Input 'ssh-user': default value evaluate result: {
  "type": 0,
  "file": 2,
  "line": 51,
  "col": 14,
  "lit": "git"
}
[2026-08-19 20:43:34Z INFO ActionManifestManagerLegacy] Input 'persist-credentials': default value evaluate result: {
  "type": 0,
  "file": 2,
  "line": 54,
  "col": 14,
  "lit": "true"
}
[2026-08-19 20:43:34Z INFO ActionManifestManagerLegacy] Input 'path': default value evaluate result: ""
[2026-08-19 20:43:34Z INFO ActionManifestManagerLegacy] Input 'clean': default value evaluate result: {
  "type": 0,
  "file": 2,
  "line": 59,
  "col": 14,
  "lit": "true"
}
[2026-08-19 20:43:34Z INFO ActionManifestManagerLegacy] Input 'filter': default value evaluate result: {
  "type": 0,
  "file": 2,
  "line": 64,
  "col": 14,
  "lit": ""
}
[2026-08-19 20:43:34Z INFO ActionManifestManagerLegacy] Input 'sparse-checkout': default value evaluate result: {
  "type": 0,
  "file": 2,
  "line": 69,
  "col": 14,
  "lit": ""
}
[2026-08-19 20:43:34Z INFO ActionManifestManagerLegacy] Input 'sparse-checkout-cone-mode': default value evaluate result: {
  "type": 0,
  "file": 2,
  "line": 73,
  "col": 14,
  "lit": "true"
}
[2026-08-19 20:43:34Z INFO ActionManifestManagerLegacy] Input 'fetch-depth': default value evaluate result: {
  "type": 0,
  "file": 2,
  "line": 76,
  "col": 14,
  "lit": "1"
}
[2026-08-19 20:43:34Z INFO ActionManifestManagerLegacy] Input 'fetch-tags': default value evaluate result: {
  "type": 0,
  "file": 2,
  "line": 79,
  "col": 14,
  "lit": "false"
}
[2026-08-19 20:43:34Z INFO ActionManifestManagerLegacy] Input 'show-progress': default value evaluate result: {
  "type": 0,
  "file": 2,
  "line": 82,
  "col": 14,
  "lit": "true"
}
[2026-08-19 20:43:34Z INFO ActionManifestManagerLegacy] Input 'lfs': default value evaluate result: {
  "type": 0,
  "file": 2,
  "line": 85,
  "col": 14,
  "lit": "false"
}
[2026-08-19 20:43:34Z INFO ActionManifestManagerLegacy] Input 'submodules': default value evaluate result: {
  "type": 0,
  "file": 2,
  "line": 94,
  "col": 14,
  "lit": "false"
}
[2026-08-19 20:43:34Z INFO ActionManifestManagerLegacy] Input 'set-safe-directory': default value evaluate result: {
  "type": 0,
  "file": 2,
  "line": 97,
  "col": 14,
  "lit": "true"
}
[2026-08-19 20:43:34Z INFO ActionManifestManagerLegacy] Input 'github-server-url': default value evaluate result: ""
[2026-08-19 20:43:34Z INFO ActionManifestManagerLegacy] Input 'allow-unsafe-pr-checkout': default value evaluate result: {
  "type": 0,
  "file": 2,
  "line": 109,
  "col": 14,
  "lit": "false"
}
[2026-08-19 20:43:34Z INFO ExtensionManager] Getting extensions for interface: 'GitHub.Runner.Worker.IActionCommandExtension'
[2026-08-19 20:43:34Z INFO ExtensionManager] Creating instance: GitHub.Runner.Worker.InternalPluginSetRepoPathCommandExtension, Runner.Worker
[2026-08-19 20:43:34Z INFO ExtensionManager] Creating instance: GitHub.Runner.Worker.SetEnvCommandExtension, Runner.Worker
[2026-08-19 20:43:34Z INFO ExtensionManager] Creating instance: GitHub.Runner.Worker.SetOutputCommandExtension, Runner.Worker
[2026-08-19 20:43:34Z INFO ExtensionManager] Creating instance: GitHub.Runner.Worker.SaveStateCommandExtension, Runner.Worker
[2026-08-19 20:43:34Z INFO ExtensionManager] Creating instance: GitHub.Runner.Worker.AddPathCommandExtension, Runner.Worker
[2026-08-19 20:43:34Z INFO ExtensionManager] Creating instance: GitHub.Runner.Worker.AddMaskCommandExtension, Runner.Worker
[2026-08-19 20:43:34Z INFO ExtensionManager] Creating instance: GitHub.Runner.Worker.AddMatcherCommandExtension, Runner.Worker
[2026-08-19 20:43:34Z INFO ExtensionManager] Creating instance: GitHub.Runner.Worker.RemoveMatcherCommandExtension, Runner.Worker
[2026-08-19 20:43:34Z INFO ExtensionManager] Creating instance: GitHub.Runner.Worker.WarningCommandExtension, Runner.Worker
[2026-08-19 20:43:34Z INFO ExtensionManager] Creating instance: GitHub.Runner.Worker.ErrorCommandExtension, Runner.Worker
[2026-08-19 20:43:34Z INFO ExtensionManager] Creating instance: GitHub.Runner.Worker.NoticeCommandExtension, Runner.Worker
[2026-08-19 20:43:34Z INFO ExtensionManager] Creating instance: GitHub.Runner.Worker.DebugCommandExtension, Runner.Worker
[2026-08-19 20:43:34Z INFO ExtensionManager] Creating instance: GitHub.Runner.Worker.GroupCommandExtension, Runner.Worker
[2026-08-19 20:43:34Z INFO ExtensionManager] Creating instance: GitHub.Runner.Worker.EndGroupCommandExtension, Runner.Worker
[2026-08-19 20:43:34Z INFO ExtensionManager] Creating instance: GitHub.Runner.Worker.EchoCommandExtension, Runner.Worker
[2026-08-19 20:43:34Z INFO ActionCommandManager] Register action command extension for command internal-set-repo-path
[2026-08-19 20:43:34Z INFO ActionCommandManager] Register action command extension for command set-env
[2026-08-19 20:43:34Z INFO ActionCommandManager] Register action command extension for command set-output
[2026-08-19 20:43:34Z INFO ActionCommandManager] Register action command extension for command save-state
[2026-08-19 20:43:34Z INFO ActionCommandManager] Register action command extension for command add-path
[2026-08-19 20:43:34Z INFO ActionCommandManager] Register action command extension for command add-mask
[2026-08-19 20:43:34Z INFO ActionCommandManager] Register action command extension for command add-matcher
[2026-08-19 20:43:34Z INFO ActionCommandManager] Register action command extension for command remove-matcher
[2026-08-19 20:43:34Z INFO ActionCommandManager] Register action command extension for command warning
[2026-08-19 20:43:34Z INFO ActionCommandManager] Register action command extension for command error
[2026-08-19 20:43:34Z INFO ActionCommandManager] Register action command extension for command notice
[2026-08-19 20:43:34Z INFO ActionCommandManager] Register action command extension for command debug
[2026-08-19 20:43:34Z INFO ActionCommandManager] Register action command extension for command group
[2026-08-19 20:43:34Z INFO ActionCommandManager] Register action command extension for command endgroup
[2026-08-19 20:43:34Z INFO ActionCommandManager] Register action command extension for command echo
[2026-08-19 20:43:34Z INFO HostContext] Well known directory 'Bin': 'E:\devops\Complete Terraform\terraform\terraform 15AUG\terraform15Aug\actions-runner\bin'
[2026-08-19 20:43:34Z INFO HostContext] Well known directory 'Root': 'E:\devops\Complete Terraform\terraform\terraform 15AUG\terraform15Aug\actions-runner'
[2026-08-19 20:43:34Z INFO HostContext] Well known directory 'Externals': 'E:\devops\Complete Terraform\terraform\terraform 15AUG\terraform15Aug\actions-runner\externals'
[2026-08-19 20:43:34Z INFO ProcessInvokerWrapper] Starting process:
[2026-08-19 20:43:34Z INFO ProcessInvokerWrapper]   File name: 'E:\devops\Complete Terraform\terraform\terraform 15AUG\terraform15Aug\actions-runner\externals\node24\bin\node.exe'
[2026-08-19 20:43:34Z INFO ProcessInvokerWrapper]   Arguments: '"E:\devops\Complete Terraform\terraform\terraform 15AUG\terraform15Aug\actions-runner\_work\_actions\actions\checkout\v4\dist/index.js"'
[2026-08-19 20:43:34Z INFO ProcessInvokerWrapper]   Working directory: 'E:\devops\Complete Terraform\terraform\terraform 15AUG\terraform15Aug\actions-runner\_work\terraform15Aug\terraform15Aug'
[2026-08-19 20:43:34Z INFO ProcessInvokerWrapper]   Require exit code zero: 'False'
[2026-08-19 20:43:34Z INFO ProcessInvokerWrapper]   Encoding web name: utf-8 ; code page: '65001'
[2026-08-19 20:43:34Z INFO ProcessInvokerWrapper]   Force kill process on cancellation: 'False'
[2026-08-19 20:43:34Z INFO ProcessInvokerWrapper]   Redirected STDIN: 'False'
[2026-08-19 20:43:34Z INFO ProcessInvokerWrapper]   Persist current code page: 'True'
[2026-08-19 20:43:34Z INFO ProcessInvokerWrapper]   Keep redirected STDIN open: 'False'
[2026-08-19 20:43:34Z INFO ProcessInvokerWrapper]   High priority process: 'False'
[2026-08-19 20:43:34Z INFO ProcessInvokerWrapper] Process started with process id 15220, waiting for process exit.
[2026-08-19 20:43:34Z INFO JobServerQueue] Try to append 1 batches web console lines for record '1d9ac231-3a8f-4aed-b1a6-2743d65810c8', success rate: 1/1.
[2026-08-19 20:43:34Z INFO JobServerQueue] Try to append 1 batches web console lines for record '1d9ac231-3a8f-4aed-b1a6-2743d65810c8', success rate: 1/1.
[2026-08-19 20:43:34Z INFO AddMaskCommandExtension] Add new secret mask with length of 524
[2026-08-19 20:43:35Z INFO JobServerQueue] Try to append 1 batches web console lines for record '1d9ac231-3a8f-4aed-b1a6-2743d65810c8', success rate: 1/1.
[2026-08-19 20:43:35Z INFO JobServerQueue] Try to append 1 batches web console lines for record '1d9ac231-3a8f-4aed-b1a6-2743d65810c8', success rate: 1/1.
[2026-08-19 20:43:35Z INFO JobServerQueue] Try to append 1 batches web console lines for record '1d9ac231-3a8f-4aed-b1a6-2743d65810c8', success rate: 1/1.
[2026-08-19 20:43:36Z INFO JobServerQueue] Tried to upload 1 file(s) to results, success rate: 1/1.
[2026-08-19 20:43:37Z INFO JobServerQueue] Try to append 1 batches web console lines for record '1d9ac231-3a8f-4aed-b1a6-2743d65810c8', success rate: 1/1.
[2026-08-19 20:43:37Z INFO JobServerQueue] Try to append 1 batches web console lines for record '1d9ac231-3a8f-4aed-b1a6-2743d65810c8', success rate: 1/1.
[2026-08-19 20:43:38Z INFO JobServerQueue] Try to append 1 batches web console lines for record '1d9ac231-3a8f-4aed-b1a6-2743d65810c8', success rate: 1/1.
[2026-08-19 20:43:38Z INFO JobServerQueue] Try to append 1 batches web console lines for record '1d9ac231-3a8f-4aed-b1a6-2743d65810c8', success rate: 1/1.
[2026-08-19 20:43:38Z INFO JobServerQueue] Try to append 1 batches web console lines for record '1d9ac231-3a8f-4aed-b1a6-2743d65810c8', success rate: 1/1.
[2026-08-19 20:43:40Z INFO JobServerQueue] Try to append 1 batches web console lines for record '1d9ac231-3a8f-4aed-b1a6-2743d65810c8', success rate: 1/1.
[2026-08-19 20:43:41Z INFO JobServerQueue] Try to append 1 batches web console lines for record '1d9ac231-3a8f-4aed-b1a6-2743d65810c8', success rate: 1/1.
[2026-08-19 20:43:43Z INFO JobServerQueue] Try to append 1 batches web console lines for record '1d9ac231-3a8f-4aed-b1a6-2743d65810c8', success rate: 1/1.
[2026-08-19 20:43:43Z INFO HostContext] Well known directory 'Bin': 'E:\devops\Complete Terraform\terraform\terraform 15AUG\terraform15Aug\actions-runner\bin'
[2026-08-19 20:43:43Z INFO HostContext] Well known directory 'Root': 'E:\devops\Complete Terraform\terraform\terraform 15AUG\terraform15Aug\actions-runner'
[2026-08-19 20:43:43Z INFO HostContext] Well known directory 'Work': 'E:\devops\Complete Terraform\terraform\terraform 15AUG\terraform15Aug\actions-runner\_work'
[2026-08-19 20:43:53Z INFO HostContext] Well known directory 'Bin': 'E:\devops\Complete Terraform\terraform\terraform 15AUG\terraform15Aug\actions-runner\bin'
[2026-08-19 20:43:53Z INFO HostContext] Well known directory 'Root': 'E:\devops\Complete Terraform\terraform\terraform 15AUG\terraform15Aug\actions-runner'
[2026-08-19 20:43:53Z INFO HostContext] Well known directory 'Work': 'E:\devops\Complete Terraform\terraform\terraform 15AUG\terraform15Aug\actions-runner\_work'
[2026-08-19 20:44:03Z INFO HostContext] Well known directory 'Bin': 'E:\devops\Complete Terraform\terraform\terraform 15AUG\terraform15Aug\actions-runner\bin'
[2026-08-19 20:44:03Z INFO HostContext] Well known directory 'Root': 'E:\devops\Complete Terraform\terraform\terraform 15AUG\terraform15Aug\actions-runner'
[2026-08-19 20:44:03Z INFO HostContext] Well known directory 'Work': 'E:\devops\Complete Terraform\terraform\terraform 15AUG\terraform15Aug\actions-runner\_work'
[2026-08-19 20:44:13Z INFO HostContext] Well known directory 'Bin': 'E:\devops\Complete Terraform\terraform\terraform 15AUG\terraform15Aug\actions-runner\bin'
[2026-08-19 20:44:13Z INFO HostContext] Well known directory 'Root': 'E:\devops\Complete Terraform\terraform\terraform 15AUG\terraform15Aug\actions-runner'
[2026-08-19 20:44:13Z INFO HostContext] Well known directory 'Work': 'E:\devops\Complete Terraform\terraform\terraform 15AUG\terraform15Aug\actions-runner\_work'
[2026-08-19 20:44:24Z INFO HostContext] Well known directory 'Bin': 'E:\devops\Complete Terraform\terraform\terraform 15AUG\terraform15Aug\actions-runner\bin'
[2026-08-19 20:44:24Z INFO HostContext] Well known directory 'Root': 'E:\devops\Complete Terraform\terraform\terraform 15AUG\terraform15Aug\actions-runner'
[2026-08-19 20:44:24Z INFO HostContext] Well known directory 'Work': 'E:\devops\Complete Terraform\terraform\terraform 15AUG\terraform15Aug\actions-runner\_work'
[2026-08-19 20:44:33Z INFO JobServerQueue] Stop aggressive process web console line queue.
[2026-08-19 20:44:34Z INFO HostContext] Well known directory 'Bin': 'E:\devops\Complete Terraform\terraform\terraform 15AUG\terraform15Aug\actions-runner\bin'
[2026-08-19 20:44:34Z INFO HostContext] Well known directory 'Root': 'E:\devops\Complete Terraform\terraform\terraform 15AUG\terraform15Aug\actions-runner'
[2026-08-19 20:44:34Z INFO HostContext] Well known directory 'Work': 'E:\devops\Complete Terraform\terraform\terraform 15AUG\terraform15Aug\actions-runner\_work'
[2026-08-19 20:44:44Z INFO HostContext] Well known directory 'Bin': 'E:\devops\Complete Terraform\terraform\terraform 15AUG\terraform15Aug\actions-runner\bin'
[2026-08-19 20:44:44Z INFO HostContext] Well known directory 'Root': 'E:\devops\Complete Terraform\terraform\terraform 15AUG\terraform15Aug\actions-runner'
[2026-08-19 20:44:44Z INFO HostContext] Well known directory 'Work': 'E:\devops\Complete Terraform\terraform\terraform 15AUG\terraform15Aug\actions-runner\_work'
[2026-08-19 20:44:47Z INFO JobServerQueue] Try to append 1 batches web console lines for record '1d9ac231-3a8f-4aed-b1a6-2743d65810c8', success rate: 1/1.
[2026-08-19 20:44:48Z INFO JobServerQueue] Try to append 1 batches web console lines for record '1d9ac231-3a8f-4aed-b1a6-2743d65810c8', success rate: 1/1.
[2026-08-19 20:44:49Z INFO JobServerQueue] Try to append 1 batches web console lines for record '1d9ac231-3a8f-4aed-b1a6-2743d65810c8', success rate: 1/1.
[2026-08-19 20:44:49Z INFO JobServerQueue] Try to append 1 batches web console lines for record '1d9ac231-3a8f-4aed-b1a6-2743d65810c8', success rate: 1/1.
[2026-08-19 20:44:50Z INFO JobServerQueue] Try to append 1 batches web console lines for record '1d9ac231-3a8f-4aed-b1a6-2743d65810c8', success rate: 1/1.
[2026-08-19 20:44:52Z INFO JobServerQueue] Try to append 1 batches web console lines for record '1d9ac231-3a8f-4aed-b1a6-2743d65810c8', success rate: 1/1.
[2026-08-19 20:44:53Z INFO ProcessInvokerWrapper] STDOUT/STDERR stream read finished.
[2026-08-19 20:44:53Z INFO ProcessInvokerWrapper] STDOUT/STDERR stream read finished.
[2026-08-19 20:44:53Z INFO ProcessInvokerWrapper] Finished process 15220 with exit code 0, and elapsed time 00:01:19.2459008.
[2026-08-19 20:44:53Z INFO CreateStepSummaryCommand] Step Summary file (E:\devops\Complete Terraform\terraform\terraform 15AUG\terraform15Aug\actions-runner\_work\_temp\_runner_file_commands\step_summary_731066e6-c131-4f3a-a871-80d8e170402e) is empty; skipping attachment upload
[2026-08-19 20:44:53Z INFO StepsRunner] Step result: 
[2026-08-19 20:44:53Z INFO ExecutionContext] Publish step telemetry for current step {
  "action": "actions/checkout",
  "ref": "v4",
  "type": "node24",
  "stage": "Main",
  "stepId": "1d9ac231-3a8f-4aed-b1a6-2743d65810c8",
  "stepContextName": "__actions_checkout",
  "hasPreStep": false,
  "hasPostStep": true,
  "result": "succeeded",
  "errorMessages": [
    "no submodule mapping found in .gitmodules for path 'actions-runner/_work/terraform15Aug/terraform15Aug'",
    "Unable to clean or reset the repository. The repository will be recreated instead."
  ],
  "executionTimeInSeconds": 80,
  "startTime": "2026-08-19T20:43:33.9918133Z",
  "finishTime": "2026-08-19T20:44:53.5477628Z"
}.
[2026-08-19 20:44:53Z INFO StepsRunner] No need for updating job result with current step result 'Succeeded'.
[2026-08-19 20:44:53Z INFO StepsRunner] Current state: job state = ''
[2026-08-19 20:44:53Z INFO StepsRunner] Processing step: DisplayName='Check Terraform Directory'
[2026-08-19 20:44:53Z INFO StepsRunner] Evaluating: success()
[2026-08-19 20:44:53Z INFO StepsRunner] Result: true
[2026-08-19 20:44:53Z INFO StepsRunner] Starting the step.
[2026-08-19 20:44:53Z INFO HostContext] Well known directory 'Bin': 'E:\devops\Complete Terraform\terraform\terraform 15AUG\terraform15Aug\actions-runner\bin'
[2026-08-19 20:44:53Z INFO HostContext] Well known directory 'Root': 'E:\devops\Complete Terraform\terraform\terraform 15AUG\terraform15Aug\actions-runner'
[2026-08-19 20:44:53Z INFO HostContext] Well known directory 'Work': 'E:\devops\Complete Terraform\terraform\terraform 15AUG\terraform15Aug\actions-runner\_work'
[2026-08-19 20:44:53Z INFO StepsRunner] Which2: 'chcp'
[2026-08-19 20:44:53Z INFO StepsRunner] Location: 'C:\Windows\system32\chcp.COM'
[2026-08-19 20:44:53Z INFO ProcessInvokerWrapper] Starting process:
[2026-08-19 20:44:53Z INFO ProcessInvokerWrapper]   File name: 'C:\Windows\system32\chcp.COM'
[2026-08-19 20:44:53Z INFO ProcessInvokerWrapper]   Arguments: '65001'
[2026-08-19 20:44:53Z INFO ProcessInvokerWrapper]   Working directory: 'E:\devops\Complete Terraform\terraform\terraform 15AUG\terraform15Aug\actions-runner\_work'
[2026-08-19 20:44:53Z INFO ProcessInvokerWrapper]   Require exit code zero: 'False'
[2026-08-19 20:44:53Z INFO ProcessInvokerWrapper]   Encoding web name:  ; code page: ''
[2026-08-19 20:44:53Z INFO ProcessInvokerWrapper]   Force kill process on cancellation: 'False'
[2026-08-19 20:44:53Z INFO ProcessInvokerWrapper]   Redirected STDIN: 'False'
[2026-08-19 20:44:53Z INFO ProcessInvokerWrapper]   Persist current code page: 'True'
[2026-08-19 20:44:53Z INFO ProcessInvokerWrapper]   Keep redirected STDIN open: 'False'
[2026-08-19 20:44:53Z INFO ProcessInvokerWrapper]   High priority process: 'False'
[2026-08-19 20:44:53Z INFO ProcessInvokerWrapper] Process started with process id 11316, waiting for process exit.
[2026-08-19 20:44:53Z INFO ProcessInvokerWrapper] STDOUT/STDERR stream read finished.
[2026-08-19 20:44:53Z INFO ProcessInvokerWrapper] STDOUT/STDERR stream read finished.
[2026-08-19 20:44:53Z INFO JobServerQueue] Try to append 1 batches web console lines for record '1d9ac231-3a8f-4aed-b1a6-2743d65810c8', success rate: 1/1.
[2026-08-19 20:44:53Z INFO ProcessInvokerWrapper] Finished process 11316 with exit code 0, and elapsed time 00:00:00.0359361.
[2026-08-19 20:44:53Z INFO StepsRunner] Successfully returned to code page 65001 (UTF8)
[2026-08-19 20:44:53Z INFO HostContext] Well known directory 'Bin': 'E:\devops\Complete Terraform\terraform\terraform 15AUG\terraform15Aug\actions-runner\bin'
[2026-08-19 20:44:53Z INFO HostContext] Well known directory 'Root': 'E:\devops\Complete Terraform\terraform\terraform 15AUG\terraform15Aug\actions-runner'
[2026-08-19 20:44:53Z INFO HostContext] Well known directory 'Work': 'E:\devops\Complete Terraform\terraform\terraform 15AUG\terraform15Aug\actions-runner\_work'
[2026-08-19 20:44:53Z INFO HostContext] Well known directory 'Temp': 'E:\devops\Complete Terraform\terraform\terraform 15AUG\terraform15Aug\actions-runner\_work\_temp'
[2026-08-19 20:44:53Z INFO ExecutionContext] Write event payload to E:\devops\Complete Terraform\terraform\terraform 15AUG\terraform15Aug\actions-runner\_work\_temp\_github_workflow\event.json
[2026-08-19 20:44:53Z INFO HostContext] Well known directory 'Bin': 'E:\devops\Complete Terraform\terraform\terraform 15AUG\terraform15Aug\actions-runner\bin'
[2026-08-19 20:44:53Z INFO HostContext] Well known directory 'Root': 'E:\devops\Complete Terraform\terraform\terraform 15AUG\terraform15Aug\actions-runner'
[2026-08-19 20:44:53Z INFO HostContext] Well known directory 'Work': 'E:\devops\Complete Terraform\terraform\terraform 15AUG\terraform15Aug\actions-runner\_work'
[2026-08-19 20:44:53Z INFO HostContext] Well known directory 'Temp': 'E:\devops\Complete Terraform\terraform\terraform 15AUG\terraform15Aug\actions-runner\_work\_temp'
[2026-08-19 20:44:53Z INFO ExtensionManager] Getting extensions for interface: 'GitHub.Runner.Worker.IFileCommandExtension'
[2026-08-19 20:44:53Z INFO ExtensionManager] Getting extensions for interface: 'GitHub.Runner.Worker.IActionCommandExtension'
[2026-08-19 20:44:53Z INFO ActionCommandManager] Register action command extension for command internal-set-repo-path
[2026-08-19 20:44:53Z INFO ActionCommandManager] Register action command extension for command set-env
[2026-08-19 20:44:53Z INFO ActionCommandManager] Register action command extension for command set-output
[2026-08-19 20:44:53Z INFO ActionCommandManager] Register action command extension for command save-state
[2026-08-19 20:44:53Z INFO ActionCommandManager] Register action command extension for command add-path
[2026-08-19 20:44:53Z INFO ActionCommandManager] Register action command extension for command add-mask
[2026-08-19 20:44:53Z INFO ActionCommandManager] Register action command extension for command add-matcher
[2026-08-19 20:44:53Z INFO ActionCommandManager] Register action command extension for command remove-matcher
[2026-08-19 20:44:53Z INFO ActionCommandManager] Register action command extension for command warning
[2026-08-19 20:44:53Z INFO ActionCommandManager] Register action command extension for command error
[2026-08-19 20:44:53Z INFO ActionCommandManager] Register action command extension for command notice
[2026-08-19 20:44:53Z INFO ActionCommandManager] Register action command extension for command debug
[2026-08-19 20:44:53Z INFO ActionCommandManager] Register action command extension for command group
[2026-08-19 20:44:53Z INFO ActionCommandManager] Register action command extension for command endgroup
[2026-08-19 20:44:53Z INFO ActionCommandManager] Register action command extension for command echo
[2026-08-19 20:44:53Z INFO ScriptHandler] Which2: 'bash'
[2026-08-19 20:44:53Z INFO ScriptHandler] Location: 'C:\Windows\system32\bash.EXE'
[2026-08-19 20:44:53Z INFO HostContext] Well known directory 'Bin': 'E:\devops\Complete Terraform\terraform\terraform 15AUG\terraform15Aug\actions-runner\bin'
[2026-08-19 20:44:53Z INFO HostContext] Well known directory 'Root': 'E:\devops\Complete Terraform\terraform\terraform 15AUG\terraform15Aug\actions-runner'
[2026-08-19 20:44:53Z INFO HostContext] Well known directory 'Work': 'E:\devops\Complete Terraform\terraform\terraform 15AUG\terraform15Aug\actions-runner\_work'
[2026-08-19 20:44:53Z INFO HostContext] Well known directory 'Temp': 'E:\devops\Complete Terraform\terraform\terraform 15AUG\terraform15Aug\actions-runner\_work\_temp'
[2026-08-19 20:44:53Z INFO ScriptHandler] Which2: 'bash'
[2026-08-19 20:44:53Z INFO ScriptHandler] Location: 'C:\Windows\system32\bash.EXE'
[2026-08-19 20:44:53Z INFO ProcessInvokerWrapper] Starting process:
[2026-08-19 20:44:53Z INFO ProcessInvokerWrapper]   File name: 'C:\Windows\system32\bash.EXE'
[2026-08-19 20:44:53Z INFO ProcessInvokerWrapper]   Arguments: '--noprofile --norc -e -o pipefail E:\devops\Complete Terraform\terraform\terraform 15AUG\terraform15Aug\actions-runner\_work\_temp\b2818612-3dc4-4382-9dd6-8f7015d2a42b.sh'
[2026-08-19 20:44:53Z INFO ProcessInvokerWrapper]   Working directory: 'E:\devops\Complete Terraform\terraform\terraform 15AUG\terraform15Aug\actions-runner\_work\terraform15Aug\terraform15Aug'
[2026-08-19 20:44:53Z INFO ProcessInvokerWrapper]   Require exit code zero: 'False'
[2026-08-19 20:44:53Z INFO ProcessInvokerWrapper]   Encoding web name:  ; code page: ''
[2026-08-19 20:44:53Z INFO ProcessInvokerWrapper]   Force kill process on cancellation: 'False'
[2026-08-19 20:44:53Z INFO ProcessInvokerWrapper]   Redirected STDIN: 'False'
[2026-08-19 20:44:53Z INFO ProcessInvokerWrapper]   Persist current code page: 'True'
[2026-08-19 20:44:53Z INFO ProcessInvokerWrapper]   Keep redirected STDIN open: 'False'
[2026-08-19 20:44:53Z INFO ProcessInvokerWrapper]   High priority process: 'False'
[2026-08-19 20:44:53Z INFO ProcessInvokerWrapper] Process started with process id 14544, waiting for process exit.
[2026-08-19 20:44:53Z INFO JobServerQueue] Try to upload 1 log files or attachments, success rate: 1/1.
[2026-08-19 20:44:54Z INFO HostContext] Well known directory 'Bin': 'E:\devops\Complete Terraform\terraform\terraform 15AUG\terraform15Aug\actions-runner\bin'
[2026-08-19 20:44:54Z INFO HostContext] Well known directory 'Root': 'E:\devops\Complete Terraform\terraform\terraform 15AUG\terraform15Aug\actions-runner'
[2026-08-19 20:44:54Z INFO HostContext] Well known directory 'Work': 'E:\devops\Complete Terraform\terraform\terraform 15AUG\terraform15Aug\actions-runner\_work'
[2026-08-19 20:44:54Z INFO JobServerQueue] Got a step log file to send to results service.
[2026-08-19 20:44:54Z INFO JobServerQueue] Starting upload of step log file to results service ResultsLog, E:\devops\Complete Terraform\terraform\terraform 15AUG\terraform15Aug\actions-runner\_diag\blocks\7983c82a-9ef7-4101-8b16-8dc60421bf78_1d9ac231-3a8f-4aed-b1a6-2743d65810c8.1
[2026-08-19 20:44:54Z INFO JobServerQueue] Try to append 1 batches web console lines for record '677415bc-6ee8-43d0-a29a-31f8bd812181', success rate: 1/1.
[2026-08-19 20:44:56Z INFO JobServerQueue] Tried to upload 1 file(s) to results, success rate: 1/1.
[2026-08-19 20:44:58Z INFO ProcessInvokerWrapper] STDOUT/STDERR stream read finished.
[2026-08-19 20:44:58Z INFO ProcessInvokerWrapper] STDOUT/STDERR stream read finished.
[2026-08-19 20:44:58Z INFO ProcessInvokerWrapper] Finished process 14544 with exit code 1, and elapsed time 00:00:04.5185421.
[2026-08-19 20:44:58Z INFO CreateStepSummaryCommand] Step Summary file (E:\devops\Complete Terraform\terraform\terraform 15AUG\terraform15Aug\actions-runner\_work\_temp\_runner_file_commands\step_summary_9f2bfbd1-3217-4d0f-b96c-871547f556bf) is empty; skipping attachment upload
[2026-08-19 20:44:58Z INFO StepsRunner] Step result: Failed
[2026-08-19 20:44:58Z INFO ExecutionContext] Publish step telemetry for current step {
  "action": "bash",
  "type": "run",
  "stage": "Main",
  "stepId": "677415bc-6ee8-43d0-a29a-31f8bd812181",
  "stepContextName": "__run",
  "result": "failed",
  "errorMessages": [
    "Process completed with exit code 1."
  ],
  "executionTimeInSeconds": 5,
  "startTime": "2026-08-19T20:44:53.5572241Z",
  "finishTime": "2026-08-19T20:44:58.1782153Z"
}.
[2026-08-19 20:44:58Z INFO StepsRunner] Update job result with current step result 'Failed'.
[2026-08-19 20:44:58Z INFO StepsRunner] Current state: job state = 'Failed'
[2026-08-19 20:44:58Z INFO StepsRunner] Processing step: DisplayName='Setup Terraform'
[2026-08-19 20:44:58Z INFO StepsRunner] Evaluating: success()
[2026-08-19 20:44:58Z INFO StepsRunner] Result: false
[2026-08-19 20:44:58Z INFO StepsRunner] Skipping step due to condition evaluation.
[2026-08-19 20:44:58Z INFO StepsRunner] No need for updating job result with current step result 'Skipped'.
[2026-08-19 20:44:58Z INFO StepsRunner] Current state: job state = 'Failed'
[2026-08-19 20:44:58Z INFO StepsRunner] Processing step: DisplayName='Terraform Version'
[2026-08-19 20:44:58Z INFO JobServerQueue] Try to append 1 batches web console lines for record '677415bc-6ee8-43d0-a29a-31f8bd812181', success rate: 1/1.
[2026-08-19 20:44:58Z INFO StepsRunner] Evaluating: success()
[2026-08-19 20:44:58Z INFO StepsRunner] Result: false
[2026-08-19 20:44:58Z INFO StepsRunner] Skipping step due to condition evaluation.
[2026-08-19 20:44:58Z INFO StepsRunner] No need for updating job result with current step result 'Skipped'.
[2026-08-19 20:44:58Z INFO StepsRunner] Current state: job state = 'Failed'
[2026-08-19 20:44:58Z INFO StepsRunner] Processing step: DisplayName='Terraform Format Check'
[2026-08-19 20:44:58Z INFO StepsRunner] Evaluating: success()
[2026-08-19 20:44:58Z INFO StepsRunner] Result: false
[2026-08-19 20:44:58Z INFO StepsRunner] Skipping step due to condition evaluation.
[2026-08-19 20:44:58Z INFO StepsRunner] No need for updating job result with current step result 'Skipped'.
[2026-08-19 20:44:58Z INFO StepsRunner] Current state: job state = 'Failed'
[2026-08-19 20:44:58Z INFO StepsRunner] Processing step: DisplayName='Terraform Init'
[2026-08-19 20:44:58Z INFO StepsRunner] Evaluating: success()
[2026-08-19 20:44:58Z INFO StepsRunner] Result: false
[2026-08-19 20:44:58Z INFO StepsRunner] Skipping step due to condition evaluation.
[2026-08-19 20:44:58Z INFO StepsRunner] No need for updating job result with current step result 'Skipped'.
[2026-08-19 20:44:58Z INFO StepsRunner] Current state: job state = 'Failed'
[2026-08-19 20:44:58Z INFO StepsRunner] Processing step: DisplayName='Terraform Validate'
[2026-08-19 20:44:58Z INFO StepsRunner] Evaluating: success()
[2026-08-19 20:44:58Z INFO StepsRunner] Result: false
[2026-08-19 20:44:58Z INFO StepsRunner] Skipping step due to condition evaluation.
[2026-08-19 20:44:58Z INFO StepsRunner] No need for updating job result with current step result 'Skipped'.
[2026-08-19 20:44:58Z INFO StepsRunner] Current state: job state = 'Failed'
[2026-08-19 20:44:58Z INFO StepsRunner] Processing step: DisplayName='Terraform Plan'
[2026-08-19 20:44:58Z INFO StepsRunner] Evaluating: success()
[2026-08-19 20:44:58Z INFO StepsRunner] Result: false
[2026-08-19 20:44:58Z INFO StepsRunner] Skipping step due to condition evaluation.
[2026-08-19 20:44:58Z INFO StepsRunner] No need for updating job result with current step result 'Skipped'.
[2026-08-19 20:44:58Z INFO StepsRunner] Current state: job state = 'Failed'
[2026-08-19 20:44:58Z INFO StepsRunner] Processing step: DisplayName='Post Checkout Code'
[2026-08-19 20:44:58Z INFO StepsRunner] Evaluating: always()
[2026-08-19 20:44:58Z INFO StepsRunner] Result: true
[2026-08-19 20:44:58Z INFO StepsRunner] Starting the step.
[2026-08-19 20:44:58Z INFO HostContext] Well known directory 'Bin': 'E:\devops\Complete Terraform\terraform\terraform 15AUG\terraform15Aug\actions-runner\bin'
[2026-08-19 20:44:58Z INFO HostContext] Well known directory 'Root': 'E:\devops\Complete Terraform\terraform\terraform 15AUG\terraform15Aug\actions-runner'
[2026-08-19 20:44:58Z INFO HostContext] Well known directory 'Work': 'E:\devops\Complete Terraform\terraform\terraform 15AUG\terraform15Aug\actions-runner\_work'
[2026-08-19 20:44:58Z INFO StepsRunner] Which2: 'chcp'
[2026-08-19 20:44:58Z INFO StepsRunner] Location: 'C:\Windows\system32\chcp.COM'
[2026-08-19 20:44:58Z INFO ProcessInvokerWrapper] Starting process:
[2026-08-19 20:44:58Z INFO ProcessInvokerWrapper]   File name: 'C:\Windows\system32\chcp.COM'
[2026-08-19 20:44:58Z INFO ProcessInvokerWrapper]   Arguments: '65001'
[2026-08-19 20:44:58Z INFO ProcessInvokerWrapper]   Working directory: 'E:\devops\Complete Terraform\terraform\terraform 15AUG\terraform15Aug\actions-runner\_work'
[2026-08-19 20:44:58Z INFO ProcessInvokerWrapper]   Require exit code zero: 'False'
[2026-08-19 20:44:58Z INFO ProcessInvokerWrapper]   Encoding web name:  ; code page: ''
[2026-08-19 20:44:58Z INFO ProcessInvokerWrapper]   Force kill process on cancellation: 'False'
[2026-08-19 20:44:58Z INFO ProcessInvokerWrapper]   Redirected STDIN: 'False'
[2026-08-19 20:44:58Z INFO ProcessInvokerWrapper]   Persist current code page: 'True'
[2026-08-19 20:44:58Z INFO ProcessInvokerWrapper]   Keep redirected STDIN open: 'False'
[2026-08-19 20:44:58Z INFO ProcessInvokerWrapper]   High priority process: 'False'
[2026-08-19 20:44:58Z INFO ProcessInvokerWrapper] Process started with process id 12612, waiting for process exit.
[2026-08-19 20:44:58Z INFO ProcessInvokerWrapper] STDOUT/STDERR stream read finished.
[2026-08-19 20:44:58Z INFO ProcessInvokerWrapper] STDOUT/STDERR stream read finished.
[2026-08-19 20:44:58Z INFO ProcessInvokerWrapper] Finished process 12612 with exit code 0, and elapsed time 00:00:00.1147503.
[2026-08-19 20:44:58Z INFO StepsRunner] Successfully returned to code page 65001 (UTF8)
[2026-08-19 20:44:58Z INFO HostContext] Well known directory 'Bin': 'E:\devops\Complete Terraform\terraform\terraform 15AUG\terraform15Aug\actions-runner\bin'
[2026-08-19 20:44:58Z INFO HostContext] Well known directory 'Root': 'E:\devops\Complete Terraform\terraform\terraform 15AUG\terraform15Aug\actions-runner'
[2026-08-19 20:44:58Z INFO HostContext] Well known directory 'Work': 'E:\devops\Complete Terraform\terraform\terraform 15AUG\terraform15Aug\actions-runner\_work'
[2026-08-19 20:44:58Z INFO HostContext] Well known directory 'Actions': 'E:\devops\Complete Terraform\terraform\terraform 15AUG\terraform15Aug\actions-runner\_work\_actions'
[2026-08-19 20:44:58Z INFO ActionManager] Load action that reference repository from 'E:\devops\Complete Terraform\terraform\terraform 15AUG\terraform15Aug\actions-runner\_work\_actions\actions\checkout\v4'
[2026-08-19 20:44:58Z INFO HostContext] Well known directory 'Bin': 'E:\devops\Complete Terraform\terraform\terraform 15AUG\terraform15Aug\actions-runner\bin'
[2026-08-19 20:44:58Z INFO HostContext] Well known directory 'Root': 'E:\devops\Complete Terraform\terraform\terraform 15AUG\terraform15Aug\actions-runner'
[2026-08-19 20:44:58Z INFO HostContext] Well known directory 'Work': 'E:\devops\Complete Terraform\terraform\terraform 15AUG\terraform15Aug\actions-runner\_work'
[2026-08-19 20:44:58Z INFO HostContext] Well known directory 'Actions': 'E:\devops\Complete Terraform\terraform\terraform 15AUG\terraform15Aug\actions-runner\_work\_actions'
[2026-08-19 20:44:58Z INFO ActionManifestManagerLegacy] Loaded action.yml file: {
  "name": "Checkout",
  "description": "Checkout a Git repository at a particular version",
  "inputs": {
    "type": 2,
    "map": [
      {
        "key": {
          "type": 0,
          "file": 2,
          "line": 4,
          "col": 3,
          "lit": "repository"
        },
        "value": {
          "type": 3,
          "file": 2,
          "line": 6,
          "col": 14,
          "expr": "github.repository"
        }
      },
      {
        "key": {
          "type": 0,
          "file": 2,
          "line": 7,
          "col": 3,
          "lit": "ref"
        },
        "value": ""
      },
      {
        "key": {
          "type": 0,
          "file": 2,
          "line": 12,
          "col": 3,
          "lit": "token"
        },
        "value": {
          "type": 3,
          "file": 2,
          "line": 24,
          "col": 14,
          "expr": "github.token"
        }
      },
      {
        "key": {
          "type": 0,
          "file": 2,
          "line": 25,
          "col": 3,
          "lit": "ssh-key"
        },
        "value": ""
      },
      {
        "key": {
          "type": 0,
          "file": 2,
          "line": 37,
          "col": 3,
          "lit": "ssh-known-hosts"
        },
        "value": ""
      },
      {
        "key": {
          "type": 0,
          "file": 2,
          "line": 42,
          "col": 3,
          "lit": "ssh-strict"
        },
        "value": {
          "type": 0,
          "file": 2,
          "line": 47,
          "col": 14,
          "lit": "true"
        }
      },
      {
        "key": {
          "type": 0,
          "file": 2,
          "line": 48,
          "col": 3,
          "lit": "ssh-user"
        },
        "value": {
          "type": 0,
          "file": 2,
          "line": 51,
          "col": 14,
          "lit": "git"
        }
      },
      {
        "key": {
          "type": 0,
          "file": 2,
          "line": 52,
          "col": 3,
          "lit": "persist-credentials"
        },
        "value": {
          "type": 0,
          "file": 2,
          "line": 54,
          "col": 14,
          "lit": "true"
        }
      },
      {
        "key": {
          "type": 0,
          "file": 2,
          "line": 55,
          "col": 3,
          "lit": "path"
        },
        "value": ""
      },
      {
        "key": {
          "type": 0,
          "file": 2,
          "line": 57,
          "col": 3,
          "lit": "clean"
        },
        "value": {
          "type": 0,
          "file": 2,
          "line": 59,
          "col": 14,
          "lit": "true"
        }
      },
      {
        "key": {
          "type": 0,
          "file": 2,
          "line": 60,
          "col": 3,
          "lit": "filter"
        },
        "value": {
          "type": 0,
          "file": 2,
          "line": 64,
          "col": 14,
          "lit": ""
        }
      },
      {
        "key": {
          "type": 0,
          "file": 2,
          "line": 65,
          "col": 3,
          "lit": "sparse-checkout"
        },
        "value": {
          "type": 0,
          "file": 2,
          "line": 69,
          "col": 14,
          "lit": ""
        }
      },
      {
        "key": {
          "type": 0,
          "file": 2,
          "line": 70,
          "col": 3,
          "lit": "sparse-checkout-cone-mode"
        },
        "value": {
          "type": 0,
          "file": 2,
          "line": 73,
          "col": 14,
          "lit": "true"
        }
      },
      {
        "key": {
          "type": 0,
          "file": 2,
          "line": 74,
          "col": 3,
          "lit": "fetch-depth"
        },
        "value": {
          "type": 0,
          "file": 2,
          "line": 76,
          "col": 14,
          "lit": "1"
        }
      },
      {
        "key": {
          "type": 0,
          "file": 2,
          "line": 77,
          "col": 3,
          "lit": "fetch-tags"
        },
        "value": {
          "type": 0,
          "file": 2,
          "line": 79,
          "col": 14,
          "lit": "false"
        }
      },
      {
        "key": {
          "type": 0,
          "file": 2,
          "line": 80,
          "col": 3,
          "lit": "show-progress"
        },
        "value": {
          "type": 0,
          "file": 2,
          "line": 82,
          "col": 14,
          "lit": "true"
        }
      },
      {
        "key": {
          "type": 0,
          "file": 2,
          "line": 83,
          "col": 3,
          "lit": "lfs"
        },
        "value": {
          "type": 0,
          "file": 2,
          "line": 85,
          "col": 14,
          "lit": "false"
        }
      },
      {
        "key": {
          "type": 0,
          "file": 2,
          "line": 86,
          "col": 3,
          "lit": "submodules"
        },
        "value": {
          "type": 0,
          "file": 2,
          "line": 94,
          "col": 14,
          "lit": "false"
        }
      },
      {
        "key": {
          "type": 0,
          "file": 2,
          "line": 95,
          "col": 3,
          "lit": "set-safe-directory"
        },
        "value": {
          "type": 0,
          "file": 2,
          "line": 97,
          "col": 14,
          "lit": "true"
        }
      },
      {
        "key": {
          "type": 0,
          "file": 2,
          "line": 98,
          "col": 3,
          "lit": "github-server-url"
        },
        "value": ""
      },
      {
        "key": {
          "type": 0,
          "file": 2,
          "line": 101,
          "col": 3,
          "lit": "allow-unsafe-pr-checkout"
        },
        "value": {
          "type": 0,
          "file": 2,
          "line": 109,
          "col": 14,
          "lit": "false"
        }
      }
    ]
  },
  "execution": {
    "executionType": "nodeJS",
    "hasPre": false,
    "hasPost": true,
    "script": "dist/index.js",
    "pre": null,
    "post": "dist/index.js",
    "nodeVersion": "node20",
    "cleanupCondition": "always()",
    "initCondition": "always()"
  },
  "deprecated": null
}
[2026-08-19 20:44:58Z INFO ActionManager] Action pre node.js file: N/A.
[2026-08-19 20:44:58Z INFO ActionManager] Action node.js file: dist/index.js.
[2026-08-19 20:44:58Z INFO ActionManager] Action post node.js file: dist/index.js.
[2026-08-19 20:44:58Z INFO HostContext] Well known directory 'Bin': 'E:\devops\Complete Terraform\terraform\terraform 15AUG\terraform15Aug\actions-runner\bin'
[2026-08-19 20:44:58Z INFO HostContext] Well known directory 'Root': 'E:\devops\Complete Terraform\terraform\terraform 15AUG\terraform15Aug\actions-runner'
[2026-08-19 20:44:58Z INFO HostContext] Well known directory 'Work': 'E:\devops\Complete Terraform\terraform\terraform 15AUG\terraform15Aug\actions-runner\_work'
[2026-08-19 20:44:58Z INFO HostContext] Well known directory 'Temp': 'E:\devops\Complete Terraform\terraform\terraform 15AUG\terraform15Aug\actions-runner\_work\_temp'
[2026-08-19 20:44:58Z INFO ExecutionContext] Write event payload to E:\devops\Complete Terraform\terraform\terraform 15AUG\terraform15Aug\actions-runner\_work\_temp\_github_workflow\event.json
[2026-08-19 20:44:58Z INFO HostContext] Well known directory 'Bin': 'E:\devops\Complete Terraform\terraform\terraform 15AUG\terraform15Aug\actions-runner\bin'
[2026-08-19 20:44:58Z INFO HostContext] Well known directory 'Root': 'E:\devops\Complete Terraform\terraform\terraform 15AUG\terraform15Aug\actions-runner'
[2026-08-19 20:44:58Z INFO HostContext] Well known directory 'Work': 'E:\devops\Complete Terraform\terraform\terraform 15AUG\terraform15Aug\actions-runner\_work'
[2026-08-19 20:44:58Z INFO HostContext] Well known directory 'Temp': 'E:\devops\Complete Terraform\terraform\terraform 15AUG\terraform15Aug\actions-runner\_work\_temp'
[2026-08-19 20:44:58Z INFO ExtensionManager] Getting extensions for interface: 'GitHub.Runner.Worker.IFileCommandExtension'
[2026-08-19 20:44:58Z INFO ActionManifestManagerLegacy] Input 'repository': default value evaluate result: {
  "type": 0,
  "file": 2,
  "line": 6,
  "col": 14,
  "lit": "rahulsharma582/terraform15Aug"
}
[2026-08-19 20:44:58Z INFO ActionManifestManagerLegacy] Input 'ref': default value evaluate result: ""
[2026-08-19 20:44:58Z INFO ActionManifestManagerLegacy] Input 'token': default value evaluate result: {
  "type": 0,
  "file": 2,
  "line": 24,
  "col": 14,
  "lit": "***"
}
[2026-08-19 20:44:58Z INFO ActionManifestManagerLegacy] Input 'ssh-key': default value evaluate result: ""
[2026-08-19 20:44:58Z INFO ActionManifestManagerLegacy] Input 'ssh-known-hosts': default value evaluate result: ""
[2026-08-19 20:44:58Z INFO ActionManifestManagerLegacy] Input 'ssh-strict': default value evaluate result: {
  "type": 0,
  "file": 2,
  "line": 47,
  "col": 14,
  "lit": "true"
}
[2026-08-19 20:44:58Z INFO ActionManifestManagerLegacy] Input 'ssh-user': default value evaluate result: {
  "type": 0,
  "file": 2,
  "line": 51,
  "col": 14,
  "lit": "git"
}
[2026-08-19 20:44:58Z INFO ActionManifestManagerLegacy] Input 'persist-credentials': default value evaluate result: {
  "type": 0,
  "file": 2,
  "line": 54,
  "col": 14,
  "lit": "true"
}
[2026-08-19 20:44:58Z INFO ActionManifestManagerLegacy] Input 'path': default value evaluate result: ""
[2026-08-19 20:44:58Z INFO ActionManifestManagerLegacy] Input 'clean': default value evaluate result: {
  "type": 0,
  "file": 2,
  "line": 59,
  "col": 14,
  "lit": "true"
}
[2026-08-19 20:44:58Z INFO ActionManifestManagerLegacy] Input 'filter': default value evaluate result: {
  "type": 0,
  "file": 2,
  "line": 64,
  "col": 14,
  "lit": ""
}
[2026-08-19 20:44:58Z INFO ActionManifestManagerLegacy] Input 'sparse-checkout': default value evaluate result: {
  "type": 0,
  "file": 2,
  "line": 69,
  "col": 14,
  "lit": ""
}
[2026-08-19 20:44:58Z INFO ActionManifestManagerLegacy] Input 'sparse-checkout-cone-mode': default value evaluate result: {
  "type": 0,
  "file": 2,
  "line": 73,
  "col": 14,
  "lit": "true"
}
[2026-08-19 20:44:58Z INFO ActionManifestManagerLegacy] Input 'fetch-depth': default value evaluate result: {
  "type": 0,
  "file": 2,
  "line": 76,
  "col": 14,
  "lit": "1"
}
[2026-08-19 20:44:58Z INFO ActionManifestManagerLegacy] Input 'fetch-tags': default value evaluate result: {
  "type": 0,
  "file": 2,
  "line": 79,
  "col": 14,
  "lit": "false"
}
[2026-08-19 20:44:58Z INFO ActionManifestManagerLegacy] Input 'show-progress': default value evaluate result: {
  "type": 0,
  "file": 2,
  "line": 82,
  "col": 14,
  "lit": "true"
}
[2026-08-19 20:44:58Z INFO ActionManifestManagerLegacy] Input 'lfs': default value evaluate result: {
  "type": 0,
  "file": 2,
  "line": 85,
  "col": 14,
  "lit": "false"
}
[2026-08-19 20:44:58Z INFO ActionManifestManagerLegacy] Input 'submodules': default value evaluate result: {
  "type": 0,
  "file": 2,
  "line": 94,
  "col": 14,
  "lit": "false"
}
[2026-08-19 20:44:58Z INFO ActionManifestManagerLegacy] Input 'set-safe-directory': default value evaluate result: {
  "type": 0,
  "file": 2,
  "line": 97,
  "col": 14,
  "lit": "true"
}
[2026-08-19 20:44:58Z INFO ActionManifestManagerLegacy] Input 'github-server-url': default value evaluate result: ""
[2026-08-19 20:44:58Z INFO ActionManifestManagerLegacy] Input 'allow-unsafe-pr-checkout': default value evaluate result: {
  "type": 0,
  "file": 2,
  "line": 109,
  "col": 14,
  "lit": "false"
}
[2026-08-19 20:44:58Z INFO ExtensionManager] Getting extensions for interface: 'GitHub.Runner.Worker.IActionCommandExtension'
[2026-08-19 20:44:58Z INFO ActionCommandManager] Register action command extension for command internal-set-repo-path
[2026-08-19 20:44:58Z INFO ActionCommandManager] Register action command extension for command set-env
[2026-08-19 20:44:58Z INFO ActionCommandManager] Register action command extension for command set-output
[2026-08-19 20:44:58Z INFO ActionCommandManager] Register action command extension for command save-state
[2026-08-19 20:44:58Z INFO ActionCommandManager] Register action command extension for command add-path
[2026-08-19 20:44:58Z INFO ActionCommandManager] Register action command extension for command add-mask
[2026-08-19 20:44:58Z INFO ActionCommandManager] Register action command extension for command add-matcher
[2026-08-19 20:44:58Z INFO ActionCommandManager] Register action command extension for command remove-matcher
[2026-08-19 20:44:58Z INFO ActionCommandManager] Register action command extension for command warning
[2026-08-19 20:44:58Z INFO ActionCommandManager] Register action command extension for command error
[2026-08-19 20:44:58Z INFO ActionCommandManager] Register action command extension for command notice
[2026-08-19 20:44:58Z INFO ActionCommandManager] Register action command extension for command debug
[2026-08-19 20:44:58Z INFO ActionCommandManager] Register action command extension for command group
[2026-08-19 20:44:58Z INFO ActionCommandManager] Register action command extension for command endgroup
[2026-08-19 20:44:58Z INFO ActionCommandManager] Register action command extension for command echo
[2026-08-19 20:44:58Z INFO HostContext] Well known directory 'Bin': 'E:\devops\Complete Terraform\terraform\terraform 15AUG\terraform15Aug\actions-runner\bin'
[2026-08-19 20:44:58Z INFO HostContext] Well known directory 'Root': 'E:\devops\Complete Terraform\terraform\terraform 15AUG\terraform15Aug\actions-runner'
[2026-08-19 20:44:58Z INFO HostContext] Well known directory 'Externals': 'E:\devops\Complete Terraform\terraform\terraform 15AUG\terraform15Aug\actions-runner\externals'
[2026-08-19 20:44:58Z INFO ProcessInvokerWrapper] Starting process:
[2026-08-19 20:44:58Z INFO ProcessInvokerWrapper]   File name: 'E:\devops\Complete Terraform\terraform\terraform 15AUG\terraform15Aug\actions-runner\externals\node24\bin\node.exe'
[2026-08-19 20:44:58Z INFO ProcessInvokerWrapper]   Arguments: '"E:\devops\Complete Terraform\terraform\terraform 15AUG\terraform15Aug\actions-runner\_work\_actions\actions\checkout\v4\dist/index.js"'
[2026-08-19 20:44:58Z INFO ProcessInvokerWrapper]   Working directory: 'E:\devops\Complete Terraform\terraform\terraform 15AUG\terraform15Aug\actions-runner\_work\terraform15Aug\terraform15Aug'
[2026-08-19 20:44:58Z INFO ProcessInvokerWrapper]   Require exit code zero: 'False'
[2026-08-19 20:44:58Z INFO ProcessInvokerWrapper]   Encoding web name: utf-8 ; code page: '65001'
[2026-08-19 20:44:58Z INFO ProcessInvokerWrapper]   Force kill process on cancellation: 'False'
[2026-08-19 20:44:58Z INFO ProcessInvokerWrapper]   Redirected STDIN: 'False'
[2026-08-19 20:44:58Z INFO ProcessInvokerWrapper]   Persist current code page: 'True'
[2026-08-19 20:44:58Z INFO ProcessInvokerWrapper]   Keep redirected STDIN open: 'False'
[2026-08-19 20:44:58Z INFO ProcessInvokerWrapper]   High priority process: 'False'
[2026-08-19 20:44:58Z INFO ProcessInvokerWrapper] Process started with process id 5892, waiting for process exit.
[2026-08-19 20:44:58Z INFO JobServerQueue] Try to append 1 batches web console lines for record 'cd92a655-e934-4876-adde-0176c5022e8d', success rate: 1/1.
[2026-08-19 20:44:58Z INFO JobServerQueue] Try to upload 1 log files or attachments, success rate: 1/1.
[2026-08-19 20:44:59Z INFO JobServerQueue] Got a step log file to send to results service.
[2026-08-19 20:44:59Z INFO JobServerQueue] Starting upload of step log file to results service ResultsLog, E:\devops\Complete Terraform\terraform\terraform 15AUG\terraform15Aug\actions-runner\_diag\blocks\7983c82a-9ef7-4101-8b16-8dc60421bf78_677415bc-6ee8-43d0-a29a-31f8bd812181.1
[2026-08-19 20:44:59Z INFO AddMaskCommandExtension] Add new secret mask with length of 32
[2026-08-19 20:44:59Z INFO JobServerQueue] Try to append 1 batches web console lines for record 'cd92a655-e934-4876-adde-0176c5022e8d', success rate: 1/1.
[2026-08-19 20:45:00Z INFO JobServerQueue] Try to append 1 batches web console lines for record 'cd92a655-e934-4876-adde-0176c5022e8d', success rate: 1/1.
[2026-08-19 20:45:02Z INFO ProcessInvokerWrapper] STDOUT/STDERR stream read finished.
[2026-08-19 20:45:02Z INFO ProcessInvokerWrapper] STDOUT/STDERR stream read finished.
[2026-08-19 20:45:02Z INFO ProcessInvokerWrapper] Finished process 5892 with exit code 0, and elapsed time 00:00:03.7484821.
[2026-08-19 20:45:02Z INFO CreateStepSummaryCommand] Step Summary file (E:\devops\Complete Terraform\terraform\terraform 15AUG\terraform15Aug\actions-runner\_work\_temp\_runner_file_commands\step_summary_0484a8a4-6888-43c0-ba18-3c6dd0f56bed) is empty; skipping attachment upload
[2026-08-19 20:45:02Z INFO StepsRunner] Step result: 
[2026-08-19 20:45:02Z INFO ExecutionContext] Publish step telemetry for current step {
  "action": "actions/checkout",
  "ref": "v4",
  "type": "node24",
  "stage": "Post",
  "stepId": "cd92a655-e934-4876-adde-0176c5022e8d",
  "result": "succeeded",
  "errorMessages": [
    "The process 'C:\\Program Files\\Git\\cmd\\git.exe' failed with exit code 128"
  ],
  "executionTimeInSeconds": 4,
  "startTime": "2026-08-19T20:44:58.229973Z",
  "finishTime": "2026-08-19T20:45:02.1960581Z"
}.
[2026-08-19 20:45:02Z INFO StepsRunner] No need for updating job result with current step result 'Succeeded'.
[2026-08-19 20:45:02Z INFO StepsRunner] Current state: job state = 'Failed'
[2026-08-19 20:45:02Z INFO JobRunner] Finalize job.
[2026-08-19 20:45:02Z INFO HostContext] Well known directory 'Bin': 'E:\devops\Complete Terraform\terraform\terraform 15AUG\terraform15Aug\actions-runner\bin'
[2026-08-19 20:45:02Z INFO HostContext] Well known directory 'Root': 'E:\devops\Complete Terraform\terraform\terraform 15AUG\terraform15Aug\actions-runner'
[2026-08-19 20:45:02Z INFO HostContext] Well known directory 'Diag': 'E:\devops\Complete Terraform\terraform\terraform 15AUG\terraform15Aug\actions-runner\_diag'
[2026-08-19 20:45:02Z INFO HostContext] Well known directory 'Bin': 'E:\devops\Complete Terraform\terraform\terraform 15AUG\terraform15Aug\actions-runner\bin'
[2026-08-19 20:45:02Z INFO HostContext] Well known directory 'Root': 'E:\devops\Complete Terraform\terraform\terraform 15AUG\terraform15Aug\actions-runner'
[2026-08-19 20:45:02Z INFO HostContext] Well known directory 'Diag': 'E:\devops\Complete Terraform\terraform\terraform 15AUG\terraform15Aug\actions-runner\_diag'
[2026-08-19 20:45:02Z INFO JobExtension] Initialize Env context
[2026-08-19 20:45:02Z INFO JobExtension] Initialize steps context
[2026-08-19 20:45:02Z INFO JobExtension] Total accessible running process: 246.
[2026-08-19 20:45:02Z INFO JobExtension] Inspecting process environment variables. PID: 6248 (vmwp)
[2026-08-19 20:45:02Z WARN JobExtension] Ignore exception during read process environment variables: Access is denied.
[2026-08-19 20:45:02Z INFO JobExtension] Inspecting process environment variables. PID: 5284 (vmmemWSL)
[2026-08-19 20:45:02Z WARN JobExtension] Ignore exception during read process environment variables: Access is denied.
[2026-08-19 20:45:02Z INFO JobExtension] Inspecting process environment variables. PID: 15164 (dllhost)
[2026-08-19 20:45:02Z INFO JobServerQueue] Try to append 1 batches web console lines for record 'cd92a655-e934-4876-adde-0176c5022e8d', success rate: 1/1.
[2026-08-19 20:45:02Z INFO JobServerQueue] Try to append 1 batches web console lines for record 'c108ddc3-26ef-4245-9809-408c3281069f', success rate: 1/1.
[2026-08-19 20:45:02Z INFO JobExtension] Inspecting process environment variables. PID: 4804 (WmiPrvSE)
[2026-08-19 20:45:02Z WARN JobExtension] Ignore exception during read process environment variables: Access is denied.
[2026-08-19 20:45:02Z INFO JobExtension] Inspecting process environment variables. PID: 11892 (WmiPrvSE)
[2026-08-19 20:45:02Z WARN JobExtension] Ignore exception during read process environment variables: Access is denied.
[2026-08-19 20:45:02Z INFO JobExtension] Inspecting process environment variables. PID: 5404 (dllhost)
[2026-08-19 20:45:02Z INFO JobExtension] Inspecting process environment variables. PID: 13448 (wslrelay)
[2026-08-19 20:45:02Z INFO JobExtension] Inspecting process environment variables. PID: 14464 (wslhost)
[2026-08-19 20:45:02Z INFO JobExtension] Inspecting process environment variables. PID: 13668 (conhost)
[2026-08-19 20:45:02Z INFO JobExtension] Inspecting process environment variables. PID: 1156 (wslhost)
[2026-08-19 20:45:02Z INFO JobExtension] Inspecting process environment variables. PID: 11372 (conhost)
[2026-08-19 20:45:02Z INFO JobExtension] Inspecting process environment variables. PID: 14348 (msrdc)
[2026-08-19 20:45:02Z INFO JobExtension] Wait for all connectivity checks to finish.
[2026-08-19 20:45:02Z INFO JobExtension] Connectivity check result: {
  "endpointUrl": "https://broker.actions.githubusercontent.com/health",
  "endpointIPs": null,
  "startTime": "2026-08-19T20:43:33.9247599Z",
  "statusCode": "http_OK",
  "requestId": "D4B2:C51FE:16ADC8E:16EEB26:6A861578",
  "httpRequestDurationInMs": 700,
  "dnsResolutionDurationInMs": 0,
  "dnsError": null
}
[2026-08-19 20:45:02Z INFO JobExtension] Connectivity check result: {
  "endpointUrl": "https://token.actions.githubusercontent.com/ready",
  "endpointIPs": null,
  "startTime": "2026-08-19T20:43:33.9276683Z",
  "statusCode": "http_NoContent",
  "requestId": "D4B1:3A5D18:16E5C82:1969C62:6A861578",
  "httpRequestDurationInMs": 729,
  "dnsResolutionDurationInMs": 0,
  "dnsError": null
}
[2026-08-19 20:45:02Z INFO JobExtension] Connectivity check result: {
  "endpointUrl": "https://run.actions.githubusercontent.com/health",
  "endpointIPs": null,
  "startTime": "2026-08-19T20:43:33.9289607Z",
  "statusCode": "http_OK",
  "requestId": "D4B3:C62BB:174221C:178320A:6A861578",
  "httpRequestDurationInMs": 683,
  "dnsResolutionDurationInMs": 0,
  "dnsError": null
}
[2026-08-19 20:45:02Z INFO ExecutionContext] Publish step telemetry for current step {
  "action": "complete_job",
  "type": "runner",
  "stage": "Post",
  "stepId": "c108ddc3-26ef-4245-9809-408c3281069f",
  "result": "succeeded",
  "errorMessages": [
    "Node.js 20 is deprecated. The following actions target Node.js 20 but are being forced to run on Node.js 24: actions/checkout@v4. For more information see: https://github.blog/changelog/2025-09-19-deprecation-of-node-20-on-github-actions-runners/"
  ],
  "executionTimeInSeconds": 1,
  "startTime": "2026-08-19T20:45:02.2102398Z",
  "finishTime": "2026-08-19T20:45:02.4032264Z"
}.
[2026-08-19 20:45:02Z INFO JobRunner] Job result after all job steps finish: Failed
[2026-08-19 20:45:02Z INFO JobRunner] Completing the job execution context.
[2026-08-19 20:45:02Z INFO JobRunner] Shutting down the job server queue.
[2026-08-19 20:45:02Z INFO JobServerQueue] Fire signal to shutdown all queues.
[2026-08-19 20:45:04Z INFO JobServerQueue] Tried to upload 1 file(s) to results, success rate: 1/1.
[2026-08-19 20:45:05Z INFO JobServerQueue] All queue process task stopped.
[2026-08-19 20:45:05Z INFO JobServerQueue] Try to append 1 batches web console lines for record 'c108ddc3-26ef-4245-9809-408c3281069f', success rate: 1/1.
[2026-08-19 20:45:05Z INFO JobServerQueue] Web console line queue drained.
[2026-08-19 20:45:05Z INFO JobServerQueue] Uploading 3 files in one shot.
[2026-08-19 20:45:05Z INFO JobServerQueue] Try to upload 3 log files or attachments, success rate: 3/3.
[2026-08-19 20:45:05Z INFO JobServerQueue] File upload queue drained.
[2026-08-19 20:45:05Z INFO JobServerQueue] Starting results-based upload queue...
[2026-08-19 20:45:05Z INFO JobServerQueue] Uploading 3 file(s) in one shot through results service.
[2026-08-19 20:45:05Z INFO JobServerQueue] Got a step log file to send to results service.
[2026-08-19 20:45:05Z INFO JobServerQueue] Starting upload of step log file to results service ResultsLog, E:\devops\Complete Terraform\terraform\terraform 15AUG\terraform15Aug\actions-runner\_diag\blocks\7983c82a-9ef7-4101-8b16-8dc60421bf78_cd92a655-e934-4876-adde-0176c5022e8d.1
[2026-08-19 20:45:10Z INFO JobServerQueue] Got a step log file to send to results service.
[2026-08-19 20:45:10Z INFO JobServerQueue] Starting upload of step log file to results service ResultsLog, E:\devops\Complete Terraform\terraform\terraform 15AUG\terraform15Aug\actions-runner\_diag\blocks\7983c82a-9ef7-4101-8b16-8dc60421bf78_c108ddc3-26ef-4245-9809-408c3281069f.1
[2026-08-19 20:45:12Z INFO JobServerQueue] Got a job log file to send to results service.
[2026-08-19 20:45:12Z INFO JobServerQueue] Starting upload of job log file to results service ResultsLog, E:\devops\Complete Terraform\terraform\terraform 15AUG\terraform15Aug\actions-runner\_diag\blocks\7983c82a-9ef7-4101-8b16-8dc60421bf78_1cbfc559-530b-5217-876a-7c7d5c3dcdf6.1
[2026-08-19 20:45:14Z INFO JobServerQueue] Tried to upload 3 file(s) to results, success rate: 3/3.
[2026-08-19 20:45:14Z INFO JobServerQueue] Results upload queue drained.
[2026-08-19 20:45:14Z INFO JobServerQueue] Timeline update queue drained.
[2026-08-19 20:45:14Z INFO JobServerQueue] Disposing job server ...
[2026-08-19 20:45:14Z INFO JobServerQueue] Disposing results server ...
[2026-08-19 20:45:14Z INFO JobServerQueue] All queue process tasks have been stopped, and all queues are drained.
[2026-08-19 20:45:14Z INFO TempDirectoryManager] Cleaning runner temp folder: E:\devops\Complete Terraform\terraform\terraform 15AUG\terraform15Aug\actions-runner\_work\_temp
[2026-08-19 20:45:14Z INFO HostContext] Well known directory 'Bin': 'E:\devops\Complete Terraform\terraform\terraform 15AUG\terraform15Aug\actions-runner\bin'
[2026-08-19 20:45:14Z INFO HostContext] Well known directory 'Root': 'E:\devops\Complete Terraform\terraform\terraform 15AUG\terraform15Aug\actions-runner'
[2026-08-19 20:45:14Z INFO HostContext] Well known directory 'Diag': 'E:\devops\Complete Terraform\terraform\terraform 15AUG\terraform15Aug\actions-runner\_diag'
[2026-08-19 20:45:14Z INFO HostContext] Well known config file 'Telemetry': 'E:\devops\Complete Terraform\terraform\terraform 15AUG\terraform15Aug\actions-runner\_diag\.telemetry'
[2026-08-19 20:45:14Z INFO JobRunner] Raising job completed against run service
[2026-08-19 20:45:15Z INFO Worker] Job completed.
